<?xml version="1.0" encoding="UTF-8"?>
<gpx version="1.1" creator="Gigatt Permit 3841749 EXACT TRACK" xmlns="http://www.topografix.com/GPX/1/1">
  <trk><name>Permit 3841749 Exact Route (follow this track)</name><trkseg>
    <trkpt lat="41.976861" lon="-75.742247"></trkpt>
    <trkpt lat="41.977052" lon="-75.742359"></trkpt>
    <trkpt lat="41.977405" lon="-75.742577"></trkpt>
    <trkpt lat="41.979689" lon="-75.744087"></trkpt>
    <trkpt lat="41.981268" lon="-75.745142"></trkpt>
    <trkpt lat="41.983083" lon="-75.746352"></trkpt>
    <trkpt lat="41.983393" lon="-75.746566"></trkpt>
    <trkpt lat="41.984551" lon="-75.747318"></trkpt>
    <trkpt lat="41.985025" lon="-75.747608"></trkpt>
    <trkpt lat="41.98554" lon="-75.747897"></trkpt>
    <trkpt lat="41.985919" lon="-75.748096"></trkpt>
    <trkpt lat="41.986236" lon="-75.748256"></trkpt>
    <trkpt lat="41.986551" lon="-75.748405"></trkpt>
    <trkpt lat="41.987007" lon="-75.748609"></trkpt>
    <trkpt lat="41.987337" lon="-75.748748"></trkpt>
    <trkpt lat="41.98761" lon="-75.748856"></trkpt>
    <trkpt lat="41.988039" lon="-75.749021"></trkpt>
    <trkpt lat="41.988434" lon="-75.749156"></trkpt>
    <trkpt lat="41.988724" lon="-75.749249"></trkpt>
    <trkpt lat="41.98948" lon="-75.749465"></trkpt>
    <trkpt lat="41.991313" lon="-75.749962"></trkpt>
    <trkpt lat="41.993412" lon="-75.750534"></trkpt>
    <trkpt lat="41.996594" lon="-75.751398"></trkpt>
    <trkpt lat="41.997888" lon="-75.751754"></trkpt>
    <trkpt lat="41.998142" lon="-75.751825"></trkpt>
    <trkpt lat="42.001248" lon="-75.752674"></trkpt>
    <trkpt lat="42.001411" lon="-75.752728"></trkpt>
    <trkpt lat="42.001675" lon="-75.752821"></trkpt>
    <trkpt lat="42.002086" lon="-75.752972"></trkpt>
    <trkpt lat="42.002372" lon="-75.753085"></trkpt>
    <trkpt lat="42.002762" lon="-75.753258"></trkpt>
    <trkpt lat="42.003189" lon="-75.75346"></trkpt>
    <trkpt lat="42.003493" lon="-75.753615"></trkpt>
    <trkpt lat="42.00383" lon="-75.753798"></trkpt>
    <trkpt lat="42.003997" lon="-75.753896"></trkpt>
    <trkpt lat="42.004459" lon="-75.75418"></trkpt>
    <trkpt lat="42.005054" lon="-75.754581"></trkpt>
    <trkpt lat="42.005368" lon="-75.754802"></trkpt>
    <trkpt lat="42.005841" lon="-75.755168"></trkpt>
    <trkpt lat="42.006513" lon="-75.755744"></trkpt>
    <trkpt lat="42.006904" lon="-75.756099"></trkpt>
    <trkpt lat="42.007289" lon="-75.756496"></trkpt>
    <trkpt lat="42.007609" lon="-75.75684"></trkpt>
    <trkpt lat="42.008255" lon="-75.757583"></trkpt>
    <trkpt lat="42.010088" lon="-75.759858"></trkpt>
    <trkpt lat="42.010547" lon="-75.760415"></trkpt>
    <trkpt lat="42.012203" lon="-75.76247"></trkpt>
    <trkpt lat="42.012438" lon="-75.762777"></trkpt>
    <trkpt lat="42.012885" lon="-75.763398"></trkpt>
    <trkpt lat="42.01299" lon="-75.763557"></trkpt>
    <trkpt lat="42.013502" lon="-75.764354"></trkpt>
    <trkpt lat="42.013901" lon="-75.76503"></trkpt>
    <trkpt lat="42.01417" lon="-75.765533"></trkpt>
    <trkpt lat="42.014531" lon="-75.766253"></trkpt>
    <trkpt lat="42.014848" lon="-75.766935"></trkpt>
    <trkpt lat="42.015204" lon="-75.767778"></trkpt>
    <trkpt lat="42.015404" lon="-75.768302"></trkpt>
    <trkpt lat="42.015648" lon="-75.768979"></trkpt>
    <trkpt lat="42.016304" lon="-75.771205"></trkpt>
    <trkpt lat="42.016526" lon="-75.77205"></trkpt>
    <trkpt lat="42.017269" lon="-75.774689"></trkpt>
    <trkpt lat="42.017673" lon="-75.776189"></trkpt>
    <trkpt lat="42.018096" lon="-75.77769"></trkpt>
    <trkpt lat="42.01825" lon="-75.778208"></trkpt>
    <trkpt lat="42.018462" lon="-75.778814"></trkpt>
    <trkpt lat="42.018734" lon="-75.779463"></trkpt>
    <trkpt lat="42.018893" lon="-75.779797"></trkpt>
    <trkpt lat="42.019178" lon="-75.780346"></trkpt>
    <trkpt lat="42.019542" lon="-75.780945"></trkpt>
    <trkpt lat="42.019751" lon="-75.781252"></trkpt>
    <trkpt lat="42.020099" lon="-75.781719"></trkpt>
    <trkpt lat="42.020635" lon="-75.782323"></trkpt>
    <trkpt lat="42.02103" lon="-75.782707"></trkpt>
    <trkpt lat="42.021352" lon="-75.782981"></trkpt>
    <trkpt lat="42.021844" lon="-75.783359"></trkpt>
    <trkpt lat="42.022296" lon="-75.783649"></trkpt>
    <trkpt lat="42.022788" lon="-75.78391"></trkpt>
    <trkpt lat="42.023412" lon="-75.784171"></trkpt>
    <trkpt lat="42.02415" lon="-75.784417"></trkpt>
    <trkpt lat="42.025391" lon="-75.784851"></trkpt>
    <trkpt lat="42.025874" lon="-75.785015"></trkpt>
    <trkpt lat="42.029598" lon="-75.786286"></trkpt>
    <trkpt lat="42.033587" lon="-75.787641"></trkpt>
    <trkpt lat="42.034539" lon="-75.787983"></trkpt>
    <trkpt lat="42.035011" lon="-75.788181"></trkpt>
    <trkpt lat="42.035791" lon="-75.788557"></trkpt>
    <trkpt lat="42.036926" lon="-75.789193"></trkpt>
    <trkpt lat="42.038884" lon="-75.790317"></trkpt>
    <trkpt lat="42.039574" lon="-75.790699"></trkpt>
    <trkpt lat="42.040066" lon="-75.790987"></trkpt>
    <trkpt lat="42.040342" lon="-75.791144"></trkpt>
    <trkpt lat="42.042615" lon="-75.792441"></trkpt>
    <trkpt lat="42.043098" lon="-75.792723"></trkpt>
    <trkpt lat="42.043565" lon="-75.792985"></trkpt>
    <trkpt lat="42.045136" lon="-75.793875"></trkpt>
    <trkpt lat="42.045813" lon="-75.794258"></trkpt>
    <trkpt lat="42.046368" lon="-75.794572"></trkpt>
    <trkpt lat="42.04739" lon="-75.795137"></trkpt>
    <trkpt lat="42.048099" lon="-75.795545"></trkpt>
    <trkpt lat="42.048812" lon="-75.795975"></trkpt>
    <trkpt lat="42.0507" lon="-75.797055"></trkpt>
    <trkpt lat="42.051172" lon="-75.797314"></trkpt>
    <trkpt lat="42.051645" lon="-75.797596"></trkpt>
    <trkpt lat="42.052583" lon="-75.798102"></trkpt>
    <trkpt lat="42.053049" lon="-75.798309"></trkpt>
    <trkpt lat="42.053659" lon="-75.79853"></trkpt>
    <trkpt lat="42.054098" lon="-75.798666"></trkpt>
    <trkpt lat="42.054756" lon="-75.798814"></trkpt>
    <trkpt lat="42.055361" lon="-75.798894"></trkpt>
    <trkpt lat="42.056034" lon="-75.798932"></trkpt>
    <trkpt lat="42.056485" lon="-75.798926"></trkpt>
    <trkpt lat="42.057074" lon="-75.798877"></trkpt>
    <trkpt lat="42.057547" lon="-75.798807"></trkpt>
    <trkpt lat="42.058846" lon="-75.798572"></trkpt>
    <trkpt lat="42.058862" lon="-75.798569"></trkpt>
    <trkpt lat="42.062061" lon="-75.797978"></trkpt>
    <trkpt lat="42.062503" lon="-75.79791"></trkpt>
    <trkpt lat="42.062916" lon="-75.797877"></trkpt>
    <trkpt lat="42.063256" lon="-75.797878"></trkpt>
    <trkpt lat="42.063527" lon="-75.797887"></trkpt>
    <trkpt lat="42.063842" lon="-75.797908"></trkpt>
    <trkpt lat="42.06453" lon="-75.798029"></trkpt>
    <trkpt lat="42.064776" lon="-75.798088"></trkpt>
    <trkpt lat="42.065887" lon="-75.798413"></trkpt>
    <trkpt lat="42.066446" lon="-75.798577"></trkpt>
    <trkpt lat="42.066937" lon="-75.798726"></trkpt>
    <trkpt lat="42.067509" lon="-75.798898"></trkpt>
    <trkpt lat="42.070967" lon="-75.799908"></trkpt>
    <trkpt lat="42.071557" lon="-75.800082"></trkpt>
    <trkpt lat="42.073809" lon="-75.800754"></trkpt>
    <trkpt lat="42.07437" lon="-75.800954"></trkpt>
    <trkpt lat="42.075008" lon="-75.801209"></trkpt>
    <trkpt lat="42.075403" lon="-75.801389"></trkpt>
    <trkpt lat="42.076076" lon="-75.801745"></trkpt>
    <trkpt lat="42.07656" lon="-75.802022"></trkpt>
    <trkpt lat="42.076897" lon="-75.802232"></trkpt>
    <trkpt lat="42.077034" lon="-75.802317"></trkpt>
    <trkpt lat="42.077473" lon="-75.802624"></trkpt>
    <trkpt lat="42.078573" lon="-75.803456"></trkpt>
    <trkpt lat="42.081584" lon="-75.805741"></trkpt>
    <trkpt lat="42.081958" lon="-75.806031"></trkpt>
    <trkpt lat="42.084536" lon="-75.807968"></trkpt>
    <trkpt lat="42.085002" lon="-75.808333"></trkpt>
    <trkpt lat="42.085527" lon="-75.808719"></trkpt>
    <trkpt lat="42.086146" lon="-75.80913"></trkpt>
    <trkpt lat="42.086502" lon="-75.80933"></trkpt>
    <trkpt lat="42.087154" lon="-75.809653"></trkpt>
    <trkpt lat="42.092922" lon="-75.812011"></trkpt>
    <trkpt lat="42.093134" lon="-75.812098"></trkpt>
    <trkpt lat="42.09336" lon="-75.812194"></trkpt>
    <trkpt lat="42.093582" lon="-75.812298"></trkpt>
    <trkpt lat="42.09377" lon="-75.812393"></trkpt>
    <trkpt lat="42.094017" lon="-75.812523"></trkpt>
    <trkpt lat="42.094235" lon="-75.812656"></trkpt>
    <trkpt lat="42.094463" lon="-75.812806"></trkpt>
    <trkpt lat="42.094674" lon="-75.812955"></trkpt>
    <trkpt lat="42.094869" lon="-75.813106"></trkpt>
    <trkpt lat="42.095078" lon="-75.813277"></trkpt>
    <trkpt lat="42.095282" lon="-75.813453"></trkpt>
    <trkpt lat="42.095489" lon="-75.813646"></trkpt>
    <trkpt lat="42.095598" lon="-75.813753"></trkpt>
    <trkpt lat="42.095764" lon="-75.81393"></trkpt>
    <trkpt lat="42.095935" lon="-75.814118"></trkpt>
    <trkpt lat="42.096103" lon="-75.814314"></trkpt>
    <trkpt lat="42.096264" lon="-75.814516"></trkpt>
    <trkpt lat="42.096421" lon="-75.814716"></trkpt>
    <trkpt lat="42.096581" lon="-75.814929"></trkpt>
    <trkpt lat="42.096728" lon="-75.815141"></trkpt>
    <trkpt lat="42.096874" lon="-75.815361"></trkpt>
    <trkpt lat="42.09702" lon="-75.815586"></trkpt>
    <trkpt lat="42.097601" lon="-75.816479"></trkpt>
    <trkpt lat="42.097872" lon="-75.816894"></trkpt>
    <trkpt lat="42.098317" lon="-75.817575"></trkpt>
    <trkpt lat="42.098579" lon="-75.81786"></trkpt>
    <trkpt lat="42.098639" lon="-75.817921"></trkpt>
    <trkpt lat="42.09872" lon="-75.817985"></trkpt>
    <trkpt lat="42.098784" lon="-75.818024"></trkpt>
    <trkpt lat="42.098846" lon="-75.818051"></trkpt>
    <trkpt lat="42.098908" lon="-75.818068"></trkpt>
    <trkpt lat="42.098976" lon="-75.818079"></trkpt>
    <trkpt lat="42.099038" lon="-75.818083"></trkpt>
    <trkpt lat="42.099102" lon="-75.818075"></trkpt>
    <trkpt lat="42.099166" lon="-75.818058"></trkpt>
    <trkpt lat="42.099228" lon="-75.818036"></trkpt>
    <trkpt lat="42.099293" lon="-75.818003"></trkpt>
    <trkpt lat="42.099355" lon="-75.81796"></trkpt>
    <trkpt lat="42.099414" lon="-75.81791"></trkpt>
    <trkpt lat="42.099463" lon="-75.817854"></trkpt>
    <trkpt lat="42.09951" lon="-75.817787"></trkpt>
    <trkpt lat="42.099554" lon="-75.817712"></trkpt>
    <trkpt lat="42.099594" lon="-75.817622"></trkpt>
    <trkpt lat="42.099624" lon="-75.817534"></trkpt>
    <trkpt lat="42.099647" lon="-75.817451"></trkpt>
    <trkpt lat="42.099664" lon="-75.817354"></trkpt>
    <trkpt lat="42.099672" lon="-75.817251"></trkpt>
    <trkpt lat="42.09967" lon="-75.817149"></trkpt>
    <trkpt lat="42.099662" lon="-75.81705"></trkpt>
    <trkpt lat="42.099643" lon="-75.816954"></trkpt>
    <trkpt lat="42.099616" lon="-75.816858"></trkpt>
    <trkpt lat="42.099578" lon="-75.816755"></trkpt>
    <trkpt lat="42.099533" lon="-75.816674"></trkpt>
    <trkpt lat="42.099482" lon="-75.816591"></trkpt>
    <trkpt lat="42.099425" lon="-75.816517"></trkpt>
    <trkpt lat="42.099369" lon="-75.816459"></trkpt>
    <trkpt lat="42.099301" lon="-75.816403"></trkpt>
    <trkpt lat="42.099231" lon="-75.816358"></trkpt>
    <trkpt lat="42.09916" lon="-75.816324"></trkpt>
    <trkpt lat="42.099084" lon="-75.816298"></trkpt>
    <trkpt lat="42.099003" lon="-75.816286"></trkpt>
    <trkpt lat="42.098928" lon="-75.816284"></trkpt>
    <trkpt lat="42.098863" lon="-75.816292"></trkpt>
    <trkpt lat="42.098806" lon="-75.81631"></trkpt>
    <trkpt lat="42.098731" lon="-75.816343"></trkpt>
    <trkpt lat="42.098664" lon="-75.816383"></trkpt>
    <trkpt lat="42.098603" lon="-75.816433"></trkpt>
    <trkpt lat="42.098551" lon="-75.816486"></trkpt>
    <trkpt lat="42.098496" lon="-75.816552"></trkpt>
    <trkpt lat="42.098453" lon="-75.816616"></trkpt>
    <trkpt lat="42.09841" lon="-75.81669"></trkpt>
    <trkpt lat="42.098371" lon="-75.816776"></trkpt>
    <trkpt lat="42.09835" lon="-75.816833"></trkpt>
    <trkpt lat="42.098326" lon="-75.816893"></trkpt>
    <trkpt lat="42.098151" lon="-75.817248"></trkpt>
    <trkpt lat="42.097561" lon="-75.818961"></trkpt>
    <trkpt lat="42.097466" lon="-75.81923"></trkpt>
    <trkpt lat="42.097366" lon="-75.819498"></trkpt>
    <trkpt lat="42.097269" lon="-75.819762"></trkpt>
    <trkpt lat="42.097165" lon="-75.820023"></trkpt>
    <trkpt lat="42.097055" lon="-75.820293"></trkpt>
    <trkpt lat="42.096948" lon="-75.820551"></trkpt>
    <trkpt lat="42.096845" lon="-75.820799"></trkpt>
    <trkpt lat="42.096475" lon="-75.821675"></trkpt>
    <trkpt lat="42.096379" lon="-75.821903"></trkpt>
    <trkpt lat="42.095825" lon="-75.823208"></trkpt>
    <trkpt lat="42.095668" lon="-75.82358"></trkpt>
    <trkpt lat="42.095507" lon="-75.823972"></trkpt>
    <trkpt lat="42.095455" lon="-75.824107"></trkpt>
    <trkpt lat="42.095407" lon="-75.824244"></trkpt>
    <trkpt lat="42.095364" lon="-75.824384"></trkpt>
    <trkpt lat="42.095329" lon="-75.82452"></trkpt>
    <trkpt lat="42.095303" lon="-75.824652"></trkpt>
    <trkpt lat="42.095278" lon="-75.824813"></trkpt>
    <trkpt lat="42.095263" lon="-75.824955"></trkpt>
    <trkpt lat="42.09525" lon="-75.825103"></trkpt>
    <trkpt lat="42.095244" lon="-75.825247"></trkpt>
    <trkpt lat="42.095243" lon="-75.825397"></trkpt>
    <trkpt lat="42.095249" lon="-75.825559"></trkpt>
    <trkpt lat="42.095256" lon="-75.825697"></trkpt>
    <trkpt lat="42.095268" lon="-75.82585"></trkpt>
    <trkpt lat="42.095283" lon="-75.826"></trkpt>
    <trkpt lat="42.095306" lon="-75.82614"></trkpt>
    <trkpt lat="42.095333" lon="-75.826287"></trkpt>
    <trkpt lat="42.095363" lon="-75.826429"></trkpt>
    <trkpt lat="42.095396" lon="-75.826576"></trkpt>
    <trkpt lat="42.095434" lon="-75.826716"></trkpt>
    <trkpt lat="42.095473" lon="-75.826845"></trkpt>
    <trkpt lat="42.095521" lon="-75.826982"></trkpt>
    <trkpt lat="42.095569" lon="-75.827111"></trkpt>
    <trkpt lat="42.095618" lon="-75.827233"></trkpt>
    <trkpt lat="42.095679" lon="-75.827367"></trkpt>
    <trkpt lat="42.095743" lon="-75.827499"></trkpt>
    <trkpt lat="42.095819" lon="-75.827648"></trkpt>
    <trkpt lat="42.095927" lon="-75.827853"></trkpt>
    <trkpt lat="42.096494" lon="-75.828959"></trkpt>
    <trkpt lat="42.096815" lon="-75.829573"></trkpt>
    <trkpt lat="42.096882" lon="-75.829702"></trkpt>
    <trkpt lat="42.09694" lon="-75.829822"></trkpt>
    <trkpt lat="42.096992" lon="-75.829936"></trkpt>
    <trkpt lat="42.097043" lon="-75.830052"></trkpt>
    <trkpt lat="42.09709" lon="-75.830172"></trkpt>
    <trkpt lat="42.097133" lon="-75.830299"></trkpt>
    <trkpt lat="42.097174" lon="-75.830427"></trkpt>
    <trkpt lat="42.097213" lon="-75.830564"></trkpt>
    <trkpt lat="42.097545" lon="-75.831738"></trkpt>
    <trkpt lat="42.097618" lon="-75.832003"></trkpt>
    <trkpt lat="42.097684" lon="-75.832221"></trkpt>
    <trkpt lat="42.097742" lon="-75.832425"></trkpt>
    <trkpt lat="42.097805" lon="-75.832626"></trkpt>
    <trkpt lat="42.09786" lon="-75.8328"></trkpt>
    <trkpt lat="42.09792" lon="-75.832977"></trkpt>
    <trkpt lat="42.098013" lon="-75.83325"></trkpt>
    <trkpt lat="42.098136" lon="-75.833623"></trkpt>
    <trkpt lat="42.099396" lon="-75.837121"></trkpt>
    <trkpt lat="42.099507" lon="-75.837423"></trkpt>
    <trkpt lat="42.099557" lon="-75.837562"></trkpt>
    <trkpt lat="42.099608" lon="-75.8377"></trkpt>
    <trkpt lat="42.099635" lon="-75.837776"></trkpt>
    <trkpt lat="42.099816" lon="-75.838271"></trkpt>
    <trkpt lat="42.100399" lon="-75.839901"></trkpt>
    <trkpt lat="42.100674" lon="-75.840714"></trkpt>
    <trkpt lat="42.100848" lon="-75.841247"></trkpt>
    <trkpt lat="42.100965" lon="-75.841605"></trkpt>
    <trkpt lat="42.101149" lon="-75.842168"></trkpt>
    <trkpt lat="42.101381" lon="-75.842877"></trkpt>
    <trkpt lat="42.10145" lon="-75.843062"></trkpt>
    <trkpt lat="42.101621" lon="-75.843515"></trkpt>
    <trkpt lat="42.10171" lon="-75.843753"></trkpt>
    <trkpt lat="42.101731" lon="-75.843813"></trkpt>
    <trkpt lat="42.101871" lon="-75.844222"></trkpt>
    <trkpt lat="42.101887" lon="-75.844363"></trkpt>
    <trkpt lat="42.102049" lon="-75.84479"></trkpt>
    <trkpt lat="42.102184" lon="-75.845145"></trkpt>
    <trkpt lat="42.10302" lon="-75.847533"></trkpt>
    <trkpt lat="42.103251" lon="-75.848148"></trkpt>
    <trkpt lat="42.103312" lon="-75.8483"></trkpt>
    <trkpt lat="42.103583" lon="-75.849071"></trkpt>
    <trkpt lat="42.103854" lon="-75.849948"></trkpt>
    <trkpt lat="42.103885" lon="-75.850084"></trkpt>
    <trkpt lat="42.10398" lon="-75.850481"></trkpt>
    <trkpt lat="42.104075" lon="-75.850915"></trkpt>
    <trkpt lat="42.104132" lon="-75.85124"></trkpt>
    <trkpt lat="42.104195" lon="-75.851595"></trkpt>
    <trkpt lat="42.104391" lon="-75.852799"></trkpt>
    <trkpt lat="42.104456" lon="-75.853224"></trkpt>
    <trkpt lat="42.104542" lon="-75.853897"></trkpt>
    <trkpt lat="42.104554" lon="-75.854022"></trkpt>
    <trkpt lat="42.1046" lon="-75.854497"></trkpt>
    <trkpt lat="42.104615" lon="-75.854808"></trkpt>
    <trkpt lat="42.104617" lon="-75.854845"></trkpt>
    <trkpt lat="42.104619" lon="-75.854884"></trkpt>
    <trkpt lat="42.104628" lon="-75.855261"></trkpt>
    <trkpt lat="42.10463" lon="-75.855396"></trkpt>
    <trkpt lat="42.104616" lon="-75.855764"></trkpt>
    <trkpt lat="42.104574" lon="-75.856893"></trkpt>
    <trkpt lat="42.104565" lon="-75.857135"></trkpt>
    <trkpt lat="42.104563" lon="-75.857172"></trkpt>
    <trkpt lat="42.104514" lon="-75.858085"></trkpt>
    <trkpt lat="42.104491" lon="-75.858479"></trkpt>
    <trkpt lat="42.104454" lon="-75.858916"></trkpt>
    <trkpt lat="42.104421" lon="-75.859208"></trkpt>
    <trkpt lat="42.104397" lon="-75.859403"></trkpt>
    <trkpt lat="42.104376" lon="-75.85956"></trkpt>
    <trkpt lat="42.104345" lon="-75.859762"></trkpt>
    <trkpt lat="42.104309" lon="-75.859972"></trkpt>
    <trkpt lat="42.104259" lon="-75.860233"></trkpt>
    <trkpt lat="42.104215" lon="-75.860453"></trkpt>
    <trkpt lat="42.104161" lon="-75.860693"></trkpt>
    <trkpt lat="42.104095" lon="-75.860969"></trkpt>
    <trkpt lat="42.10399" lon="-75.861385"></trkpt>
    <trkpt lat="42.103304" lon="-75.864076"></trkpt>
    <trkpt lat="42.10324" lon="-75.86438"></trkpt>
    <trkpt lat="42.103184" lon="-75.864668"></trkpt>
    <trkpt lat="42.103148" lon="-75.864908"></trkpt>
    <trkpt lat="42.103122" lon="-75.865112"></trkpt>
    <trkpt lat="42.103101" lon="-75.865315"></trkpt>
    <trkpt lat="42.103086" lon="-75.865531"></trkpt>
    <trkpt lat="42.103074" lon="-75.865784"></trkpt>
    <trkpt lat="42.103069" lon="-75.866014"></trkpt>
    <trkpt lat="42.103071" lon="-75.866273"></trkpt>
    <trkpt lat="42.103079" lon="-75.866506"></trkpt>
    <trkpt lat="42.103091" lon="-75.866758"></trkpt>
    <trkpt lat="42.103109" lon="-75.866961"></trkpt>
    <trkpt lat="42.103141" lon="-75.867271"></trkpt>
    <trkpt lat="42.10319" lon="-75.867671"></trkpt>
    <trkpt lat="42.10338" lon="-75.868995"></trkpt>
    <trkpt lat="42.103486" lon="-75.869708"></trkpt>
    <trkpt lat="42.103556" lon="-75.870156"></trkpt>
    <trkpt lat="42.103608" lon="-75.870464"></trkpt>
    <trkpt lat="42.103657" lon="-75.870725"></trkpt>
    <trkpt lat="42.10372" lon="-75.871039"></trkpt>
    <trkpt lat="42.103873" lon="-75.871724"></trkpt>
    <trkpt lat="42.103897" lon="-75.871829"></trkpt>
    <trkpt lat="42.103999" lon="-75.872288"></trkpt>
    <trkpt lat="42.104082" lon="-75.872654"></trkpt>
    <trkpt lat="42.104094" lon="-75.872708"></trkpt>
    <trkpt lat="42.104111" lon="-75.872786"></trkpt>
    <trkpt lat="42.104243" lon="-75.873372"></trkpt>
    <trkpt lat="42.104272" lon="-75.873532"></trkpt>
    <trkpt lat="42.104275" lon="-75.873551"></trkpt>
    <trkpt lat="42.104281" lon="-75.873587"></trkpt>
    <trkpt lat="42.104313" lon="-75.873778"></trkpt>
    <trkpt lat="42.104344" lon="-75.874003"></trkpt>
    <trkpt lat="42.104351" lon="-75.874065"></trkpt>
    <trkpt lat="42.10437" lon="-75.874223"></trkpt>
    <trkpt lat="42.104378" lon="-75.874317"></trkpt>
    <trkpt lat="42.104385" lon="-75.874405"></trkpt>
    <trkpt lat="42.104392" lon="-75.874494"></trkpt>
    <trkpt lat="42.104402" lon="-75.874673"></trkpt>
    <trkpt lat="42.104404" lon="-75.874724"></trkpt>
    <trkpt lat="42.104409" lon="-75.874853"></trkpt>
    <trkpt lat="42.104416" lon="-75.875033"></trkpt>
    <trkpt lat="42.104426" lon="-75.875268"></trkpt>
    <trkpt lat="42.10443" lon="-75.875362"></trkpt>
    <trkpt lat="42.104439" lon="-75.875692"></trkpt>
    <trkpt lat="42.104444" lon="-75.875851"></trkpt>
    <trkpt lat="42.10445" lon="-75.876076"></trkpt>
    <trkpt lat="42.104456" lon="-75.876292"></trkpt>
    <trkpt lat="42.104462" lon="-75.876508"></trkpt>
    <trkpt lat="42.104465" lon="-75.87663"></trkpt>
    <trkpt lat="42.104465" lon="-75.876666"></trkpt>
    <trkpt lat="42.104464" lon="-75.876734"></trkpt>
    <trkpt lat="42.104461" lon="-75.877135"></trkpt>
    <trkpt lat="42.104458" lon="-75.877425"></trkpt>
    <trkpt lat="42.104457" lon="-75.877495"></trkpt>
    <trkpt lat="42.104456" lon="-75.877676"></trkpt>
    <trkpt lat="42.104456" lon="-75.877958"></trkpt>
    <trkpt lat="42.104453" lon="-75.878199"></trkpt>
    <trkpt lat="42.104453" lon="-75.878256"></trkpt>
    <trkpt lat="42.104452" lon="-75.878327"></trkpt>
    <trkpt lat="42.104446" lon="-75.878643"></trkpt>
    <trkpt lat="42.104443" lon="-75.878845"></trkpt>
    <trkpt lat="42.104437" lon="-75.879262"></trkpt>
    <trkpt lat="42.104436" lon="-75.87937"></trkpt>
    <trkpt lat="42.104431" lon="-75.879596"></trkpt>
    <trkpt lat="42.10442" lon="-75.879985"></trkpt>
    <trkpt lat="42.104418" lon="-75.880096"></trkpt>
    <trkpt lat="42.104409" lon="-75.880497"></trkpt>
    <trkpt lat="42.104406" lon="-75.8806"></trkpt>
    <trkpt lat="42.104401" lon="-75.880772"></trkpt>
    <trkpt lat="42.104393" lon="-75.881096"></trkpt>
    <trkpt lat="42.10438" lon="-75.881566"></trkpt>
    <trkpt lat="42.104377" lon="-75.88169"></trkpt>
    <trkpt lat="42.104372" lon="-75.881877"></trkpt>
    <trkpt lat="42.104367" lon="-75.882109"></trkpt>
    <trkpt lat="42.104352" lon="-75.882845"></trkpt>
    <trkpt lat="42.10435" lon="-75.882966"></trkpt>
    <trkpt lat="42.104282" lon="-75.885885"></trkpt>
    <trkpt lat="42.104259" lon="-75.886741"></trkpt>
    <trkpt lat="42.10425" lon="-75.887108"></trkpt>
    <trkpt lat="42.104223" lon="-75.887927"></trkpt>
    <trkpt lat="42.104211" lon="-75.888347"></trkpt>
    <trkpt lat="42.104197" lon="-75.888858"></trkpt>
    <trkpt lat="42.104192" lon="-75.889029"></trkpt>
    <trkpt lat="42.104186" lon="-75.889204"></trkpt>
    <trkpt lat="42.104181" lon="-75.889382"></trkpt>
    <trkpt lat="42.104174" lon="-75.889626"></trkpt>
    <trkpt lat="42.10416" lon="-75.890175"></trkpt>
    <trkpt lat="42.10416" lon="-75.8902"></trkpt>
    <trkpt lat="42.104154" lon="-75.890823"></trkpt>
    <trkpt lat="42.104155" lon="-75.891199"></trkpt>
    <trkpt lat="42.104157" lon="-75.891595"></trkpt>
    <trkpt lat="42.104161" lon="-75.892138"></trkpt>
    <trkpt lat="42.104128" lon="-75.893007"></trkpt>
    <trkpt lat="42.104118" lon="-75.893094"></trkpt>
    <trkpt lat="42.104086" lon="-75.893223"></trkpt>
    <trkpt lat="42.10403" lon="-75.893353"></trkpt>
    <trkpt lat="42.103994" lon="-75.893413"></trkpt>
    <trkpt lat="42.103925" lon="-75.893504"></trkpt>
    <trkpt lat="42.103867" lon="-75.893567"></trkpt>
    <trkpt lat="42.10378" lon="-75.893656"></trkpt>
    <trkpt lat="42.103378" lon="-75.894062"></trkpt>
    <trkpt lat="42.103299" lon="-75.894171"></trkpt>
    <trkpt lat="42.103239" lon="-75.894281"></trkpt>
    <trkpt lat="42.103198" lon="-75.894417"></trkpt>
    <trkpt lat="42.103151" lon="-75.894639"></trkpt>
    <trkpt lat="42.102997" lon="-75.895266"></trkpt>
    <trkpt lat="42.102718" lon="-75.896506"></trkpt>
    <trkpt lat="42.102702" lon="-75.896578"></trkpt>
    <trkpt lat="42.102546" lon="-75.897176"></trkpt>
    <trkpt lat="42.102466" lon="-75.89748"></trkpt>
    <trkpt lat="42.102382" lon="-75.89776"></trkpt>
    <trkpt lat="42.1023" lon="-75.898021"></trkpt>
    <trkpt lat="42.102228" lon="-75.898275"></trkpt>
    <trkpt lat="42.102171" lon="-75.898477"></trkpt>
    <trkpt lat="42.102075" lon="-75.898826"></trkpt>
    <trkpt lat="42.102011" lon="-75.898976"></trkpt>
    <trkpt lat="42.102022" lon="-75.899259"></trkpt>
    <trkpt lat="42.10195" lon="-75.899553"></trkpt>
    <trkpt lat="42.101758" lon="-75.900223"></trkpt>
    <trkpt lat="42.101684" lon="-75.900467"></trkpt>
    <trkpt lat="42.101615" lon="-75.900702"></trkpt>
    <trkpt lat="42.1014" lon="-75.901515"></trkpt>
    <trkpt lat="42.101344" lon="-75.901688"></trkpt>
    <trkpt lat="42.101091" lon="-75.902611"></trkpt>
    <trkpt lat="42.100775" lon="-75.903761"></trkpt>
    <trkpt lat="42.100737" lon="-75.903899"></trkpt>
    <trkpt lat="42.100653" lon="-75.904206"></trkpt>
    <trkpt lat="42.100471" lon="-75.904869"></trkpt>
    <trkpt lat="42.100179" lon="-75.905931"></trkpt>
    <trkpt lat="42.100147" lon="-75.906048"></trkpt>
    <trkpt lat="42.099946" lon="-75.906783"></trkpt>
    <trkpt lat="42.099646" lon="-75.907878"></trkpt>
    <trkpt lat="42.099378" lon="-75.908857"></trkpt>
    <trkpt lat="42.099365" lon="-75.908905"></trkpt>
    <trkpt lat="42.099317" lon="-75.909084"></trkpt>
    <trkpt lat="42.099199" lon="-75.90952"></trkpt>
    <trkpt lat="42.099131" lon="-75.909767"></trkpt>
    <trkpt lat="42.099036" lon="-75.910112"></trkpt>
    <trkpt lat="42.098986" lon="-75.910376"></trkpt>
    <trkpt lat="42.098978" lon="-75.910412"></trkpt>
    <trkpt lat="42.098969" lon="-75.910447"></trkpt>
    <trkpt lat="42.098958" lon="-75.910481"></trkpt>
    <trkpt lat="42.098948" lon="-75.91051"></trkpt>
    <trkpt lat="42.098936" lon="-75.910538"></trkpt>
    <trkpt lat="42.098923" lon="-75.910565"></trkpt>
    <trkpt lat="42.098911" lon="-75.910592"></trkpt>
    <trkpt lat="42.0989" lon="-75.910618"></trkpt>
    <trkpt lat="42.098891" lon="-75.910646"></trkpt>
    <trkpt lat="42.098885" lon="-75.910674"></trkpt>
    <trkpt lat="42.098881" lon="-75.910704"></trkpt>
    <trkpt lat="42.098879" lon="-75.910736"></trkpt>
    <trkpt lat="42.098878" lon="-75.910767"></trkpt>
    <trkpt lat="42.098879" lon="-75.910798"></trkpt>
    <trkpt lat="42.098882" lon="-75.910834"></trkpt>
    <trkpt lat="42.098887" lon="-75.91085"></trkpt>
    <trkpt lat="42.098891" lon="-75.910867"></trkpt>
    <trkpt lat="42.098893" lon="-75.910885"></trkpt>
    <trkpt lat="42.098893" lon="-75.910903"></trkpt>
    <trkpt lat="42.098892" lon="-75.910921"></trkpt>
    <trkpt lat="42.09889" lon="-75.910938"></trkpt>
    <trkpt lat="42.098885" lon="-75.910955"></trkpt>
    <trkpt lat="42.09888" lon="-75.910971"></trkpt>
    <trkpt lat="42.098873" lon="-75.910986"></trkpt>
    <trkpt lat="42.098864" lon="-75.911"></trkpt>
    <trkpt lat="42.098855" lon="-75.911012"></trkpt>
    <trkpt lat="42.098844" lon="-75.911023"></trkpt>
    <trkpt lat="42.098818" lon="-75.911063"></trkpt>
    <trkpt lat="42.098799" lon="-75.911096"></trkpt>
    <trkpt lat="42.098782" lon="-75.911128"></trkpt>
    <trkpt lat="42.098768" lon="-75.911159"></trkpt>
    <trkpt lat="42.098754" lon="-75.911192"></trkpt>
    <trkpt lat="42.098741" lon="-75.911227"></trkpt>
    <trkpt lat="42.098731" lon="-75.91126"></trkpt>
    <trkpt lat="42.098723" lon="-75.911293"></trkpt>
    <trkpt lat="42.098715" lon="-75.91133"></trkpt>
    <trkpt lat="42.098709" lon="-75.911371"></trkpt>
    <trkpt lat="42.098704" lon="-75.911414"></trkpt>
    <trkpt lat="42.0987" lon="-75.91146"></trkpt>
    <trkpt lat="42.098697" lon="-75.911511"></trkpt>
    <trkpt lat="42.098697" lon="-75.91156"></trkpt>
    <trkpt lat="42.098696" lon="-75.911616"></trkpt>
    <trkpt lat="42.098694" lon="-75.911718"></trkpt>
    <trkpt lat="42.098689" lon="-75.91199"></trkpt>
    <trkpt lat="42.098698" lon="-75.91211"></trkpt>
    <trkpt lat="42.098702" lon="-75.912167"></trkpt>
    <trkpt lat="42.098704" lon="-75.912192"></trkpt>
    <trkpt lat="42.098706" lon="-75.912223"></trkpt>
    <trkpt lat="42.098709" lon="-75.912283"></trkpt>
    <trkpt lat="42.098711" lon="-75.912348"></trkpt>
    <trkpt lat="42.098712" lon="-75.912409"></trkpt>
    <trkpt lat="42.098714" lon="-75.912527"></trkpt>
    <trkpt lat="42.098714" lon="-75.912633"></trkpt>
    <trkpt lat="42.098719" lon="-75.91338"></trkpt>
    <trkpt lat="42.09872" lon="-75.913417"></trkpt>
    <trkpt lat="42.098738" lon="-75.914577"></trkpt>
    <trkpt lat="42.098752" lon="-75.915435"></trkpt>
    <trkpt lat="42.098752" lon="-75.91553"></trkpt>
    <trkpt lat="42.098768" lon="-75.916893"></trkpt>
    <trkpt lat="42.098775" lon="-75.917308"></trkpt>
    <trkpt lat="42.098777" lon="-75.917364"></trkpt>
    <trkpt lat="42.09878" lon="-75.917412"></trkpt>
    <trkpt lat="42.098786" lon="-75.917462"></trkpt>
    <trkpt lat="42.098794" lon="-75.91752"></trkpt>
    <trkpt lat="42.098872" lon="-75.917942"></trkpt>
    <trkpt lat="42.09897" lon="-75.918473"></trkpt>
    <trkpt lat="42.099214" lon="-75.919794"></trkpt>
    <trkpt lat="42.099354" lon="-75.920543"></trkpt>
    <trkpt lat="42.099458" lon="-75.921099"></trkpt>
    <trkpt lat="42.099493" lon="-75.921288"></trkpt>
    <trkpt lat="42.099554" lon="-75.921619"></trkpt>
    <trkpt lat="42.099615" lon="-75.921943"></trkpt>
    <trkpt lat="42.099649" lon="-75.922134"></trkpt>
    <trkpt lat="42.09968" lon="-75.922295"></trkpt>
    <trkpt lat="42.099719" lon="-75.922504"></trkpt>
    <trkpt lat="42.099836" lon="-75.922982"></trkpt>
    <trkpt lat="42.099863" lon="-75.923094"></trkpt>
    <trkpt lat="42.099897" lon="-75.923194"></trkpt>
    <trkpt lat="42.099905" lon="-75.923237"></trkpt>
    <trkpt lat="42.09996" lon="-75.923423"></trkpt>
    <trkpt lat="42.100289" lon="-75.924486"></trkpt>
    <trkpt lat="42.100377" lon="-75.924764"></trkpt>
    <trkpt lat="42.100435" lon="-75.924932"></trkpt>
    <trkpt lat="42.10051" lon="-75.925156"></trkpt>
    <trkpt lat="42.100615" lon="-75.925468"></trkpt>
    <trkpt lat="42.100729" lon="-75.925733"></trkpt>
    <trkpt lat="42.100908" lon="-75.926097"></trkpt>
    <trkpt lat="42.101015" lon="-75.926296"></trkpt>
    <trkpt lat="42.101177" lon="-75.926583"></trkpt>
    <trkpt lat="42.101339" lon="-75.926869"></trkpt>
    <trkpt lat="42.10158" lon="-75.927287"></trkpt>
    <trkpt lat="42.101604" lon="-75.927329"></trkpt>
    <trkpt lat="42.102245" lon="-75.928464"></trkpt>
    <trkpt lat="42.10237" lon="-75.928689"></trkpt>
    <trkpt lat="42.102459" lon="-75.92885"></trkpt>
    <trkpt lat="42.102577" lon="-75.929063"></trkpt>
    <trkpt lat="42.102842" lon="-75.929541"></trkpt>
    <trkpt lat="42.103278" lon="-75.929511"></trkpt>
    <trkpt lat="42.103741" lon="-75.92948"></trkpt>
    <trkpt lat="42.103999" lon="-75.929452"></trkpt>
    <trkpt lat="42.104717" lon="-75.929415"></trkpt>
    <trkpt lat="42.104772" lon="-75.929414"></trkpt>
    <trkpt lat="42.104871" lon="-75.929421"></trkpt>
    <trkpt lat="42.105036" lon="-75.929415"></trkpt>
    <trkpt lat="42.105102" lon="-75.929415"></trkpt>
    <trkpt lat="42.1057" lon="-75.92947"></trkpt>
    <trkpt lat="42.105753" lon="-75.929479"></trkpt>
    <trkpt lat="42.105803" lon="-75.929492"></trkpt>
    <trkpt lat="42.105919" lon="-75.929548"></trkpt>
    <trkpt lat="42.10616" lon="-75.929572"></trkpt>
    <trkpt lat="42.106547" lon="-75.929611"></trkpt>
    <trkpt lat="42.106826" lon="-75.930183"></trkpt>
    <trkpt lat="42.106957" lon="-75.930452"></trkpt>
    <trkpt lat="42.107262" lon="-75.931055"></trkpt>
    <trkpt lat="42.107344" lon="-75.931218"></trkpt>
    <trkpt lat="42.107601" lon="-75.931707"></trkpt>
    <trkpt lat="42.108359" lon="-75.933202"></trkpt>
    <trkpt lat="42.108782" lon="-75.934029"></trkpt>
    <trkpt lat="42.108913" lon="-75.934286"></trkpt>
    <trkpt lat="42.108997" lon="-75.93445"></trkpt>
    <trkpt lat="42.109375" lon="-75.935191"></trkpt>
    <trkpt lat="42.109865" lon="-75.93615"></trkpt>
    <trkpt lat="42.110215" lon="-75.93682"></trkpt>
    <trkpt lat="42.110298" lon="-75.936978"></trkpt>
    <trkpt lat="42.110385" lon="-75.937145"></trkpt>
    <trkpt lat="42.110792" lon="-75.937944"></trkpt>
    <trkpt lat="42.110863" lon="-75.938083"></trkpt>
    <trkpt lat="42.110932" lon="-75.938244"></trkpt>
    <trkpt lat="42.111018" lon="-75.93847"></trkpt>
    <trkpt lat="42.111614" lon="-75.938689"></trkpt>
    <trkpt lat="42.111693" lon="-75.938729"></trkpt>
    <trkpt lat="42.111901" lon="-75.938837"></trkpt>
    <trkpt lat="42.112137" lon="-75.938955"></trkpt>
    <trkpt lat="42.112212" lon="-75.938992"></trkpt>
    <trkpt lat="42.11229" lon="-75.939031"></trkpt>
    <trkpt lat="42.11245" lon="-75.939111"></trkpt>
    <trkpt lat="42.112692" lon="-75.939253"></trkpt>
    <trkpt lat="42.113141" lon="-75.939507"></trkpt>
    <trkpt lat="42.11324" lon="-75.939561"></trkpt>
    <trkpt lat="42.113741" lon="-75.939826"></trkpt>
    <trkpt lat="42.113781" lon="-75.939847"></trkpt>
    <trkpt lat="42.114346" lon="-75.94013"></trkpt>
    <trkpt lat="42.114521" lon="-75.940223"></trkpt>
    <trkpt lat="42.115865" lon="-75.940925"></trkpt>
    <trkpt lat="42.11593" lon="-75.940959"></trkpt>
    <trkpt lat="42.115953" lon="-75.941022"></trkpt>
    <trkpt lat="42.116075" lon="-75.941365"></trkpt>
    <trkpt lat="42.116163" lon="-75.941621"></trkpt>
    <trkpt lat="42.116282" lon="-75.941883"></trkpt>
    <trkpt lat="42.116486" lon="-75.942258"></trkpt>
    <trkpt lat="42.116762" lon="-75.942753"></trkpt>
    <trkpt lat="42.116884" lon="-75.942951"></trkpt>
    <trkpt lat="42.116981" lon="-75.943108"></trkpt>
    <trkpt lat="42.117435" lon="-75.943788"></trkpt>
    <trkpt lat="42.11747" lon="-75.943865"></trkpt>
    <trkpt lat="42.117501" lon="-75.943964"></trkpt>
    <trkpt lat="42.11768" lon="-75.944513"></trkpt>
    <trkpt lat="42.11774" lon="-75.944634"></trkpt>
    <trkpt lat="42.117858" lon="-75.944885"></trkpt>
    <trkpt lat="42.118172" lon="-75.945293"></trkpt>
    <trkpt lat="42.118227" lon="-75.945384"></trkpt>
    <trkpt lat="42.118302" lon="-75.945563"></trkpt>
    <trkpt lat="42.11831" lon="-75.945582"></trkpt>
    <trkpt lat="42.118357" lon="-75.945694"></trkpt>
    <trkpt lat="42.118386" lon="-75.945827"></trkpt>
    <trkpt lat="42.118817" lon="-75.945865"></trkpt>
    <trkpt lat="42.118956" lon="-75.945877"></trkpt>
    <trkpt lat="42.119133" lon="-75.945888"></trkpt>
    <trkpt lat="42.119288" lon="-75.9459"></trkpt>
    <trkpt lat="42.119358" lon="-75.945902"></trkpt>
    <trkpt lat="42.119427" lon="-75.945908"></trkpt>
    <trkpt lat="42.119723" lon="-75.945922"></trkpt>
    <trkpt lat="42.120186" lon="-75.945958"></trkpt>
    <trkpt lat="42.120434" lon="-75.945981"></trkpt>
    <trkpt lat="42.120827" lon="-75.946019"></trkpt>
    <trkpt lat="42.121332" lon="-75.946066"></trkpt>
    <trkpt lat="42.121373" lon="-75.946151"></trkpt>
    <trkpt lat="42.121387" lon="-75.94618"></trkpt>
    <trkpt lat="42.121409" lon="-75.946251"></trkpt>
    <trkpt lat="42.121444" lon="-75.946571"></trkpt>
    <trkpt lat="42.121446" lon="-75.946718"></trkpt>
    <trkpt lat="42.121418" lon="-75.946935"></trkpt>
    <trkpt lat="42.121372" lon="-75.947085"></trkpt>
    <trkpt lat="42.121302" lon="-75.947239"></trkpt>
    <trkpt lat="42.121202" lon="-75.947382"></trkpt>
    <trkpt lat="42.121079" lon="-75.947496"></trkpt>
    <trkpt lat="42.120958" lon="-75.947565"></trkpt>
    <trkpt lat="42.120561" lon="-75.947683"></trkpt>
    <trkpt lat="42.120425" lon="-75.947723"></trkpt>
    <trkpt lat="42.120297" lon="-75.947797"></trkpt>
    <trkpt lat="42.120239" lon="-75.947846"></trkpt>
    <trkpt lat="42.120123" lon="-75.947987"></trkpt>
    <trkpt lat="42.12004" lon="-75.948157"></trkpt>
    <trkpt lat="42.119988" lon="-75.948324"></trkpt>
    <trkpt lat="42.119963" lon="-75.948469"></trkpt>
    <trkpt lat="42.119852" lon="-75.949387"></trkpt>
    <trkpt lat="42.119839" lon="-75.949666"></trkpt>
    <trkpt lat="42.119794" lon="-75.950898"></trkpt>
    <trkpt lat="42.119648" lon="-75.953153"></trkpt>
    <trkpt lat="42.119634" lon="-75.953411"></trkpt>
    <trkpt lat="42.119629" lon="-75.9535"></trkpt>
    <trkpt lat="42.119574" lon="-75.954512"></trkpt>
    <trkpt lat="42.119494" lon="-75.956329"></trkpt>
    <trkpt lat="42.11948" lon="-75.956743"></trkpt>
    <trkpt lat="42.119366" lon="-75.959103"></trkpt>
    <trkpt lat="42.119362" lon="-75.960427"></trkpt>
    <trkpt lat="42.119385" lon="-75.96118"></trkpt>
    <trkpt lat="42.119419" lon="-75.961931"></trkpt>
    <trkpt lat="42.119494" lon="-75.962905"></trkpt>
    <trkpt lat="42.119637" lon="-75.96448"></trkpt>
    <trkpt lat="42.119719" lon="-75.96539"></trkpt>
    <trkpt lat="42.120052" lon="-75.968775"></trkpt>
    <trkpt lat="42.120102" lon="-75.969524"></trkpt>
    <trkpt lat="42.120155" lon="-75.970144"></trkpt>
    <trkpt lat="42.120364" lon="-75.972476"></trkpt>
    <trkpt lat="42.120406" lon="-75.97313"></trkpt>
    <trkpt lat="42.120447" lon="-75.974195"></trkpt>
    <trkpt lat="42.120441" lon="-75.974782"></trkpt>
    <trkpt lat="42.120375" lon="-75.976601"></trkpt>
    <trkpt lat="42.120366" lon="-75.976745"></trkpt>
    <trkpt lat="42.120298" lon="-75.977579"></trkpt>
    <trkpt lat="42.120223" lon="-75.978128"></trkpt>
    <trkpt lat="42.120061" lon="-75.979191"></trkpt>
    <trkpt lat="42.119894" lon="-75.980054"></trkpt>
    <trkpt lat="42.119706" lon="-75.980929"></trkpt>
    <trkpt lat="42.119045" lon="-75.984045"></trkpt>
    <trkpt lat="42.118403" lon="-75.987"></trkpt>
    <trkpt lat="42.118143" lon="-75.988174"></trkpt>
    <trkpt lat="42.117595" lon="-75.990624"></trkpt>
    <trkpt lat="42.117245" lon="-75.99226"></trkpt>
    <trkpt lat="42.117213" lon="-75.99241"></trkpt>
    <trkpt lat="42.11688" lon="-75.993939"></trkpt>
    <trkpt lat="42.116626" lon="-75.995007"></trkpt>
    <trkpt lat="42.116517" lon="-75.995466"></trkpt>
    <trkpt lat="42.116078" lon="-75.997003"></trkpt>
    <trkpt lat="42.115896" lon="-75.997572"></trkpt>
    <trkpt lat="42.115647" lon="-75.998299"></trkpt>
    <trkpt lat="42.115275" lon="-75.999312"></trkpt>
    <trkpt lat="42.114891" lon="-76.00025"></trkpt>
    <trkpt lat="42.114263" lon="-76.00163"></trkpt>
    <trkpt lat="42.11385" lon="-76.002445"></trkpt>
    <trkpt lat="42.113352" lon="-76.003358"></trkpt>
    <trkpt lat="42.112685" lon="-76.004483"></trkpt>
    <trkpt lat="42.112248" lon="-76.005191"></trkpt>
    <trkpt lat="42.111671" lon="-76.005998"></trkpt>
    <trkpt lat="42.110877" lon="-76.007157"></trkpt>
    <trkpt lat="42.110616" lon="-76.007539"></trkpt>
    <trkpt lat="42.10824" lon="-76.011021"></trkpt>
    <trkpt lat="42.107937" lon="-76.011477"></trkpt>
    <trkpt lat="42.106305" lon="-76.013851"></trkpt>
    <trkpt lat="42.106227" lon="-76.013966"></trkpt>
    <trkpt lat="42.106132" lon="-76.014105"></trkpt>
    <trkpt lat="42.10392" lon="-76.017352"></trkpt>
    <trkpt lat="42.103493" lon="-76.018045"></trkpt>
    <trkpt lat="42.103371" lon="-76.01826"></trkpt>
    <trkpt lat="42.10306" lon="-76.018806"></trkpt>
    <trkpt lat="42.102523" lon="-76.019859"></trkpt>
    <trkpt lat="42.102128" lon="-76.020749"></trkpt>
    <trkpt lat="42.101388" lon="-76.022493"></trkpt>
    <trkpt lat="42.101192" lon="-76.022974"></trkpt>
    <trkpt lat="42.100703" lon="-76.024121"></trkpt>
    <trkpt lat="42.099775" lon="-76.026279"></trkpt>
    <trkpt lat="42.099316" lon="-76.027301"></trkpt>
    <trkpt lat="42.099136" lon="-76.027675"></trkpt>
    <trkpt lat="42.099004" lon="-76.027939"></trkpt>
    <trkpt lat="42.098763" lon="-76.028369"></trkpt>
    <trkpt lat="42.098403" lon="-76.028949"></trkpt>
    <trkpt lat="42.09729" lon="-76.0305"></trkpt>
    <trkpt lat="42.096909" lon="-76.030969"></trkpt>
    <trkpt lat="42.0949" lon="-76.033666"></trkpt>
    <trkpt lat="42.094233" lon="-76.03455"></trkpt>
    <trkpt lat="42.094042" lon="-76.034807"></trkpt>
    <trkpt lat="42.093863" lon="-76.035059"></trkpt>
    <trkpt lat="42.093747" lon="-76.035242"></trkpt>
    <trkpt lat="42.093629" lon="-76.03544"></trkpt>
    <trkpt lat="42.093547" lon="-76.035576"></trkpt>
    <trkpt lat="42.093467" lon="-76.03573"></trkpt>
    <trkpt lat="42.093365" lon="-76.035929"></trkpt>
    <trkpt lat="42.093218" lon="-76.03625"></trkpt>
    <trkpt lat="42.093093" lon="-76.036561"></trkpt>
    <trkpt lat="42.092996" lon="-76.03684"></trkpt>
    <trkpt lat="42.092876" lon="-76.037218"></trkpt>
    <trkpt lat="42.092766" lon="-76.037638"></trkpt>
    <trkpt lat="42.092722" lon="-76.037837"></trkpt>
    <trkpt lat="42.092671" lon="-76.038083"></trkpt>
    <trkpt lat="42.09262" lon="-76.038415"></trkpt>
    <trkpt lat="42.092569" lon="-76.038768"></trkpt>
    <trkpt lat="42.092329" lon="-76.040714"></trkpt>
    <trkpt lat="42.092085" lon="-76.042699"></trkpt>
    <trkpt lat="42.091989" lon="-76.043398"></trkpt>
    <trkpt lat="42.091896" lon="-76.044213"></trkpt>
    <trkpt lat="42.091748" lon="-76.045411"></trkpt>
    <trkpt lat="42.0916" lon="-76.046611"></trkpt>
    <trkpt lat="42.091508" lon="-76.047202"></trkpt>
    <trkpt lat="42.091385" lon="-76.047835"></trkpt>
    <trkpt lat="42.091251" lon="-76.048373"></trkpt>
    <trkpt lat="42.091127" lon="-76.04881"></trkpt>
    <trkpt lat="42.090995" lon="-76.049219"></trkpt>
    <trkpt lat="42.090812" lon="-76.049722"></trkpt>
    <trkpt lat="42.090617" lon="-76.050198"></trkpt>
    <trkpt lat="42.090556" lon="-76.05033"></trkpt>
    <trkpt lat="42.090469" lon="-76.050517"></trkpt>
    <trkpt lat="42.090358" lon="-76.050746"></trkpt>
    <trkpt lat="42.090161" lon="-76.051116"></trkpt>
    <trkpt lat="42.089947" lon="-76.051482"></trkpt>
    <trkpt lat="42.089849" lon="-76.051646"></trkpt>
    <trkpt lat="42.088686" lon="-76.053437"></trkpt>
    <trkpt lat="42.088312" lon="-76.054007"></trkpt>
    <trkpt lat="42.088094" lon="-76.054359"></trkpt>
    <trkpt lat="42.087862" lon="-76.054763"></trkpt>
    <trkpt lat="42.087648" lon="-76.055214"></trkpt>
    <trkpt lat="42.087423" lon="-76.055781"></trkpt>
    <trkpt lat="42.087352" lon="-76.05599"></trkpt>
    <trkpt lat="42.087262" lon="-76.056298"></trkpt>
    <trkpt lat="42.087127" lon="-76.056827"></trkpt>
    <trkpt lat="42.086796" lon="-76.058547"></trkpt>
    <trkpt lat="42.086282" lon="-76.061274"></trkpt>
    <trkpt lat="42.086061" lon="-76.062288"></trkpt>
    <trkpt lat="42.085936" lon="-76.062752"></trkpt>
    <trkpt lat="42.08568" lon="-76.063602"></trkpt>
    <trkpt lat="42.085332" lon="-76.064536"></trkpt>
    <trkpt lat="42.085183" lon="-76.06488"></trkpt>
    <trkpt lat="42.084792" lon="-76.065739"></trkpt>
    <trkpt lat="42.084122" lon="-76.067"></trkpt>
    <trkpt lat="42.083464" lon="-76.068251"></trkpt>
    <trkpt lat="42.082188" lon="-76.070657"></trkpt>
    <trkpt lat="42.081571" lon="-76.071876"></trkpt>
    <trkpt lat="42.081115" lon="-76.072887"></trkpt>
    <trkpt lat="42.080822" lon="-76.073589"></trkpt>
    <trkpt lat="42.080269" lon="-76.075028"></trkpt>
    <trkpt lat="42.079653" lon="-76.076656"></trkpt>
    <trkpt lat="42.079319" lon="-76.077528"></trkpt>
    <trkpt lat="42.079125" lon="-76.078023"></trkpt>
    <trkpt lat="42.078884" lon="-76.078627"></trkpt>
    <trkpt lat="42.078571" lon="-76.079326"></trkpt>
    <trkpt lat="42.078324" lon="-76.079825"></trkpt>
    <trkpt lat="42.076311" lon="-76.08367"></trkpt>
    <trkpt lat="42.074113" lon="-76.087852"></trkpt>
    <trkpt lat="42.07308" lon="-76.089803"></trkpt>
    <trkpt lat="42.072753" lon="-76.090431"></trkpt>
    <trkpt lat="42.072547" lon="-76.09085"></trkpt>
    <trkpt lat="42.071971" lon="-76.0921"></trkpt>
    <trkpt lat="42.071527" lon="-76.093203"></trkpt>
    <trkpt lat="42.071228" lon="-76.094021"></trkpt>
    <trkpt lat="42.070941" lon="-76.09488"></trkpt>
    <trkpt lat="42.07071" lon="-76.09565"></trkpt>
    <trkpt lat="42.07052" lon="-76.096337"></trkpt>
    <trkpt lat="42.070307" lon="-76.097205"></trkpt>
    <trkpt lat="42.070123" lon="-76.098043"></trkpt>
    <trkpt lat="42.069134" lon="-76.102748"></trkpt>
    <trkpt lat="42.069106" lon="-76.102917"></trkpt>
    <trkpt lat="42.069032" lon="-76.103286"></trkpt>
    <trkpt lat="42.068565" lon="-76.105422"></trkpt>
    <trkpt lat="42.068013" lon="-76.10808"></trkpt>
    <trkpt lat="42.067885" lon="-76.108705"></trkpt>
    <trkpt lat="42.067525" lon="-76.110454"></trkpt>
    <trkpt lat="42.067162" lon="-76.111953"></trkpt>
    <trkpt lat="42.066509" lon="-76.113756"></trkpt>
    <trkpt lat="42.066208" lon="-76.114347"></trkpt>
    <trkpt lat="42.063496" lon="-76.119318"></trkpt>
    <trkpt lat="42.063089" lon="-76.120115"></trkpt>
    <trkpt lat="42.062731" lon="-76.120973"></trkpt>
    <trkpt lat="42.062214" lon="-76.122702"></trkpt>
    <trkpt lat="42.061766" lon="-76.124823"></trkpt>
    <trkpt lat="42.060741" lon="-76.129585"></trkpt>
    <trkpt lat="42.059771" lon="-76.133923"></trkpt>
    <trkpt lat="42.059519" lon="-76.135454"></trkpt>
    <trkpt lat="42.059458" lon="-76.136585"></trkpt>
    <trkpt lat="42.059537" lon="-76.137856"></trkpt>
    <trkpt lat="42.059892" lon="-76.139338"></trkpt>
    <trkpt lat="42.060298" lon="-76.140446"></trkpt>
    <trkpt lat="42.060821" lon="-76.141421"></trkpt>
    <trkpt lat="42.061491" lon="-76.142356"></trkpt>
    <trkpt lat="42.062111" lon="-76.142933"></trkpt>
    <trkpt lat="42.062903" lon="-76.143568"></trkpt>
    <trkpt lat="42.06323" lon="-76.143832"></trkpt>
    <trkpt lat="42.065471" lon="-76.145624"></trkpt>
    <trkpt lat="42.066165" lon="-76.146195"></trkpt>
    <trkpt lat="42.067583" lon="-76.147319"></trkpt>
    <trkpt lat="42.068494" lon="-76.148161"></trkpt>
    <trkpt lat="42.068798" lon="-76.148448"></trkpt>
    <trkpt lat="42.075747" lon="-76.155425"></trkpt>
    <trkpt lat="42.076817" lon="-76.156242"></trkpt>
    <trkpt lat="42.077511" lon="-76.156683"></trkpt>
    <trkpt lat="42.079809" lon="-76.157984"></trkpt>
    <trkpt lat="42.080958" lon="-76.158671"></trkpt>
    <trkpt lat="42.081723" lon="-76.159163"></trkpt>
    <trkpt lat="42.082246" lon="-76.159607"></trkpt>
    <trkpt lat="42.082822" lon="-76.160151"></trkpt>
    <trkpt lat="42.083431" lon="-76.160798"></trkpt>
    <trkpt lat="42.084018" lon="-76.161515"></trkpt>
    <trkpt lat="42.085602" lon="-76.163472"></trkpt>
    <trkpt lat="42.086708" lon="-76.164825"></trkpt>
    <trkpt lat="42.087328" lon="-76.165593"></trkpt>
    <trkpt lat="42.088431" lon="-76.166958"></trkpt>
    <trkpt lat="42.089195" lon="-76.167889"></trkpt>
    <trkpt lat="42.089635" lon="-76.1685"></trkpt>
    <trkpt lat="42.090171" lon="-76.169337"></trkpt>
    <trkpt lat="42.090576" lon="-76.170179"></trkpt>
    <trkpt lat="42.09101" lon="-76.17118"></trkpt>
    <trkpt lat="42.091358" lon="-76.17234"></trkpt>
    <trkpt lat="42.09155" lon="-76.173181"></trkpt>
    <trkpt lat="42.091789" lon="-76.175077"></trkpt>
    <trkpt lat="42.091708" lon="-76.176966"></trkpt>
    <trkpt lat="42.091448" lon="-76.178865"></trkpt>
    <trkpt lat="42.091226" lon="-76.17958"></trkpt>
    <trkpt lat="42.090992" lon="-76.180335"></trkpt>
    <trkpt lat="42.090847" lon="-76.180801"></trkpt>
    <trkpt lat="42.090099" lon="-76.182338"></trkpt>
    <trkpt lat="42.088899" lon="-76.18431"></trkpt>
    <trkpt lat="42.086881" lon="-76.187792"></trkpt>
    <trkpt lat="42.086427" lon="-76.188708"></trkpt>
    <trkpt lat="42.084994" lon="-76.19199"></trkpt>
    <trkpt lat="42.084133" lon="-76.194389"></trkpt>
    <trkpt lat="42.081553" lon="-76.20263"></trkpt>
    <trkpt lat="42.081445" lon="-76.202988"></trkpt>
    <trkpt lat="42.080967" lon="-76.204556"></trkpt>
    <trkpt lat="42.080627" lon="-76.205724"></trkpt>
    <trkpt lat="42.080408" lon="-76.207165"></trkpt>
    <trkpt lat="42.080376" lon="-76.207991"></trkpt>
    <trkpt lat="42.080423" lon="-76.208824"></trkpt>
    <trkpt lat="42.080573" lon="-76.209914"></trkpt>
    <trkpt lat="42.081756" lon="-76.217259"></trkpt>
    <trkpt lat="42.081951" lon="-76.218235"></trkpt>
    <trkpt lat="42.082329" lon="-76.219485"></trkpt>
    <trkpt lat="42.082638" lon="-76.220286"></trkpt>
    <trkpt lat="42.08314" lon="-76.221272"></trkpt>
    <trkpt lat="42.08376" lon="-76.222266"></trkpt>
    <trkpt lat="42.087252" lon="-76.226767"></trkpt>
    <trkpt lat="42.088401" lon="-76.228247"></trkpt>
    <trkpt lat="42.089999" lon="-76.230301"></trkpt>
    <trkpt lat="42.090443" lon="-76.230856"></trkpt>
    <trkpt lat="42.09113" lon="-76.231638"></trkpt>
    <trkpt lat="42.092644" lon="-76.233227"></trkpt>
    <trkpt lat="42.096772" lon="-76.237517"></trkpt>
    <trkpt lat="42.097764" lon="-76.238643"></trkpt>
    <trkpt lat="42.09851" lon="-76.239624"></trkpt>
    <trkpt lat="42.099127" lon="-76.240599"></trkpt>
    <trkpt lat="42.09974" lon="-76.241714"></trkpt>
    <trkpt lat="42.100211" lon="-76.242734"></trkpt>
    <trkpt lat="42.100551" lon="-76.24359"></trkpt>
    <trkpt lat="42.100951" lon="-76.244743"></trkpt>
    <trkpt lat="42.101273" lon="-76.245926"></trkpt>
    <trkpt lat="42.10145" lon="-76.2467"></trkpt>
    <trkpt lat="42.101625" lon="-76.247721"></trkpt>
    <trkpt lat="42.101718" lon="-76.248351"></trkpt>
    <trkpt lat="42.101809" lon="-76.249197"></trkpt>
    <trkpt lat="42.101855" lon="-76.249735"></trkpt>
    <trkpt lat="42.101895" lon="-76.250576"></trkpt>
    <trkpt lat="42.101905" lon="-76.251169"></trkpt>
    <trkpt lat="42.101903" lon="-76.251621"></trkpt>
    <trkpt lat="42.101873" lon="-76.25242"></trkpt>
    <trkpt lat="42.101819" lon="-76.253169"></trkpt>
    <trkpt lat="42.101744" lon="-76.253756"></trkpt>
    <trkpt lat="42.101655" lon="-76.254338"></trkpt>
    <trkpt lat="42.101452" lon="-76.255334"></trkpt>
    <trkpt lat="42.101283" lon="-76.255915"></trkpt>
    <trkpt lat="42.100929" lon="-76.256953"></trkpt>
    <trkpt lat="42.100654" lon="-76.257557"></trkpt>
    <trkpt lat="42.100336" lon="-76.25811"></trkpt>
    <trkpt lat="42.100122" lon="-76.258447"></trkpt>
    <trkpt lat="42.099886" lon="-76.258784"></trkpt>
    <trkpt lat="42.099339" lon="-76.259463"></trkpt>
    <trkpt lat="42.096455" lon="-76.262938"></trkpt>
    <trkpt lat="42.095955" lon="-76.263532"></trkpt>
    <trkpt lat="42.094786" lon="-76.265112"></trkpt>
    <trkpt lat="42.094368" lon="-76.265712"></trkpt>
    <trkpt lat="42.092466" lon="-76.268782"></trkpt>
    <trkpt lat="42.09243" lon="-76.268839"></trkpt>
    <trkpt lat="42.092344" lon="-76.268975"></trkpt>
    <trkpt lat="42.09229" lon="-76.269061"></trkpt>
    <trkpt lat="42.090705" lon="-76.271653"></trkpt>
    <trkpt lat="42.089935" lon="-76.272905"></trkpt>
    <trkpt lat="42.089087" lon="-76.274262"></trkpt>
    <trkpt lat="42.088516" lon="-76.27522"></trkpt>
    <trkpt lat="42.087613" lon="-76.276721"></trkpt>
    <trkpt lat="42.087234" lon="-76.277441"></trkpt>
    <trkpt lat="42.086955" lon="-76.278021"></trkpt>
    <trkpt lat="42.086748" lon="-76.278501"></trkpt>
    <trkpt lat="42.08643" lon="-76.279218"></trkpt>
    <trkpt lat="42.085508" lon="-76.28174"></trkpt>
    <trkpt lat="42.084632" lon="-76.284235"></trkpt>
    <trkpt lat="42.083756" lon="-76.286746"></trkpt>
    <trkpt lat="42.083415" lon="-76.288027"></trkpt>
    <trkpt lat="42.083233" lon="-76.28885"></trkpt>
    <trkpt lat="42.083047" lon="-76.290128"></trkpt>
    <trkpt lat="42.082907" lon="-76.29176"></trkpt>
    <trkpt lat="42.082907" lon="-76.294469"></trkpt>
    <trkpt lat="42.082942" lon="-76.296373"></trkpt>
    <trkpt lat="42.082972" lon="-76.297627"></trkpt>
    <trkpt lat="42.082969" lon="-76.29868"></trkpt>
    <trkpt lat="42.082852" lon="-76.299892"></trkpt>
    <trkpt lat="42.082736" lon="-76.300549"></trkpt>
    <trkpt lat="42.082583" lon="-76.301238"></trkpt>
    <trkpt lat="42.08226" lon="-76.302236"></trkpt>
    <trkpt lat="42.081865" lon="-76.303223"></trkpt>
    <trkpt lat="42.0813" lon="-76.304384"></trkpt>
    <trkpt lat="42.08044" lon="-76.305825"></trkpt>
    <trkpt lat="42.079461" lon="-76.307174"></trkpt>
    <trkpt lat="42.078347" lon="-76.308495"></trkpt>
    <trkpt lat="42.077186" lon="-76.309932"></trkpt>
    <trkpt lat="42.076131" lon="-76.311218"></trkpt>
    <trkpt lat="42.07455" lon="-76.313131"></trkpt>
    <trkpt lat="42.072307" lon="-76.31584"></trkpt>
    <trkpt lat="42.069848" lon="-76.318898"></trkpt>
    <trkpt lat="42.068083" lon="-76.321133"></trkpt>
    <trkpt lat="42.066947" lon="-76.322547"></trkpt>
    <trkpt lat="42.066541" lon="-76.323062"></trkpt>
    <trkpt lat="42.066325" lon="-76.32334"></trkpt>
    <trkpt lat="42.06459" lon="-76.325539"></trkpt>
    <trkpt lat="42.063631" lon="-76.326754"></trkpt>
    <trkpt lat="42.063393" lon="-76.32703"></trkpt>
    <trkpt lat="42.062942" lon="-76.327535"></trkpt>
    <trkpt lat="42.062328" lon="-76.328197"></trkpt>
    <trkpt lat="42.061564" lon="-76.328904"></trkpt>
    <trkpt lat="42.06076" lon="-76.329593"></trkpt>
    <trkpt lat="42.060384" lon="-76.32988"></trkpt>
    <trkpt lat="42.060254" lon="-76.329984"></trkpt>
    <trkpt lat="42.059904" lon="-76.330228"></trkpt>
    <trkpt lat="42.059396" lon="-76.330579"></trkpt>
    <trkpt lat="42.058919" lon="-76.330875"></trkpt>
    <trkpt lat="42.058404" lon="-76.331174"></trkpt>
    <trkpt lat="42.057107" lon="-76.331918"></trkpt>
    <trkpt lat="42.054807" lon="-76.333272"></trkpt>
    <trkpt lat="42.05308" lon="-76.334285"></trkpt>
    <trkpt lat="42.051181" lon="-76.335388"></trkpt>
    <trkpt lat="42.049026" lon="-76.336648"></trkpt>
    <trkpt lat="42.04715" lon="-76.337748"></trkpt>
    <trkpt lat="42.045881" lon="-76.338479"></trkpt>
    <trkpt lat="42.044792" lon="-76.339119"></trkpt>
    <trkpt lat="42.043601" lon="-76.339873"></trkpt>
    <trkpt lat="42.038442" lon="-76.343331"></trkpt>
    <trkpt lat="42.035307" lon="-76.345439"></trkpt>
    <trkpt lat="42.032297" lon="-76.34746"></trkpt>
    <trkpt lat="42.030611" lon="-76.348585"></trkpt>
    <trkpt lat="42.028826" lon="-76.349784"></trkpt>
    <trkpt lat="42.027997" lon="-76.350357"></trkpt>
    <trkpt lat="42.027673" lon="-76.350608"></trkpt>
    <trkpt lat="42.027291" lon="-76.350946"></trkpt>
    <trkpt lat="42.026847" lon="-76.351413"></trkpt>
    <trkpt lat="42.026566" lon="-76.351729"></trkpt>
    <trkpt lat="42.026329" lon="-76.352052"></trkpt>
    <trkpt lat="42.025781" lon="-76.352872"></trkpt>
    <trkpt lat="42.025645" lon="-76.353107"></trkpt>
    <trkpt lat="42.02541" lon="-76.353561"></trkpt>
    <trkpt lat="42.025121" lon="-76.354189"></trkpt>
    <trkpt lat="42.024859" lon="-76.354871"></trkpt>
    <trkpt lat="42.024692" lon="-76.355375"></trkpt>
    <trkpt lat="42.024504" lon="-76.356143"></trkpt>
    <trkpt lat="42.024386" lon="-76.356676"></trkpt>
    <trkpt lat="42.02432" lon="-76.35707"></trkpt>
    <trkpt lat="42.024284" lon="-76.357375"></trkpt>
    <trkpt lat="42.02423" lon="-76.357938"></trkpt>
    <trkpt lat="42.024189" lon="-76.358615"></trkpt>
    <trkpt lat="42.024107" lon="-76.361653"></trkpt>
    <trkpt lat="42.024095" lon="-76.362207"></trkpt>
    <trkpt lat="42.023972" lon="-76.367183"></trkpt>
    <trkpt lat="42.023902" lon="-76.370165"></trkpt>
    <trkpt lat="42.023918" lon="-76.370754"></trkpt>
    <trkpt lat="42.023955" lon="-76.37134"></trkpt>
    <trkpt lat="42.024002" lon="-76.371786"></trkpt>
    <trkpt lat="42.024055" lon="-76.372189"></trkpt>
    <trkpt lat="42.024168" lon="-76.372846"></trkpt>
    <trkpt lat="42.024314" lon="-76.373464"></trkpt>
    <trkpt lat="42.024471" lon="-76.374085"></trkpt>
    <trkpt lat="42.025802" lon="-76.379138"></trkpt>
    <trkpt lat="42.026083" lon="-76.380221"></trkpt>
    <trkpt lat="42.026324" lon="-76.38112"></trkpt>
    <trkpt lat="42.026483" lon="-76.3818"></trkpt>
    <trkpt lat="42.026579" lon="-76.382281"></trkpt>
    <trkpt lat="42.026658" lon="-76.382795"></trkpt>
    <trkpt lat="42.026708" lon="-76.383203"></trkpt>
    <trkpt lat="42.026758" lon="-76.383815"></trkpt>
    <trkpt lat="42.026785" lon="-76.384383"></trkpt>
    <trkpt lat="42.026783" lon="-76.385032"></trkpt>
    <trkpt lat="42.026766" lon="-76.385462"></trkpt>
    <trkpt lat="42.026715" lon="-76.386114"></trkpt>
    <trkpt lat="42.026654" lon="-76.386611"></trkpt>
    <trkpt lat="42.026594" lon="-76.38701"></trkpt>
    <trkpt lat="42.026486" lon="-76.387592"></trkpt>
    <trkpt lat="42.026323" lon="-76.388255"></trkpt>
    <trkpt lat="42.026146" lon="-76.388878"></trkpt>
    <trkpt lat="42.02608" lon="-76.389081"></trkpt>
    <trkpt lat="42.025966" lon="-76.389393"></trkpt>
    <trkpt lat="42.025642" lon="-76.390164"></trkpt>
    <trkpt lat="42.025279" lon="-76.390933"></trkpt>
    <trkpt lat="42.023477" lon="-76.394575"></trkpt>
    <trkpt lat="42.023" lon="-76.395553"></trkpt>
    <trkpt lat="42.022987" lon="-76.395583"></trkpt>
    <trkpt lat="42.022787" lon="-76.396042"></trkpt>
    <trkpt lat="42.022582" lon="-76.396566"></trkpt>
    <trkpt lat="42.022424" lon="-76.397029"></trkpt>
    <trkpt lat="42.022266" lon="-76.397569"></trkpt>
    <trkpt lat="42.022113" lon="-76.398203"></trkpt>
    <trkpt lat="42.022027" lon="-76.398677"></trkpt>
    <trkpt lat="42.021951" lon="-76.399105"></trkpt>
    <trkpt lat="42.021894" lon="-76.399545"></trkpt>
    <trkpt lat="42.021829" lon="-76.400322"></trkpt>
    <trkpt lat="42.021813" lon="-76.400878"></trkpt>
    <trkpt lat="42.021809" lon="-76.40145"></trkpt>
    <trkpt lat="42.021853" lon="-76.402239"></trkpt>
    <trkpt lat="42.021919" lon="-76.403028"></trkpt>
    <trkpt lat="42.02244" lon="-76.40863"></trkpt>
    <trkpt lat="42.023052" lon="-76.415211"></trkpt>
    <trkpt lat="42.023311" lon="-76.418096"></trkpt>
    <trkpt lat="42.023469" lon="-76.41952"></trkpt>
    <trkpt lat="42.023617" lon="-76.420582"></trkpt>
    <trkpt lat="42.023744" lon="-76.421384"></trkpt>
    <trkpt lat="42.023974" lon="-76.422534"></trkpt>
    <trkpt lat="42.024286" lon="-76.423887"></trkpt>
    <trkpt lat="42.024861" lon="-76.426001"></trkpt>
    <trkpt lat="42.025171" lon="-76.427158"></trkpt>
    <trkpt lat="42.027417" lon="-76.435439"></trkpt>
    <trkpt lat="42.027879" lon="-76.437156"></trkpt>
    <trkpt lat="42.028149" lon="-76.438256"></trkpt>
    <trkpt lat="42.028266" lon="-76.438954"></trkpt>
    <trkpt lat="42.028349" lon="-76.439605"></trkpt>
    <trkpt lat="42.028396" lon="-76.440291"></trkpt>
    <trkpt lat="42.028407" lon="-76.440946"></trkpt>
    <trkpt lat="42.028394" lon="-76.441509"></trkpt>
    <trkpt lat="42.02836" lon="-76.442084"></trkpt>
    <trkpt lat="42.028308" lon="-76.442587"></trkpt>
    <trkpt lat="42.02822" lon="-76.443165"></trkpt>
    <trkpt lat="42.028091" lon="-76.443852"></trkpt>
    <trkpt lat="42.0279" lon="-76.444636"></trkpt>
    <trkpt lat="42.027714" lon="-76.445178"></trkpt>
    <trkpt lat="42.027542" lon="-76.445649"></trkpt>
    <trkpt lat="42.027239" lon="-76.446365"></trkpt>
    <trkpt lat="42.027023" lon="-76.446794"></trkpt>
    <trkpt lat="42.026856" lon="-76.44709"></trkpt>
    <trkpt lat="42.026541" lon="-76.447614"></trkpt>
    <trkpt lat="42.026064" lon="-76.448275"></trkpt>
    <trkpt lat="42.025508" lon="-76.448922"></trkpt>
    <trkpt lat="42.024945" lon="-76.449466"></trkpt>
    <trkpt lat="42.024464" lon="-76.449842"></trkpt>
    <trkpt lat="42.023957" lon="-76.450185"></trkpt>
    <trkpt lat="42.023474" lon="-76.450454"></trkpt>
    <trkpt lat="42.023047" lon="-76.450666"></trkpt>
    <trkpt lat="42.016883" lon="-76.453515"></trkpt>
    <trkpt lat="42.01639" lon="-76.453771"></trkpt>
    <trkpt lat="42.015861" lon="-76.454072"></trkpt>
    <trkpt lat="42.015267" lon="-76.454457"></trkpt>
    <trkpt lat="42.014454" lon="-76.455046"></trkpt>
    <trkpt lat="42.013916" lon="-76.455492"></trkpt>
    <trkpt lat="42.013412" lon="-76.455946"></trkpt>
    <trkpt lat="42.01293" lon="-76.456421"></trkpt>
    <trkpt lat="42.012623" lon="-76.456752"></trkpt>
    <trkpt lat="42.012015" lon="-76.457456"></trkpt>
    <trkpt lat="42.011568" lon="-76.458019"></trkpt>
    <trkpt lat="42.011325" lon="-76.458349"></trkpt>
    <trkpt lat="42.011177" lon="-76.458549"></trkpt>
    <trkpt lat="42.011039" lon="-76.458753"></trkpt>
    <trkpt lat="42.010667" lon="-76.459313"></trkpt>
    <trkpt lat="42.010243" lon="-76.460013"></trkpt>
    <trkpt lat="42.010003" lon="-76.460442"></trkpt>
    <trkpt lat="42.00978" lon="-76.460872"></trkpt>
    <trkpt lat="42.009356" lon="-76.461745"></trkpt>
    <trkpt lat="42.00902" lon="-76.462505"></trkpt>
    <trkpt lat="42.008833" lon="-76.462983"></trkpt>
    <trkpt lat="42.008279" lon="-76.464587"></trkpt>
    <trkpt lat="42.008077" lon="-76.465267"></trkpt>
    <trkpt lat="42.007938" lon="-76.465789"></trkpt>
    <trkpt lat="42.007798" lon="-76.466407"></trkpt>
    <trkpt lat="42.007663" lon="-76.46705"></trkpt>
    <trkpt lat="42.007504" lon="-76.468024"></trkpt>
    <trkpt lat="42.007344" lon="-76.469141"></trkpt>
    <trkpt lat="42.007273" lon="-76.469838"></trkpt>
    <trkpt lat="42.007236" lon="-76.470274"></trkpt>
    <trkpt lat="42.007176" lon="-76.471463"></trkpt>
    <trkpt lat="42.007132" lon="-76.472486"></trkpt>
    <trkpt lat="42.007047" lon="-76.474532"></trkpt>
    <trkpt lat="42.006821" lon="-76.480073"></trkpt>
    <trkpt lat="42.006713" lon="-76.482559"></trkpt>
    <trkpt lat="42.006616" lon="-76.483808"></trkpt>
    <trkpt lat="42.006499" lon="-76.484847"></trkpt>
    <trkpt lat="42.006443" lon="-76.485262"></trkpt>
    <trkpt lat="42.006229" lon="-76.486641"></trkpt>
    <trkpt lat="42.006091" lon="-76.487366"></trkpt>
    <trkpt lat="42.005918" lon="-76.488212"></trkpt>
    <trkpt lat="42.005252" lon="-76.491359"></trkpt>
    <trkpt lat="42.004028" lon="-76.497102"></trkpt>
    <trkpt lat="42.00346" lon="-76.499802"></trkpt>
    <trkpt lat="42.003291" lon="-76.500596"></trkpt>
    <trkpt lat="42.000688" lon="-76.512852"></trkpt>
    <trkpt lat="42.000601" lon="-76.513326"></trkpt>
    <trkpt lat="42.000468" lon="-76.514161"></trkpt>
    <trkpt lat="42.0004" lon="-76.514609"></trkpt>
    <trkpt lat="42.000304" lon="-76.515484"></trkpt>
    <trkpt lat="42.000231" lon="-76.516343"></trkpt>
    <trkpt lat="42.000187" lon="-76.517199"></trkpt>
    <trkpt lat="42.000174" lon="-76.517659"></trkpt>
    <trkpt lat="42.000166" lon="-76.518505"></trkpt>
    <trkpt lat="42.000185" lon="-76.521077"></trkpt>
    <trkpt lat="42.000193" lon="-76.521883"></trkpt>
    <trkpt lat="42.000199" lon="-76.522595"></trkpt>
    <trkpt lat="42.000211" lon="-76.523536"></trkpt>
    <trkpt lat="42.000215" lon="-76.524001"></trkpt>
    <trkpt lat="42.000218" lon="-76.524781"></trkpt>
    <trkpt lat="42.000223" lon="-76.525158"></trkpt>
    <trkpt lat="42.000239" lon="-76.528503"></trkpt>
    <trkpt lat="42.000237" lon="-76.529265"></trkpt>
    <trkpt lat="42.000221" lon="-76.52982"></trkpt>
    <trkpt lat="42.000215" lon="-76.530028"></trkpt>
    <trkpt lat="42.000172" lon="-76.530713"></trkpt>
    <trkpt lat="42.000128" lon="-76.531224"></trkpt>
    <trkpt lat="42.000044" lon="-76.532046"></trkpt>
    <trkpt lat="41.999902" lon="-76.533188"></trkpt>
    <trkpt lat="41.999822" lon="-76.533838"></trkpt>
    <trkpt lat="41.99981" lon="-76.533932"></trkpt>
    <trkpt lat="41.999041" lon="-76.540021"></trkpt>
    <trkpt lat="41.998919" lon="-76.541098"></trkpt>
    <trkpt lat="41.998882" lon="-76.541434"></trkpt>
    <trkpt lat="41.99882" lon="-76.542385"></trkpt>
    <trkpt lat="41.998798" lon="-76.543056"></trkpt>
    <trkpt lat="41.998789" lon="-76.543754"></trkpt>
    <trkpt lat="41.998796" lon="-76.544278"></trkpt>
    <trkpt lat="41.998836" lon="-76.545099"></trkpt>
    <trkpt lat="41.998876" lon="-76.54559"></trkpt>
    <trkpt lat="41.998975" lon="-76.546475"></trkpt>
    <trkpt lat="41.999042" lon="-76.546917"></trkpt>
    <trkpt lat="41.999108" lon="-76.54732"></trkpt>
    <trkpt lat="41.999202" lon="-76.547845"></trkpt>
    <trkpt lat="41.999925" lon="-76.551344"></trkpt>
    <trkpt lat="42.0001" lon="-76.552221"></trkpt>
    <trkpt lat="42.000281" lon="-76.55309"></trkpt>
    <trkpt lat="42.000363" lon="-76.55351"></trkpt>
    <trkpt lat="42.000436" lon="-76.553926"></trkpt>
    <trkpt lat="42.000501" lon="-76.554364"></trkpt>
    <trkpt lat="42.000556" lon="-76.554787"></trkpt>
    <trkpt lat="42.000603" lon="-76.555167"></trkpt>
    <trkpt lat="42.000653" lon="-76.555799"></trkpt>
    <trkpt lat="42.00072" lon="-76.557222"></trkpt>
    <trkpt lat="42.00084" lon="-76.560374"></trkpt>
    <trkpt lat="42.001061" lon="-76.566229"></trkpt>
    <trkpt lat="42.001097" lon="-76.567832"></trkpt>
    <trkpt lat="42.001121" lon="-76.568907"></trkpt>
    <trkpt lat="42.00112" lon="-76.57084"></trkpt>
    <trkpt lat="42.001082" lon="-76.572992"></trkpt>
    <trkpt lat="42.000954" lon="-76.578358"></trkpt>
    <trkpt lat="42.000913" lon="-76.580698"></trkpt>
    <trkpt lat="42.000919" lon="-76.583103"></trkpt>
    <trkpt lat="42.001" lon="-76.590357"></trkpt>
    <trkpt lat="42.001011" lon="-76.592774"></trkpt>
    <trkpt lat="42.001054" lon="-76.595866"></trkpt>
    <trkpt lat="42.00107" lon="-76.602384"></trkpt>
    <trkpt lat="42.001116" lon="-76.605405"></trkpt>
    <trkpt lat="42.001118" lon="-76.605633"></trkpt>
    <trkpt lat="42.001129" lon="-76.606367"></trkpt>
    <trkpt lat="42.001176" lon="-76.607679"></trkpt>
    <trkpt lat="42.001305" lon="-76.610136"></trkpt>
    <trkpt lat="42.001423" lon="-76.612444"></trkpt>
    <trkpt lat="42.001514" lon="-76.614619"></trkpt>
    <trkpt lat="42.001662" lon="-76.617229"></trkpt>
    <trkpt lat="42.001867" lon="-76.618701"></trkpt>
    <trkpt lat="42.00218" lon="-76.620056"></trkpt>
    <trkpt lat="42.002557" lon="-76.621292"></trkpt>
    <trkpt lat="42.003386" lon="-76.623289"></trkpt>
    <trkpt lat="42.003768" lon="-76.623991"></trkpt>
    <trkpt lat="42.004109" lon="-76.624531"></trkpt>
    <trkpt lat="42.004362" lon="-76.624884"></trkpt>
    <trkpt lat="42.004755" lon="-76.625484"></trkpt>
    <trkpt lat="42.006654" lon="-76.627912"></trkpt>
    <trkpt lat="42.00864" lon="-76.6304"></trkpt>
    <trkpt lat="42.009935" lon="-76.632033"></trkpt>
    <trkpt lat="42.010626" lon="-76.6329"></trkpt>
    <trkpt lat="42.01219" lon="-76.635025"></trkpt>
    <trkpt lat="42.013151" lon="-76.636728"></trkpt>
    <trkpt lat="42.013507" lon="-76.637457"></trkpt>
    <trkpt lat="42.014827" lon="-76.640071"></trkpt>
    <trkpt lat="42.016436" lon="-76.643251"></trkpt>
    <trkpt lat="42.017181" lon="-76.644681"></trkpt>
    <trkpt lat="42.019193" lon="-76.64869"></trkpt>
    <trkpt lat="42.020612" lon="-76.651505"></trkpt>
    <trkpt lat="42.021574" lon="-76.653536"></trkpt>
    <trkpt lat="42.022216" lon="-76.655311"></trkpt>
    <trkpt lat="42.022472" lon="-76.656129"></trkpt>
    <trkpt lat="42.022584" lon="-76.656471"></trkpt>
    <trkpt lat="42.022908" lon="-76.657788"></trkpt>
    <trkpt lat="42.023897" lon="-76.661717"></trkpt>
    <trkpt lat="42.024423" lon="-76.663804"></trkpt>
    <trkpt lat="42.025116" lon="-76.66654"></trkpt>
    <trkpt lat="42.02635" lon="-76.671407"></trkpt>
    <trkpt lat="42.027059" lon="-76.674232"></trkpt>
    <trkpt lat="42.027544" lon="-76.676167"></trkpt>
    <trkpt lat="42.027625" lon="-76.676588"></trkpt>
    <trkpt lat="42.027712" lon="-76.67704"></trkpt>
    <trkpt lat="42.027793" lon="-76.677585"></trkpt>
    <trkpt lat="42.027854" lon="-76.678068"></trkpt>
    <trkpt lat="42.027903" lon="-76.678559"></trkpt>
    <trkpt lat="42.027941" lon="-76.679098"></trkpt>
    <trkpt lat="42.027961" lon="-76.679575"></trkpt>
    <trkpt lat="42.027966" lon="-76.680112"></trkpt>
    <trkpt lat="42.027965" lon="-76.680591"></trkpt>
    <trkpt lat="42.027942" lon="-76.681254"></trkpt>
    <trkpt lat="42.027911" lon="-76.682023"></trkpt>
    <trkpt lat="42.027846" lon="-76.684209"></trkpt>
    <trkpt lat="42.027789" lon="-76.685939"></trkpt>
    <trkpt lat="42.02773" lon="-76.687746"></trkpt>
    <trkpt lat="42.027595" lon="-76.691837"></trkpt>
    <trkpt lat="42.027566" lon="-76.692296"></trkpt>
    <trkpt lat="42.027545" lon="-76.692544"></trkpt>
    <trkpt lat="42.027514" lon="-76.692811"></trkpt>
    <trkpt lat="42.027486" lon="-76.693038"></trkpt>
    <trkpt lat="42.027429" lon="-76.693431"></trkpt>
    <trkpt lat="42.027384" lon="-76.693694"></trkpt>
    <trkpt lat="42.027342" lon="-76.69392"></trkpt>
    <trkpt lat="42.027291" lon="-76.694138"></trkpt>
    <trkpt lat="42.027198" lon="-76.694512"></trkpt>
    <trkpt lat="42.027122" lon="-76.694805"></trkpt>
    <trkpt lat="42.026377" lon="-76.697402"></trkpt>
    <trkpt lat="42.026282" lon="-76.697741"></trkpt>
    <trkpt lat="42.026197" lon="-76.698073"></trkpt>
    <trkpt lat="42.026111" lon="-76.698437"></trkpt>
    <trkpt lat="42.026045" lon="-76.698749"></trkpt>
    <trkpt lat="42.025993" lon="-76.699023"></trkpt>
    <trkpt lat="42.025944" lon="-76.699326"></trkpt>
    <trkpt lat="42.025892" lon="-76.699714"></trkpt>
    <trkpt lat="42.025859" lon="-76.700043"></trkpt>
    <trkpt lat="42.025832" lon="-76.700342"></trkpt>
    <trkpt lat="42.025774" lon="-76.70129"></trkpt>
    <trkpt lat="42.02552" lon="-76.705469"></trkpt>
    <trkpt lat="42.025494" lon="-76.705903"></trkpt>
    <trkpt lat="42.025484" lon="-76.706273"></trkpt>
    <trkpt lat="42.025474" lon="-76.7067"></trkpt>
    <trkpt lat="42.025477" lon="-76.707062"></trkpt>
    <trkpt lat="42.025492" lon="-76.707494"></trkpt>
    <trkpt lat="42.025521" lon="-76.70798"></trkpt>
    <trkpt lat="42.025551" lon="-76.708392"></trkpt>
    <trkpt lat="42.025595" lon="-76.708814"></trkpt>
    <trkpt lat="42.025641" lon="-76.709186"></trkpt>
    <trkpt lat="42.025696" lon="-76.709563"></trkpt>
    <trkpt lat="42.025743" lon="-76.709862"></trkpt>
    <trkpt lat="42.025799" lon="-76.710198"></trkpt>
    <trkpt lat="42.025888" lon="-76.71071"></trkpt>
    <trkpt lat="42.026479" lon="-76.713864"></trkpt>
    <trkpt lat="42.026548" lon="-76.714218"></trkpt>
    <trkpt lat="42.026626" lon="-76.714579"></trkpt>
    <trkpt lat="42.026707" lon="-76.714934"></trkpt>
    <trkpt lat="42.026794" lon="-76.715289"></trkpt>
    <trkpt lat="42.026901" lon="-76.715697"></trkpt>
    <trkpt lat="42.026964" lon="-76.715919"></trkpt>
    <trkpt lat="42.027048" lon="-76.71619"></trkpt>
    <trkpt lat="42.027139" lon="-76.716469"></trkpt>
    <trkpt lat="42.027254" lon="-76.716791"></trkpt>
    <trkpt lat="42.027373" lon="-76.717092"></trkpt>
    <trkpt lat="42.027652" lon="-76.717763"></trkpt>
    <trkpt lat="42.027845" lon="-76.718241"></trkpt>
    <trkpt lat="42.027957" lon="-76.71852"></trkpt>
    <trkpt lat="42.028627" lon="-76.720171"></trkpt>
    <trkpt lat="42.029489" lon="-76.722191"></trkpt>
    <trkpt lat="42.030061" lon="-76.723572"></trkpt>
    <trkpt lat="42.030235" lon="-76.723969"></trkpt>
    <trkpt lat="42.03046" lon="-76.724451"></trkpt>
    <trkpt lat="42.030609" lon="-76.724762"></trkpt>
    <trkpt lat="42.030774" lon="-76.725087"></trkpt>
    <trkpt lat="42.030944" lon="-76.725405"></trkpt>
    <trkpt lat="42.031155" lon="-76.725785"></trkpt>
    <trkpt lat="42.031356" lon="-76.726126"></trkpt>
    <trkpt lat="42.031613" lon="-76.726543"></trkpt>
    <trkpt lat="42.031896" lon="-76.726988"></trkpt>
    <trkpt lat="42.032828" lon="-76.728381"></trkpt>
    <trkpt lat="42.03423" lon="-76.730447"></trkpt>
    <trkpt lat="42.034412" lon="-76.730697"></trkpt>
    <trkpt lat="42.034635" lon="-76.730994"></trkpt>
    <trkpt lat="42.035383" lon="-76.731898"></trkpt>
    <trkpt lat="42.037747" lon="-76.734713"></trkpt>
    <trkpt lat="42.040539" lon="-76.737904"></trkpt>
    <trkpt lat="42.041601" lon="-76.739098"></trkpt>
    <trkpt lat="42.04368" lon="-76.741475"></trkpt>
    <trkpt lat="42.044928" lon="-76.742892"></trkpt>
    <trkpt lat="42.045106" lon="-76.743096"></trkpt>
    <trkpt lat="42.046351" lon="-76.744469"></trkpt>
    <trkpt lat="42.046588" lon="-76.744741"></trkpt>
    <trkpt lat="42.046885" lon="-76.745118"></trkpt>
    <trkpt lat="42.047317" lon="-76.745679"></trkpt>
    <trkpt lat="42.047467" lon="-76.745887"></trkpt>
    <trkpt lat="42.048673" lon="-76.747655"></trkpt>
    <trkpt lat="42.049429" lon="-76.748763"></trkpt>
    <trkpt lat="42.049765" lon="-76.749249"></trkpt>
    <trkpt lat="42.049943" lon="-76.749499"></trkpt>
    <trkpt lat="42.050095" lon="-76.749693"></trkpt>
    <trkpt lat="42.0503" lon="-76.749942"></trkpt>
    <trkpt lat="42.050766" lon="-76.750462"></trkpt>
    <trkpt lat="42.051153" lon="-76.750857"></trkpt>
    <trkpt lat="42.051417" lon="-76.751082"></trkpt>
    <trkpt lat="42.051632" lon="-76.75125"></trkpt>
    <trkpt lat="42.055247" lon="-76.753629"></trkpt>
    <trkpt lat="42.05545" lon="-76.753772"></trkpt>
    <trkpt lat="42.055696" lon="-76.75396"></trkpt>
    <trkpt lat="42.055902" lon="-76.754138"></trkpt>
    <trkpt lat="42.056066" lon="-76.754304"></trkpt>
    <trkpt lat="42.056238" lon="-76.754476"></trkpt>
    <trkpt lat="42.056398" lon="-76.754641"></trkpt>
    <trkpt lat="42.05654" lon="-76.754803"></trkpt>
    <trkpt lat="42.056886" lon="-76.755232"></trkpt>
    <trkpt lat="42.057639" lon="-76.756213"></trkpt>
    <trkpt lat="42.058133" lon="-76.756849"></trkpt>
    <trkpt lat="42.058337" lon="-76.757086"></trkpt>
    <trkpt lat="42.058539" lon="-76.757314"></trkpt>
    <trkpt lat="42.058696" lon="-76.757475"></trkpt>
    <trkpt lat="42.058863" lon="-76.757631"></trkpt>
    <trkpt lat="42.059254" lon="-76.757972"></trkpt>
    <trkpt lat="42.059562" lon="-76.758223"></trkpt>
    <trkpt lat="42.059752" lon="-76.758361"></trkpt>
    <trkpt lat="42.061436" lon="-76.759536"></trkpt>
    <trkpt lat="42.063357" lon="-76.760871"></trkpt>
    <trkpt lat="42.064547" lon="-76.761696"></trkpt>
    <trkpt lat="42.065086" lon="-76.762097"></trkpt>
    <trkpt lat="42.065966" lon="-76.762782"></trkpt>
    <trkpt lat="42.066447" lon="-76.76315"></trkpt>
    <trkpt lat="42.066901" lon="-76.763526"></trkpt>
    <trkpt lat="42.067238" lon="-76.763799"></trkpt>
    <trkpt lat="42.067397" lon="-76.763937"></trkpt>
    <trkpt lat="42.067561" lon="-76.764094"></trkpt>
    <trkpt lat="42.067702" lon="-76.764237"></trkpt>
    <trkpt lat="42.068368" lon="-76.76491"></trkpt>
    <trkpt lat="42.070214" lon="-76.766755"></trkpt>
    <trkpt lat="42.07227" lon="-76.768896"></trkpt>
    <trkpt lat="42.073337" lon="-76.770042"></trkpt>
    <trkpt lat="42.075104" lon="-76.771899"></trkpt>
    <trkpt lat="42.075987" lon="-76.772829"></trkpt>
    <trkpt lat="42.076218" lon="-76.773045"></trkpt>
    <trkpt lat="42.076491" lon="-76.7733"></trkpt>
    <trkpt lat="42.076857" lon="-76.773614"></trkpt>
    <trkpt lat="42.077123" lon="-76.773834"></trkpt>
    <trkpt lat="42.077381" lon="-76.774028"></trkpt>
    <trkpt lat="42.079925" lon="-76.775617"></trkpt>
    <trkpt lat="42.081562" lon="-76.77661"></trkpt>
    <trkpt lat="42.08364" lon="-76.777902"></trkpt>
    <trkpt lat="42.085307" lon="-76.778949"></trkpt>
    <trkpt lat="42.085676" lon="-76.779187"></trkpt>
    <trkpt lat="42.085881" lon="-76.779321"></trkpt>
    <trkpt lat="42.086075" lon="-76.779455"></trkpt>
    <trkpt lat="42.086317" lon="-76.779628"></trkpt>
    <trkpt lat="42.086622" lon="-76.779855"></trkpt>
    <trkpt lat="42.086945" lon="-76.780109"></trkpt>
    <trkpt lat="42.087257" lon="-76.780351"></trkpt>
    <trkpt lat="42.087977" lon="-76.780924"></trkpt>
    <trkpt lat="42.088297" lon="-76.781157"></trkpt>
    <trkpt lat="42.088664" lon="-76.781409"></trkpt>
    <trkpt lat="42.089115" lon="-76.781696"></trkpt>
    <trkpt lat="42.090281" lon="-76.782356"></trkpt>
    <trkpt lat="42.092361" lon="-76.783563"></trkpt>
    <trkpt lat="42.093025" lon="-76.784017"></trkpt>
    <trkpt lat="42.094014" lon="-76.784918"></trkpt>
    <trkpt lat="42.095168" lon="-76.785914"></trkpt>
    <trkpt lat="42.096959" lon="-76.787221"></trkpt>
    <trkpt lat="42.098254" lon="-76.788139"></trkpt>
    <trkpt lat="42.098969" lon="-76.788712"></trkpt>
    <trkpt lat="42.099787" lon="-76.789541"></trkpt>
    <trkpt lat="42.1008" lon="-76.790637"></trkpt>
    <trkpt lat="42.101875" lon="-76.791744"></trkpt>
    <trkpt lat="42.102352" lon="-76.792181"></trkpt>
    <trkpt lat="42.103596" lon="-76.792966"></trkpt>
    <trkpt lat="42.105727" lon="-76.794258"></trkpt>
    <trkpt lat="42.107592" lon="-76.795222"></trkpt>
    <trkpt lat="42.109903" lon="-76.796303"></trkpt>
    <trkpt lat="42.111956" lon="-76.797304"></trkpt>
    <trkpt lat="42.112886" lon="-76.797731"></trkpt>
    <trkpt lat="42.114251" lon="-76.798448"></trkpt>
    <trkpt lat="42.11603" lon="-76.79947"></trkpt>
    <trkpt lat="42.117523" lon="-76.800356"></trkpt>
    <trkpt lat="42.118453" lon="-76.800793"></trkpt>
    <trkpt lat="42.119669" lon="-76.801252"></trkpt>
    <trkpt lat="42.120678" lon="-76.801531"></trkpt>
    <trkpt lat="42.122249" lon="-76.801784"></trkpt>
    <trkpt lat="42.130013" lon="-76.801938"></trkpt>
    <trkpt lat="42.131572" lon="-76.802077"></trkpt>
    <trkpt lat="42.133077" lon="-76.802333"></trkpt>
    <trkpt lat="42.134289" lon="-76.802639"></trkpt>
    <trkpt lat="42.135356" lon="-76.803012"></trkpt>
    <trkpt lat="42.13708" lon="-76.803728"></trkpt>
    <trkpt lat="42.138485" lon="-76.804357"></trkpt>
    <trkpt lat="42.140048" lon="-76.804929"></trkpt>
    <trkpt lat="42.140831" lon="-76.80511"></trkpt>
    <trkpt lat="42.146536" lon="-76.805659"></trkpt>
    <trkpt lat="42.148467" lon="-76.805845"></trkpt>
    <trkpt lat="42.149775" lon="-76.805985"></trkpt>
    <trkpt lat="42.150646" lon="-76.806156"></trkpt>
    <trkpt lat="42.151153" lon="-76.806369"></trkpt>
    <trkpt lat="42.151625" lon="-76.80666"></trkpt>
    <trkpt lat="42.152036" lon="-76.806935"></trkpt>
    <trkpt lat="42.152546" lon="-76.80736"></trkpt>
    <trkpt lat="42.15285" lon="-76.80768"></trkpt>
    <trkpt lat="42.153262" lon="-76.808169"></trkpt>
    <trkpt lat="42.153701" lon="-76.808755"></trkpt>
    <trkpt lat="42.154116" lon="-76.809488"></trkpt>
    <trkpt lat="42.154559" lon="-76.810512"></trkpt>
    <trkpt lat="42.154885" lon="-76.811692"></trkpt>
    <trkpt lat="42.154891" lon="-76.81172"></trkpt>
    <trkpt lat="42.155052" lon="-76.812448"></trkpt>
    <trkpt lat="42.155569" lon="-76.814793"></trkpt>
    <trkpt lat="42.155665" lon="-76.81519"></trkpt>
    <trkpt lat="42.155764" lon="-76.815579"></trkpt>
    <trkpt lat="42.156065" lon="-76.816876"></trkpt>
    <trkpt lat="42.156349" lon="-76.817961"></trkpt>
    <trkpt lat="42.156675" lon="-76.819138"></trkpt>
    <trkpt lat="42.157279" lon="-76.82123"></trkpt>
    <trkpt lat="42.157423" lon="-76.821728"></trkpt>
    <trkpt lat="42.157694" lon="-76.822667"></trkpt>
    <trkpt lat="42.157783" lon="-76.822975"></trkpt>
    <trkpt lat="42.158744" lon="-76.826299"></trkpt>
    <trkpt lat="42.159061" lon="-76.827383"></trkpt>
    <trkpt lat="42.159131" lon="-76.827626"></trkpt>
    <trkpt lat="42.15924" lon="-76.828002"></trkpt>
    <trkpt lat="42.159729" lon="-76.829695"></trkpt>
    <trkpt lat="42.159896" lon="-76.830403"></trkpt>
    <trkpt lat="42.159983" lon="-76.831101"></trkpt>
    <trkpt lat="42.160047" lon="-76.831927"></trkpt>
    <trkpt lat="42.160071" lon="-76.832699"></trkpt>
    <trkpt lat="42.160007" lon="-76.833611"></trkpt>
    <trkpt lat="42.159967" lon="-76.834448"></trkpt>
    <trkpt lat="42.159983" lon="-76.835167"></trkpt>
    <trkpt lat="42.160031" lon="-76.835639"></trkpt>
    <trkpt lat="42.16011" lon="-76.836133"></trkpt>
    <trkpt lat="42.160333" lon="-76.837098"></trkpt>
    <trkpt lat="42.16058" lon="-76.83816"></trkpt>
    <trkpt lat="42.160739" lon="-76.838761"></trkpt>
    <trkpt lat="42.161351" lon="-76.841529"></trkpt>
    <trkpt lat="42.16156" lon="-76.842633"></trkpt>
    <trkpt lat="42.161946" lon="-76.845582"></trkpt>
    <trkpt lat="42.162048" lon="-76.847693"></trkpt>
    <trkpt lat="42.161918" lon="-76.850372"></trkpt>
    <trkpt lat="42.161716" lon="-76.85197"></trkpt>
    <trkpt lat="42.160917" lon="-76.856097"></trkpt>
    <trkpt lat="42.159837" lon="-76.862018"></trkpt>
    <trkpt lat="42.159415" lon="-76.864341"></trkpt>
    <trkpt lat="42.158761" lon="-76.867903"></trkpt>
    <trkpt lat="42.157915" lon="-76.87245"></trkpt>
    <trkpt lat="42.15744" lon="-76.874953"></trkpt>
    <trkpt lat="42.155998" lon="-76.881695"></trkpt>
    <trkpt lat="42.155819" lon="-76.88257"></trkpt>
    <trkpt lat="42.155198" lon="-76.885384"></trkpt>
    <trkpt lat="42.155121" lon="-76.885731"></trkpt>
    <trkpt lat="42.154508" lon="-76.888508"></trkpt>
    <trkpt lat="42.151393" lon="-76.902725"></trkpt>
    <trkpt lat="42.150808" lon="-76.90546"></trkpt>
    <trkpt lat="42.150664" lon="-76.906132"></trkpt>
    <trkpt lat="42.150567" lon="-76.90714"></trkpt>
    <trkpt lat="42.150572" lon="-76.907615"></trkpt>
    <trkpt lat="42.15064" lon="-76.908073"></trkpt>
    <trkpt lat="42.150752" lon="-76.908458"></trkpt>
    <trkpt lat="42.150861" lon="-76.908722"></trkpt>
    <trkpt lat="42.151073" lon="-76.909217"></trkpt>
    <trkpt lat="42.151924" lon="-76.908944"></trkpt>
    <trkpt lat="42.152468" lon="-76.908719"></trkpt>
    <trkpt lat="42.154036" lon="-76.908042"></trkpt>
    <trkpt lat="42.154551" lon="-76.907828"></trkpt>
    <trkpt lat="42.155218" lon="-76.907551"></trkpt>
    <trkpt lat="42.155684" lon="-76.907388"></trkpt>
    <trkpt lat="42.155744" lon="-76.907366"></trkpt>
    <trkpt lat="42.155895" lon="-76.907322"></trkpt>
    <trkpt lat="42.156156" lon="-76.907257"></trkpt>
    <trkpt lat="42.156416" lon="-76.907209"></trkpt>
    <trkpt lat="42.15735" lon="-76.90706"></trkpt>
    <trkpt lat="42.157786" lon="-76.906998"></trkpt>
    <trkpt lat="42.158058" lon="-76.90698"></trkpt>
    <trkpt lat="42.158531" lon="-76.906974"></trkpt>
    <trkpt lat="42.158824" lon="-76.906976"></trkpt>
    <trkpt lat="42.158961" lon="-76.906977"></trkpt>
    <trkpt lat="42.158977" lon="-76.907367"></trkpt>
    <trkpt lat="42.159067" lon="-76.909305"></trkpt>
    <trkpt lat="42.159169" lon="-76.91223"></trkpt>
    <trkpt lat="42.159187" lon="-76.912746"></trkpt>
    <trkpt lat="42.159192" lon="-76.912887"></trkpt>
    <trkpt lat="42.159197" lon="-76.913021"></trkpt>
    <trkpt lat="42.159331" lon="-76.916149"></trkpt>
    <trkpt lat="42.159411" lon="-76.916752"></trkpt>
    <trkpt lat="42.159579" lon="-76.91766"></trkpt>
    <trkpt lat="42.159659" lon="-76.918247"></trkpt>
    <trkpt lat="42.159768" lon="-76.919306"></trkpt>
    <trkpt lat="42.159811" lon="-76.919728"></trkpt>
    <trkpt lat="42.159909" lon="-76.920714"></trkpt>
    <trkpt lat="42.159941" lon="-76.921032"></trkpt>
    <trkpt lat="42.159952" lon="-76.921162"></trkpt>
    <trkpt lat="42.159979" lon="-76.921406"></trkpt>
    <trkpt lat="42.16001" lon="-76.921716"></trkpt>
    <trkpt lat="42.160028" lon="-76.921898"></trkpt>
    <trkpt lat="42.160078" lon="-76.922406"></trkpt>
    <trkpt lat="42.160175" lon="-76.923345"></trkpt>
    <trkpt lat="42.160188" lon="-76.923466"></trkpt>
    <trkpt lat="42.160203" lon="-76.923622"></trkpt>
    <trkpt lat="42.16025" lon="-76.924099"></trkpt>
    <trkpt lat="42.160488" lon="-76.924122"></trkpt>
    <trkpt lat="42.160948" lon="-76.92416"></trkpt>
    <trkpt lat="42.161478" lon="-76.924183"></trkpt>
    <trkpt lat="42.162493" lon="-76.924206"></trkpt>
    <trkpt lat="42.16308" lon="-76.924229"></trkpt>
    <trkpt lat="42.164271" lon="-76.924256"></trkpt>
    <trkpt lat="42.164511" lon="-76.924298"></trkpt>
    <trkpt lat="42.164599" lon="-76.924351"></trkpt>
    <trkpt lat="42.164671" lon="-76.924466"></trkpt>
    <trkpt lat="42.165091" lon="-76.925282"></trkpt>
    <trkpt lat="42.165121" lon="-76.925328"></trkpt>
    <trkpt lat="42.165293" lon="-76.925664"></trkpt>
    <trkpt lat="42.165781" lon="-76.925786"></trkpt>
    <trkpt lat="42.166056" lon="-76.925778"></trkpt>
    <trkpt lat="42.16633" lon="-76.92584"></trkpt>
    <trkpt lat="42.166414" lon="-76.925859"></trkpt>
    <trkpt lat="42.167212" lon="-76.926007"></trkpt>
    <trkpt lat="42.167982" lon="-76.926221"></trkpt>
    <trkpt lat="42.168597" lon="-76.926251"></trkpt>
    <trkpt lat="42.168898" lon="-76.926259"></trkpt>
    <trkpt lat="42.169279" lon="-76.92622"></trkpt>
    <trkpt lat="42.169966" lon="-76.926167"></trkpt>
    <trkpt lat="42.170243" lon="-76.926155"></trkpt>
    <trkpt lat="42.170741" lon="-76.92606"></trkpt>
    <trkpt lat="42.171829" lon="-76.925701"></trkpt>
    <trkpt lat="42.173514" lon="-76.925186"></trkpt>
    <trkpt lat="42.173764" lon="-76.925123"></trkpt>
    <trkpt lat="42.17386" lon="-76.925093"></trkpt>
    <trkpt lat="42.174044" lon="-76.925038"></trkpt>
    <trkpt lat="42.174882" lon="-76.924821"></trkpt>
    <trkpt lat="42.175574" lon="-76.924687"></trkpt>
    <trkpt lat="42.176214" lon="-76.924702"></trkpt>
    <trkpt lat="42.177052" lon="-76.924816"></trkpt>
    <trkpt lat="42.177707" lon="-76.924943"></trkpt>
    <trkpt lat="42.178217" lon="-76.925061"></trkpt>
    <trkpt lat="42.178511" lon="-76.925091"></trkpt>
    <trkpt lat="42.178802" lon="-76.92516"></trkpt>
    <trkpt lat="42.178917" lon="-76.925188"></trkpt>
    <trkpt lat="42.181341" lon="-76.925886"></trkpt>
    <trkpt lat="42.181296" lon="-76.926058"></trkpt>
    <trkpt lat="42.181175" lon="-76.926142"></trkpt>
    <trkpt lat="42.181057" lon="-76.926188"></trkpt>
    <trkpt lat="42.180878" lon="-76.92622"></trkpt>
    <trkpt lat="42.179982" lon="-76.926613"></trkpt>
    <trkpt lat="42.179466" lon="-76.926975"></trkpt>
    <trkpt lat="42.178408" lon="-76.927418"></trkpt>
    <trkpt lat="42.178025" lon="-76.927576"></trkpt>
    <trkpt lat="42.177713" lon="-76.92767"></trkpt>
    <trkpt lat="42.176876" lon="-76.927699"></trkpt>
    <trkpt lat="42.17734" lon="-76.927683"></trkpt>
    <trkpt lat="42.177713" lon="-76.92767"></trkpt>
    <trkpt lat="42.178025" lon="-76.927576"></trkpt>
    <trkpt lat="42.178408" lon="-76.927418"></trkpt>
    <trkpt lat="42.179466" lon="-76.926975"></trkpt>
    <trkpt lat="42.179982" lon="-76.926613"></trkpt>
    <trkpt lat="42.180878" lon="-76.92622"></trkpt>
    <trkpt lat="42.181057" lon="-76.926188"></trkpt>
    <trkpt lat="42.181175" lon="-76.926142"></trkpt>
    <trkpt lat="42.181296" lon="-76.926058"></trkpt>
    <trkpt lat="42.181341" lon="-76.925886"></trkpt>
    <trkpt lat="42.178917" lon="-76.925188"></trkpt>
    <trkpt lat="42.178802" lon="-76.92516"></trkpt>
    <trkpt lat="42.178511" lon="-76.925091"></trkpt>
    <trkpt lat="42.178217" lon="-76.925061"></trkpt>
    <trkpt lat="42.177707" lon="-76.924943"></trkpt>
    <trkpt lat="42.177052" lon="-76.924816"></trkpt>
    <trkpt lat="42.176214" lon="-76.924702"></trkpt>
    <trkpt lat="42.175574" lon="-76.924687"></trkpt>
    <trkpt lat="42.174882" lon="-76.924821"></trkpt>
    <trkpt lat="42.174044" lon="-76.925038"></trkpt>
    <trkpt lat="42.17386" lon="-76.925093"></trkpt>
    <trkpt lat="42.173764" lon="-76.925123"></trkpt>
    <trkpt lat="42.173514" lon="-76.925186"></trkpt>
    <trkpt lat="42.171829" lon="-76.925701"></trkpt>
    <trkpt lat="42.170741" lon="-76.92606"></trkpt>
    <trkpt lat="42.170243" lon="-76.926155"></trkpt>
    <trkpt lat="42.169966" lon="-76.926167"></trkpt>
    <trkpt lat="42.169279" lon="-76.92622"></trkpt>
    <trkpt lat="42.168898" lon="-76.926259"></trkpt>
    <trkpt lat="42.168597" lon="-76.926251"></trkpt>
    <trkpt lat="42.167982" lon="-76.926221"></trkpt>
    <trkpt lat="42.167212" lon="-76.926007"></trkpt>
    <trkpt lat="42.166414" lon="-76.925859"></trkpt>
    <trkpt lat="42.16633" lon="-76.92584"></trkpt>
    <trkpt lat="42.166056" lon="-76.925778"></trkpt>
    <trkpt lat="42.165781" lon="-76.925786"></trkpt>
    <trkpt lat="42.165293" lon="-76.925664"></trkpt>
    <trkpt lat="42.165121" lon="-76.925328"></trkpt>
    <trkpt lat="42.165091" lon="-76.925282"></trkpt>
    <trkpt lat="42.164671" lon="-76.924466"></trkpt>
    <trkpt lat="42.164599" lon="-76.924351"></trkpt>
    <trkpt lat="42.164511" lon="-76.924298"></trkpt>
    <trkpt lat="42.164271" lon="-76.924256"></trkpt>
    <trkpt lat="42.16308" lon="-76.924229"></trkpt>
    <trkpt lat="42.162493" lon="-76.924206"></trkpt>
    <trkpt lat="42.161478" lon="-76.924183"></trkpt>
    <trkpt lat="42.160948" lon="-76.92416"></trkpt>
    <trkpt lat="42.160488" lon="-76.924122"></trkpt>
    <trkpt lat="42.16025" lon="-76.924099"></trkpt>
    <trkpt lat="42.159578" lon="-76.924077"></trkpt>
    <trkpt lat="42.158739" lon="-76.924046"></trkpt>
    <trkpt lat="42.157503" lon="-76.924023"></trkpt>
    <trkpt lat="42.157423" lon="-76.924023"></trkpt>
    <trkpt lat="42.157233" lon="-76.924054"></trkpt>
    <trkpt lat="42.156565" lon="-76.92426"></trkpt>
    <trkpt lat="42.155443" lon="-76.924633"></trkpt>
    <trkpt lat="42.154463" lon="-76.924954"></trkpt>
    <trkpt lat="42.154238" lon="-76.925046"></trkpt>
    <trkpt lat="42.154027" lon="-76.925093"></trkpt>
    <trkpt lat="42.153823" lon="-76.925122"></trkpt>
    <trkpt lat="42.153617" lon="-76.925131"></trkpt>
    <trkpt lat="42.153523" lon="-76.925129"></trkpt>
    <trkpt lat="42.153397" lon="-76.925127"></trkpt>
    <trkpt lat="42.152943" lon="-76.925117"></trkpt>
    <trkpt lat="42.15132" lon="-76.925091"></trkpt>
    <trkpt lat="42.149901" lon="-76.925067"></trkpt>
    <trkpt lat="42.149568" lon="-76.925042"></trkpt>
    <trkpt lat="42.149388" lon="-76.925562"></trkpt>
    <trkpt lat="42.149279" lon="-76.925877"></trkpt>
    <trkpt lat="42.148657" lon="-76.927602"></trkpt>
    <trkpt lat="42.148352" lon="-76.928403"></trkpt>
    <trkpt lat="42.14809" lon="-76.928991"></trkpt>
    <trkpt lat="42.148039" lon="-76.929105"></trkpt>
    <trkpt lat="42.147529" lon="-76.930066"></trkpt>
    <trkpt lat="42.146934" lon="-76.931188"></trkpt>
    <trkpt lat="42.146841" lon="-76.931363"></trkpt>
    <trkpt lat="42.146223" lon="-76.932508"></trkpt>
    <trkpt lat="42.14609" lon="-76.932759"></trkpt>
    <trkpt lat="42.145483" lon="-76.933889"></trkpt>
    <trkpt lat="42.145089" lon="-76.934594"></trkpt>
    <trkpt lat="42.144674" lon="-76.935374"></trkpt>
    <trkpt lat="42.1439" lon="-76.936887"></trkpt>
    <trkpt lat="42.143736" lon="-76.937259"></trkpt>
    <trkpt lat="42.143587" lon="-76.937686"></trkpt>
    <trkpt lat="42.14347" lon="-76.938099"></trkpt>
    <trkpt lat="42.143385" lon="-76.938474"></trkpt>
    <trkpt lat="42.143316" lon="-76.93876"></trkpt>
    <trkpt lat="42.143265" lon="-76.93909"></trkpt>
    <trkpt lat="42.143194" lon="-76.939618"></trkpt>
    <trkpt lat="42.143134" lon="-76.940141"></trkpt>
    <trkpt lat="42.143079" lon="-76.940664"></trkpt>
    <trkpt lat="42.14301" lon="-76.941229"></trkpt>
    <trkpt lat="42.142946" lon="-76.941747"></trkpt>
    <trkpt lat="42.142879" lon="-76.9421"></trkpt>
    <trkpt lat="42.142842" lon="-76.942251"></trkpt>
    <trkpt lat="42.142799" lon="-76.942428"></trkpt>
    <trkpt lat="42.142717" lon="-76.942401"></trkpt>
    <trkpt lat="42.141972" lon="-76.942153"></trkpt>
    <trkpt lat="42.14157" lon="-76.941962"></trkpt>
    <trkpt lat="42.140969" lon="-76.943552"></trkpt>
    <trkpt lat="42.140183" lon="-76.945538"></trkpt>
    <trkpt lat="42.13796" lon="-76.953039"></trkpt>
    <trkpt lat="42.13785" lon="-76.953433"></trkpt>
    <trkpt lat="42.134335" lon="-76.965734"></trkpt>
    <trkpt lat="42.134182" lon="-76.966242"></trkpt>
    <trkpt lat="42.133944" lon="-76.967084"></trkpt>
    <trkpt lat="42.133756" lon="-76.967672"></trkpt>
    <trkpt lat="42.133524" lon="-76.968333"></trkpt>
    <trkpt lat="42.133236" lon="-76.969008"></trkpt>
    <trkpt lat="42.132905" lon="-76.969676"></trkpt>
    <trkpt lat="42.132667" lon="-76.970096"></trkpt>
    <trkpt lat="42.132494" lon="-76.970383"></trkpt>
    <trkpt lat="42.131427" lon="-76.972107"></trkpt>
    <trkpt lat="42.131303" lon="-76.972307"></trkpt>
    <trkpt lat="42.130638" lon="-76.9734"></trkpt>
    <trkpt lat="42.129734" lon="-76.974911"></trkpt>
    <trkpt lat="42.129614" lon="-76.975147"></trkpt>
    <trkpt lat="42.129354" lon="-76.975734"></trkpt>
    <trkpt lat="42.128941" lon="-76.976762"></trkpt>
    <trkpt lat="42.128672" lon="-76.977536"></trkpt>
    <trkpt lat="42.128394" lon="-76.9783"></trkpt>
    <trkpt lat="42.127383" lon="-76.981046"></trkpt>
    <trkpt lat="42.127069" lon="-76.9819"></trkpt>
    <trkpt lat="42.126673" lon="-76.983022"></trkpt>
    <trkpt lat="42.126276" lon="-76.984047"></trkpt>
    <trkpt lat="42.125954" lon="-76.984813"></trkpt>
    <trkpt lat="42.125687" lon="-76.985411"></trkpt>
    <trkpt lat="42.125344" lon="-76.986136"></trkpt>
    <trkpt lat="42.125054" lon="-76.986715"></trkpt>
    <trkpt lat="42.123651" lon="-76.989334"></trkpt>
    <trkpt lat="42.123092" lon="-76.990356"></trkpt>
    <trkpt lat="42.122634" lon="-76.991268"></trkpt>
    <trkpt lat="42.122378" lon="-76.991858"></trkpt>
    <trkpt lat="42.122225" lon="-76.99224"></trkpt>
    <trkpt lat="42.1221" lon="-76.99262"></trkpt>
    <trkpt lat="42.121923" lon="-76.99325"></trkpt>
    <trkpt lat="42.120988" lon="-76.99733"></trkpt>
    <trkpt lat="42.120469" lon="-76.999414"></trkpt>
    <trkpt lat="42.120292" lon="-77.000106"></trkpt>
    <trkpt lat="42.119827" lon="-77.001775"></trkpt>
    <trkpt lat="42.119233" lon="-77.003775"></trkpt>
    <trkpt lat="42.11895" lon="-77.004793"></trkpt>
    <trkpt lat="42.118798" lon="-77.005405"></trkpt>
    <trkpt lat="42.118621" lon="-77.006407"></trkpt>
    <trkpt lat="42.118583" lon="-77.006738"></trkpt>
    <trkpt lat="42.118522" lon="-77.007466"></trkpt>
    <trkpt lat="42.118497" lon="-77.008089"></trkpt>
    <trkpt lat="42.118497" lon="-77.008729"></trkpt>
    <trkpt lat="42.118513" lon="-77.00913"></trkpt>
    <trkpt lat="42.118593" lon="-77.009995"></trkpt>
    <trkpt lat="42.118693" lon="-77.010644"></trkpt>
    <trkpt lat="42.118886" lon="-77.011645"></trkpt>
    <trkpt lat="42.118953" lon="-77.011902"></trkpt>
    <trkpt lat="42.119176" lon="-77.012608"></trkpt>
    <trkpt lat="42.11943" lon="-77.013292"></trkpt>
    <trkpt lat="42.119667" lon="-77.013852"></trkpt>
    <trkpt lat="42.119792" lon="-77.014122"></trkpt>
    <trkpt lat="42.120371" lon="-77.015163"></trkpt>
    <trkpt lat="42.121617" lon="-77.017181"></trkpt>
    <trkpt lat="42.12209" lon="-77.017946"></trkpt>
    <trkpt lat="42.122662" lon="-77.018902"></trkpt>
    <trkpt lat="42.123905" lon="-77.020897"></trkpt>
    <trkpt lat="42.124642" lon="-77.021909"></trkpt>
    <trkpt lat="42.125119" lon="-77.02248"></trkpt>
    <trkpt lat="42.12558" lon="-77.022932"></trkpt>
    <trkpt lat="42.126174" lon="-77.023496"></trkpt>
    <trkpt lat="42.12685" lon="-77.024022"></trkpt>
    <trkpt lat="42.127203" lon="-77.02426"></trkpt>
    <trkpt lat="42.12853" lon="-77.025087"></trkpt>
    <trkpt lat="42.129224" lon="-77.025523"></trkpt>
    <trkpt lat="42.130718" lon="-77.026498"></trkpt>
    <trkpt lat="42.13418" lon="-77.028694"></trkpt>
    <trkpt lat="42.136305" lon="-77.030014"></trkpt>
    <trkpt lat="42.136639" lon="-77.030241"></trkpt>
    <trkpt lat="42.137077" lon="-77.030524"></trkpt>
    <trkpt lat="42.138248" lon="-77.031283"></trkpt>
    <trkpt lat="42.140039" lon="-77.032411"></trkpt>
    <trkpt lat="42.145456" lon="-77.035871"></trkpt>
    <trkpt lat="42.14613" lon="-77.03634"></trkpt>
    <trkpt lat="42.146496" lon="-77.036617"></trkpt>
    <trkpt lat="42.146889" lon="-77.03694"></trkpt>
    <trkpt lat="42.147281" lon="-77.037284"></trkpt>
    <trkpt lat="42.148009" lon="-77.038003"></trkpt>
    <trkpt lat="42.148591" lon="-77.038625"></trkpt>
    <trkpt lat="42.14915" lon="-77.039304"></trkpt>
    <trkpt lat="42.149319" lon="-77.039522"></trkpt>
    <trkpt lat="42.149947" lon="-77.040394"></trkpt>
    <trkpt lat="42.150612" lon="-77.041448"></trkpt>
    <trkpt lat="42.150903" lon="-77.041958"></trkpt>
    <trkpt lat="42.151161" lon="-77.042445"></trkpt>
    <trkpt lat="42.15148" lon="-77.043088"></trkpt>
    <trkpt lat="42.151847" lon="-77.043909"></trkpt>
    <trkpt lat="42.152139" lon="-77.044626"></trkpt>
    <trkpt lat="42.152279" lon="-77.045001"></trkpt>
    <trkpt lat="42.152423" lon="-77.045408"></trkpt>
    <trkpt lat="42.152612" lon="-77.045973"></trkpt>
    <trkpt lat="42.153265" lon="-77.048091"></trkpt>
    <trkpt lat="42.153545" lon="-77.04897"></trkpt>
    <trkpt lat="42.154582" lon="-77.052316"></trkpt>
    <trkpt lat="42.154747" lon="-77.052789"></trkpt>
    <trkpt lat="42.154838" lon="-77.053013"></trkpt>
    <trkpt lat="42.154915" lon="-77.053175"></trkpt>
    <trkpt lat="42.154996" lon="-77.053333"></trkpt>
    <trkpt lat="42.15513" lon="-77.053582"></trkpt>
    <trkpt lat="42.155199" lon="-77.053714"></trkpt>
    <trkpt lat="42.155339" lon="-77.053949"></trkpt>
    <trkpt lat="42.155436" lon="-77.054088"></trkpt>
    <trkpt lat="42.155665" lon="-77.054383"></trkpt>
    <trkpt lat="42.155986" lon="-77.054711"></trkpt>
    <trkpt lat="42.156246" lon="-77.054997"></trkpt>
    <trkpt lat="42.156556" lon="-77.055245"></trkpt>
    <trkpt lat="42.156966" lon="-77.055514"></trkpt>
    <trkpt lat="42.157169" lon="-77.055628"></trkpt>
    <trkpt lat="42.157438" lon="-77.055747"></trkpt>
    <trkpt lat="42.157707" lon="-77.055862"></trkpt>
    <trkpt lat="42.157996" lon="-77.055978"></trkpt>
    <trkpt lat="42.15841" lon="-77.056117"></trkpt>
    <trkpt lat="42.158862" lon="-77.056245"></trkpt>
    <trkpt lat="42.15934" lon="-77.056407"></trkpt>
    <trkpt lat="42.159798" lon="-77.056607"></trkpt>
    <trkpt lat="42.159934" lon="-77.056679"></trkpt>
    <trkpt lat="42.160079" lon="-77.056756"></trkpt>
    <trkpt lat="42.160521" lon="-77.057048"></trkpt>
    <trkpt lat="42.160918" lon="-77.057368"></trkpt>
    <trkpt lat="42.161006" lon="-77.057442"></trkpt>
    <trkpt lat="42.161052" lon="-77.057496"></trkpt>
    <trkpt lat="42.16141" lon="-77.057853"></trkpt>
    <trkpt lat="42.161569" lon="-77.058033"></trkpt>
    <trkpt lat="42.161765" lon="-77.058275"></trkpt>
    <trkpt lat="42.162106" lon="-77.058769"></trkpt>
    <trkpt lat="42.162488" lon="-77.05946"></trkpt>
    <trkpt lat="42.162611" lon="-77.059719"></trkpt>
    <trkpt lat="42.162708" lon="-77.059948"></trkpt>
    <trkpt lat="42.162781" lon="-77.060124"></trkpt>
    <trkpt lat="42.162939" lon="-77.060572"></trkpt>
    <trkpt lat="42.163117" lon="-77.061177"></trkpt>
    <trkpt lat="42.163266" lon="-77.061828"></trkpt>
    <trkpt lat="42.163386" lon="-77.062476"></trkpt>
    <trkpt lat="42.163478" lon="-77.063202"></trkpt>
    <trkpt lat="42.163536" lon="-77.064038"></trkpt>
    <trkpt lat="42.163547" lon="-77.064766"></trkpt>
    <trkpt lat="42.16353" lon="-77.065491"></trkpt>
    <trkpt lat="42.163482" lon="-77.066154"></trkpt>
    <trkpt lat="42.163406" lon="-77.0668"></trkpt>
    <trkpt lat="42.163319" lon="-77.067362"></trkpt>
    <trkpt lat="42.163157" lon="-77.068122"></trkpt>
    <trkpt lat="42.163151" lon="-77.068146"></trkpt>
    <trkpt lat="42.163027" lon="-77.068613"></trkpt>
    <trkpt lat="42.16282" lon="-77.069288"></trkpt>
    <trkpt lat="42.162512" lon="-77.070104"></trkpt>
    <trkpt lat="42.162411" lon="-77.070353"></trkpt>
    <trkpt lat="42.162141" lon="-77.071"></trkpt>
    <trkpt lat="42.161772" lon="-77.071771"></trkpt>
    <trkpt lat="42.161547" lon="-77.072204"></trkpt>
    <trkpt lat="42.161322" lon="-77.072601"></trkpt>
    <trkpt lat="42.160931" lon="-77.07324"></trkpt>
    <trkpt lat="42.160317" lon="-77.074128"></trkpt>
    <trkpt lat="42.159831" lon="-77.074738"></trkpt>
    <trkpt lat="42.159481" lon="-77.075156"></trkpt>
    <trkpt lat="42.159102" lon="-77.075555"></trkpt>
    <trkpt lat="42.158941" lon="-77.075718"></trkpt>
    <trkpt lat="42.158676" lon="-77.075985"></trkpt>
    <trkpt lat="42.158269" lon="-77.076388"></trkpt>
    <trkpt lat="42.158023" lon="-77.076615"></trkpt>
    <trkpt lat="42.157387" lon="-77.077288"></trkpt>
    <trkpt lat="42.156944" lon="-77.077707"></trkpt>
    <trkpt lat="42.156241" lon="-77.078369"></trkpt>
    <trkpt lat="42.156179" lon="-77.07843"></trkpt>
    <trkpt lat="42.155987" lon="-77.078619"></trkpt>
    <trkpt lat="42.155308" lon="-77.079286"></trkpt>
    <trkpt lat="42.155107" lon="-77.079488"></trkpt>
    <trkpt lat="42.154923" lon="-77.079704"></trkpt>
    <trkpt lat="42.154633" lon="-77.080045"></trkpt>
    <trkpt lat="42.154514" lon="-77.080209"></trkpt>
    <trkpt lat="42.15431" lon="-77.08049"></trkpt>
    <trkpt lat="42.154135" lon="-77.080756"></trkpt>
    <trkpt lat="42.154058" lon="-77.080873"></trkpt>
    <trkpt lat="42.153798" lon="-77.081311"></trkpt>
    <trkpt lat="42.153531" lon="-77.081879"></trkpt>
    <trkpt lat="42.153501" lon="-77.081942"></trkpt>
    <trkpt lat="42.153424" lon="-77.082154"></trkpt>
    <trkpt lat="42.15334" lon="-77.082385"></trkpt>
    <trkpt lat="42.153219" lon="-77.082819"></trkpt>
    <trkpt lat="42.153153" lon="-77.083095"></trkpt>
    <trkpt lat="42.153094" lon="-77.083398"></trkpt>
    <trkpt lat="42.153048" lon="-77.083675"></trkpt>
    <trkpt lat="42.153008" lon="-77.084004"></trkpt>
    <trkpt lat="42.152988" lon="-77.084263"></trkpt>
    <trkpt lat="42.152973" lon="-77.084562"></trkpt>
    <trkpt lat="42.15297" lon="-77.08489"></trkpt>
    <trkpt lat="42.152972" lon="-77.084932"></trkpt>
    <trkpt lat="42.152988" lon="-77.085285"></trkpt>
    <trkpt lat="42.153007" lon="-77.085522"></trkpt>
    <trkpt lat="42.153024" lon="-77.085729"></trkpt>
    <trkpt lat="42.153076" lon="-77.086088"></trkpt>
    <trkpt lat="42.153143" lon="-77.08645"></trkpt>
    <trkpt lat="42.153299" lon="-77.086992"></trkpt>
    <trkpt lat="42.153393" lon="-77.087321"></trkpt>
    <trkpt lat="42.153805" lon="-77.088503"></trkpt>
    <trkpt lat="42.154138" lon="-77.089449"></trkpt>
    <trkpt lat="42.154517" lon="-77.09063"></trkpt>
    <trkpt lat="42.154611" lon="-77.09096"></trkpt>
    <trkpt lat="42.154729" lon="-77.091399"></trkpt>
    <trkpt lat="42.154953" lon="-77.092236"></trkpt>
    <trkpt lat="42.155103" lon="-77.09275"></trkpt>
    <trkpt lat="42.155166" lon="-77.092942"></trkpt>
    <trkpt lat="42.155318" lon="-77.093417"></trkpt>
    <trkpt lat="42.155464" lon="-77.093819"></trkpt>
    <trkpt lat="42.155805" lon="-77.094634"></trkpt>
    <trkpt lat="42.156116" lon="-77.095308"></trkpt>
    <trkpt lat="42.156269" lon="-77.095633"></trkpt>
    <trkpt lat="42.156368" lon="-77.095828"></trkpt>
    <trkpt lat="42.156611" lon="-77.096271"></trkpt>
    <trkpt lat="42.156915" lon="-77.096781"></trkpt>
    <trkpt lat="42.157223" lon="-77.097271"></trkpt>
    <trkpt lat="42.157585" lon="-77.097807"></trkpt>
    <trkpt lat="42.157864" lon="-77.098188"></trkpt>
    <trkpt lat="42.158314" lon="-77.098746"></trkpt>
    <trkpt lat="42.158604" lon="-77.099082"></trkpt>
    <trkpt lat="42.158972" lon="-77.09948"></trkpt>
    <trkpt lat="42.1595" lon="-77.099997"></trkpt>
    <trkpt lat="42.159867" lon="-77.100322"></trkpt>
    <trkpt lat="42.160174" lon="-77.100563"></trkpt>
    <trkpt lat="42.160565" lon="-77.100848"></trkpt>
    <trkpt lat="42.161072" lon="-77.101213"></trkpt>
    <trkpt lat="42.161764" lon="-77.101645"></trkpt>
    <trkpt lat="42.161955" lon="-77.101754"></trkpt>
    <trkpt lat="42.16255" lon="-77.102084"></trkpt>
    <trkpt lat="42.163022" lon="-77.102295"></trkpt>
    <trkpt lat="42.163926" lon="-77.102614"></trkpt>
    <trkpt lat="42.164744" lon="-77.102866"></trkpt>
    <trkpt lat="42.165674" lon="-77.103161"></trkpt>
    <trkpt lat="42.16792" lon="-77.103862"></trkpt>
    <trkpt lat="42.168618" lon="-77.104094"></trkpt>
    <trkpt lat="42.168658" lon="-77.104105"></trkpt>
    <trkpt lat="42.170298" lon="-77.104635"></trkpt>
    <trkpt lat="42.170683" lon="-77.104768"></trkpt>
    <trkpt lat="42.172197" lon="-77.105208"></trkpt>
    <trkpt lat="42.172641" lon="-77.105359"></trkpt>
    <trkpt lat="42.172988" lon="-77.105502"></trkpt>
    <trkpt lat="42.173317" lon="-77.105661"></trkpt>
    <trkpt lat="42.173535" lon="-77.105786"></trkpt>
    <trkpt lat="42.173861" lon="-77.106009"></trkpt>
    <trkpt lat="42.174001" lon="-77.106107"></trkpt>
    <trkpt lat="42.174207" lon="-77.106285"></trkpt>
    <trkpt lat="42.174418" lon="-77.106491"></trkpt>
    <trkpt lat="42.174758" lon="-77.106849"></trkpt>
    <trkpt lat="42.175063" lon="-77.107245"></trkpt>
    <trkpt lat="42.175267" lon="-77.107545"></trkpt>
    <trkpt lat="42.175569" lon="-77.108051"></trkpt>
    <trkpt lat="42.175697" lon="-77.108304"></trkpt>
    <trkpt lat="42.175932" lon="-77.108813"></trkpt>
    <trkpt lat="42.176111" lon="-77.10924"></trkpt>
    <trkpt lat="42.176449" lon="-77.110046"></trkpt>
    <trkpt lat="42.177562" lon="-77.112649"></trkpt>
    <trkpt lat="42.178431" lon="-77.114705"></trkpt>
    <trkpt lat="42.179234" lon="-77.116582"></trkpt>
    <trkpt lat="42.179467" lon="-77.117104"></trkpt>
    <trkpt lat="42.179628" lon="-77.117464"></trkpt>
    <trkpt lat="42.18054" lon="-77.119653"></trkpt>
    <trkpt lat="42.180691" lon="-77.120003"></trkpt>
    <trkpt lat="42.180926" lon="-77.120537"></trkpt>
    <trkpt lat="42.181163" lon="-77.121118"></trkpt>
    <trkpt lat="42.183949" lon="-77.127634"></trkpt>
    <trkpt lat="42.184129" lon="-77.128081"></trkpt>
    <trkpt lat="42.184385" lon="-77.128753"></trkpt>
    <trkpt lat="42.184564" lon="-77.129274"></trkpt>
    <trkpt lat="42.184961" lon="-77.13055"></trkpt>
    <trkpt lat="42.185144" lon="-77.131258"></trkpt>
    <trkpt lat="42.185375" lon="-77.132218"></trkpt>
    <trkpt lat="42.185533" lon="-77.13305"></trkpt>
    <trkpt lat="42.185703" lon="-77.134077"></trkpt>
    <trkpt lat="42.185797" lon="-77.134805"></trkpt>
    <trkpt lat="42.185849" lon="-77.135357"></trkpt>
    <trkpt lat="42.186098" lon="-77.138753"></trkpt>
    <trkpt lat="42.186117" lon="-77.139096"></trkpt>
    <trkpt lat="42.18612" lon="-77.139151"></trkpt>
    <trkpt lat="42.186292" lon="-77.141613"></trkpt>
    <trkpt lat="42.186352" lon="-77.142495"></trkpt>
    <trkpt lat="42.186518" lon="-77.144822"></trkpt>
    <trkpt lat="42.186588" lon="-77.145712"></trkpt>
    <trkpt lat="42.186712" lon="-77.147615"></trkpt>
    <trkpt lat="42.186986" lon="-77.151529"></trkpt>
    <trkpt lat="42.187158" lon="-77.153844"></trkpt>
    <trkpt lat="42.187201" lon="-77.154254"></trkpt>
    <trkpt lat="42.187294" lon="-77.154817"></trkpt>
    <trkpt lat="42.187338" lon="-77.155025"></trkpt>
    <trkpt lat="42.187428" lon="-77.155425"></trkpt>
    <trkpt lat="42.187547" lon="-77.155854"></trkpt>
    <trkpt lat="42.187734" lon="-77.156377"></trkpt>
    <trkpt lat="42.187876" lon="-77.156713"></trkpt>
    <trkpt lat="42.188085" lon="-77.15715"></trkpt>
    <trkpt lat="42.188225" lon="-77.1574"></trkpt>
    <trkpt lat="42.18842" lon="-77.157713"></trkpt>
    <trkpt lat="42.18851" lon="-77.157857"></trkpt>
    <trkpt lat="42.188657" lon="-77.158058"></trkpt>
    <trkpt lat="42.188955" lon="-77.158434"></trkpt>
    <trkpt lat="42.1891" lon="-77.158595"></trkpt>
    <trkpt lat="42.189469" lon="-77.158956"></trkpt>
    <trkpt lat="42.18983" lon="-77.159254"></trkpt>
    <trkpt lat="42.190172" lon="-77.159491"></trkpt>
    <trkpt lat="42.190304" lon="-77.159565"></trkpt>
    <trkpt lat="42.190406" lon="-77.159621"></trkpt>
    <trkpt lat="42.190723" lon="-77.159778"></trkpt>
    <trkpt lat="42.191042" lon="-77.159899"></trkpt>
    <trkpt lat="42.191988" lon="-77.160169"></trkpt>
    <trkpt lat="42.19426" lon="-77.160774"></trkpt>
    <trkpt lat="42.196022" lon="-77.161244"></trkpt>
    <trkpt lat="42.196559" lon="-77.161409"></trkpt>
    <trkpt lat="42.19715" lon="-77.161637"></trkpt>
    <trkpt lat="42.197678" lon="-77.161886"></trkpt>
    <trkpt lat="42.19818" lon="-77.162164"></trkpt>
    <trkpt lat="42.198614" lon="-77.162434"></trkpt>
    <trkpt lat="42.199078" lon="-77.16276"></trkpt>
    <trkpt lat="42.19973" lon="-77.163284"></trkpt>
    <trkpt lat="42.201704" lon="-77.164981"></trkpt>
    <trkpt lat="42.201982" lon="-77.165211"></trkpt>
    <trkpt lat="42.20715" lon="-77.169631"></trkpt>
    <trkpt lat="42.207466" lon="-77.169902"></trkpt>
    <trkpt lat="42.211888" lon="-77.173681"></trkpt>
    <trkpt lat="42.212204" lon="-77.173961"></trkpt>
    <trkpt lat="42.21253" lon="-77.174242"></trkpt>
    <trkpt lat="42.213698" lon="-77.175214"></trkpt>
    <trkpt lat="42.214193" lon="-77.175593"></trkpt>
    <trkpt lat="42.21449" lon="-77.175791"></trkpt>
    <trkpt lat="42.215019" lon="-77.176109"></trkpt>
    <trkpt lat="42.215426" lon="-77.176328"></trkpt>
    <trkpt lat="42.216071" lon="-77.176614"></trkpt>
    <trkpt lat="42.218022" lon="-77.177351"></trkpt>
    <trkpt lat="42.218952" lon="-77.177715"></trkpt>
    <trkpt lat="42.219434" lon="-77.177925"></trkpt>
    <trkpt lat="42.220094" lon="-77.178253"></trkpt>
    <trkpt lat="42.220863" lon="-77.178694"></trkpt>
    <trkpt lat="42.221236" lon="-77.178924"></trkpt>
    <trkpt lat="42.221802" lon="-77.179327"></trkpt>
    <trkpt lat="42.222332" lon="-77.179732"></trkpt>
    <trkpt lat="42.222686" lon="-77.180031"></trkpt>
    <trkpt lat="42.223369" lon="-77.180658"></trkpt>
    <trkpt lat="42.226291" lon="-77.183575"></trkpt>
    <trkpt lat="42.228303" lon="-77.185611"></trkpt>
    <trkpt lat="42.228775" lon="-77.186099"></trkpt>
    <trkpt lat="42.230527" lon="-77.187851"></trkpt>
    <trkpt lat="42.231024" lon="-77.188333"></trkpt>
    <trkpt lat="42.231538" lon="-77.188837"></trkpt>
    <trkpt lat="42.232484" lon="-77.189752"></trkpt>
    <trkpt lat="42.233438" lon="-77.190587"></trkpt>
    <trkpt lat="42.233881" lon="-77.190945"></trkpt>
    <trkpt lat="42.23439" lon="-77.191357"></trkpt>
    <trkpt lat="42.235001" lon="-77.191816"></trkpt>
    <trkpt lat="42.236321" lon="-77.192743"></trkpt>
    <trkpt lat="42.2376" lon="-77.193606"></trkpt>
    <trkpt lat="42.239222" lon="-77.194706"></trkpt>
    <trkpt lat="42.242123" lon="-77.196663"></trkpt>
    <trkpt lat="42.243277" lon="-77.197493"></trkpt>
    <trkpt lat="42.244066" lon="-77.198103"></trkpt>
    <trkpt lat="42.246568" lon="-77.200225"></trkpt>
    <trkpt lat="42.248015" lon="-77.201469"></trkpt>
    <trkpt lat="42.253741" lon="-77.206359"></trkpt>
    <trkpt lat="42.255099" lon="-77.207536"></trkpt>
    <trkpt lat="42.262039" lon="-77.213727"></trkpt>
    <trkpt lat="42.264289" lon="-77.215747"></trkpt>
    <trkpt lat="42.265121" lon="-77.216477"></trkpt>
    <trkpt lat="42.267422" lon="-77.218553"></trkpt>
    <trkpt lat="42.27097" lon="-77.22171"></trkpt>
    <trkpt lat="42.271241" lon="-77.221946"></trkpt>
    <trkpt lat="42.271878" lon="-77.222505"></trkpt>
    <trkpt lat="42.272194" lon="-77.222754"></trkpt>
    <trkpt lat="42.272393" lon="-77.222896"></trkpt>
    <trkpt lat="42.272425" lon="-77.222919"></trkpt>
    <trkpt lat="42.272675" lon="-77.223095"></trkpt>
    <trkpt lat="42.273155" lon="-77.223384"></trkpt>
    <trkpt lat="42.273642" lon="-77.223645"></trkpt>
    <trkpt lat="42.274129" lon="-77.223865"></trkpt>
    <trkpt lat="42.274478" lon="-77.224004"></trkpt>
    <trkpt lat="42.275115" lon="-77.224207"></trkpt>
    <trkpt lat="42.275759" lon="-77.224363"></trkpt>
    <trkpt lat="42.276274" lon="-77.224446"></trkpt>
    <trkpt lat="42.276592" lon="-77.224481"></trkpt>
    <trkpt lat="42.27704" lon="-77.224506"></trkpt>
    <trkpt lat="42.277409" lon="-77.224504"></trkpt>
    <trkpt lat="42.278009" lon="-77.224467"></trkpt>
    <trkpt lat="42.278678" lon="-77.224405"></trkpt>
    <trkpt lat="42.279209" lon="-77.224355"></trkpt>
    <trkpt lat="42.282651" lon="-77.224001"></trkpt>
    <trkpt lat="42.285964" lon="-77.223671"></trkpt>
    <trkpt lat="42.286953" lon="-77.223566"></trkpt>
    <trkpt lat="42.287261" lon="-77.223539"></trkpt>
    <trkpt lat="42.287868" lon="-77.223518"></trkpt>
    <trkpt lat="42.288397" lon="-77.223558"></trkpt>
    <trkpt lat="42.288798" lon="-77.223644"></trkpt>
    <trkpt lat="42.289001" lon="-77.223706"></trkpt>
    <trkpt lat="42.289416" lon="-77.223867"></trkpt>
    <trkpt lat="42.289632" lon="-77.223969"></trkpt>
    <trkpt lat="42.289662" lon="-77.223985"></trkpt>
    <trkpt lat="42.289869" lon="-77.224097"></trkpt>
    <trkpt lat="42.290039" lon="-77.2242"></trkpt>
    <trkpt lat="42.290409" lon="-77.224463"></trkpt>
    <trkpt lat="42.290685" lon="-77.224693"></trkpt>
    <trkpt lat="42.291032" lon="-77.225045"></trkpt>
    <trkpt lat="42.291209" lon="-77.225239"></trkpt>
    <trkpt lat="42.29148" lon="-77.225567"></trkpt>
    <trkpt lat="42.291745" lon="-77.225948"></trkpt>
    <trkpt lat="42.291997" lon="-77.226357"></trkpt>
    <trkpt lat="42.292173" lon="-77.22669"></trkpt>
    <trkpt lat="42.292344" lon="-77.227069"></trkpt>
    <trkpt lat="42.293287" lon="-77.229796"></trkpt>
    <trkpt lat="42.293934" lon="-77.231671"></trkpt>
    <trkpt lat="42.294254" lon="-77.232496"></trkpt>
    <trkpt lat="42.294547" lon="-77.233186"></trkpt>
    <trkpt lat="42.29488" lon="-77.233898"></trkpt>
    <trkpt lat="42.295022" lon="-77.234194"></trkpt>
    <trkpt lat="42.295358" lon="-77.234833"></trkpt>
    <trkpt lat="42.295782" lon="-77.235573"></trkpt>
    <trkpt lat="42.296379" lon="-77.236524"></trkpt>
    <trkpt lat="42.297872" lon="-77.238785"></trkpt>
    <trkpt lat="42.298255" lon="-77.239374"></trkpt>
    <trkpt lat="42.299692" lon="-77.241538"></trkpt>
    <trkpt lat="42.300148" lon="-77.242278"></trkpt>
    <trkpt lat="42.30045" lon="-77.24273"></trkpt>
    <trkpt lat="42.300767" lon="-77.243189"></trkpt>
    <trkpt lat="42.301104" lon="-77.243674"></trkpt>
    <trkpt lat="42.301489" lon="-77.244189"></trkpt>
    <trkpt lat="42.302169" lon="-77.244988"></trkpt>
    <trkpt lat="42.302525" lon="-77.245344"></trkpt>
    <trkpt lat="42.30291" lon="-77.245702"></trkpt>
    <trkpt lat="42.303221" lon="-77.245965"></trkpt>
    <trkpt lat="42.304001" lon="-77.246557"></trkpt>
    <trkpt lat="42.30633" lon="-77.248236"></trkpt>
    <trkpt lat="42.308442" lon="-77.249759"></trkpt>
    <trkpt lat="42.310846" lon="-77.251502"></trkpt>
    <trkpt lat="42.311415" lon="-77.25195"></trkpt>
    <trkpt lat="42.31166" lon="-77.252177"></trkpt>
    <trkpt lat="42.312009" lon="-77.252542"></trkpt>
    <trkpt lat="42.312244" lon="-77.252818"></trkpt>
    <trkpt lat="42.31273" lon="-77.253494"></trkpt>
    <trkpt lat="42.312958" lon="-77.253872"></trkpt>
    <trkpt lat="42.313034" lon="-77.254004"></trkpt>
    <trkpt lat="42.313086" lon="-77.254106"></trkpt>
    <trkpt lat="42.313298" lon="-77.25452"></trkpt>
    <trkpt lat="42.313543" lon="-77.255082"></trkpt>
    <trkpt lat="42.313686" lon="-77.255474"></trkpt>
    <trkpt lat="42.313849" lon="-77.255997"></trkpt>
    <trkpt lat="42.313962" lon="-77.256417"></trkpt>
    <trkpt lat="42.314032" lon="-77.256715"></trkpt>
    <trkpt lat="42.314085" lon="-77.256993"></trkpt>
    <trkpt lat="42.314194" lon="-77.257673"></trkpt>
    <trkpt lat="42.314254" lon="-77.258368"></trkpt>
    <trkpt lat="42.31427" lon="-77.258963"></trkpt>
    <trkpt lat="42.314267" lon="-77.259261"></trkpt>
    <trkpt lat="42.314079" lon="-77.267352"></trkpt>
    <trkpt lat="42.314071" lon="-77.267641"></trkpt>
    <trkpt lat="42.314061" lon="-77.267966"></trkpt>
    <trkpt lat="42.314052" lon="-77.268284"></trkpt>
    <trkpt lat="42.314029" lon="-77.269711"></trkpt>
    <trkpt lat="42.314046" lon="-77.270512"></trkpt>
    <trkpt lat="42.314061" lon="-77.270834"></trkpt>
    <trkpt lat="42.314144" lon="-77.271815"></trkpt>
    <trkpt lat="42.314236" lon="-77.272546"></trkpt>
    <trkpt lat="42.314426" lon="-77.273689"></trkpt>
    <trkpt lat="42.314883" lon="-77.276229"></trkpt>
    <trkpt lat="42.314994" lon="-77.276885"></trkpt>
    <trkpt lat="42.315278" lon="-77.278456"></trkpt>
    <trkpt lat="42.315586" lon="-77.2802"></trkpt>
    <trkpt lat="42.315853" lon="-77.281719"></trkpt>
    <trkpt lat="42.315928" lon="-77.282164"></trkpt>
    <trkpt lat="42.315996" lon="-77.282532"></trkpt>
    <trkpt lat="42.316052" lon="-77.282845"></trkpt>
    <trkpt lat="42.316243" lon="-77.283805"></trkpt>
    <trkpt lat="42.316403" lon="-77.284516"></trkpt>
    <trkpt lat="42.31657" lon="-77.285175"></trkpt>
    <trkpt lat="42.316892" lon="-77.286262"></trkpt>
    <trkpt lat="42.317115" lon="-77.286926"></trkpt>
    <trkpt lat="42.317427" lon="-77.287786"></trkpt>
    <trkpt lat="42.317743" lon="-77.28858"></trkpt>
    <trkpt lat="42.318089" lon="-77.289352"></trkpt>
    <trkpt lat="42.324564" lon="-77.303067"></trkpt>
    <trkpt lat="42.324998" lon="-77.30398"></trkpt>
    <trkpt lat="42.325046" lon="-77.304083"></trkpt>
    <trkpt lat="42.325343" lon="-77.304721"></trkpt>
    <trkpt lat="42.325358" lon="-77.304757"></trkpt>
    <trkpt lat="42.325592" lon="-77.305307"></trkpt>
    <trkpt lat="42.325861" lon="-77.306151"></trkpt>
    <trkpt lat="42.325959" lon="-77.306563"></trkpt>
    <trkpt lat="42.326072" lon="-77.307152"></trkpt>
    <trkpt lat="42.326247" lon="-77.308841"></trkpt>
    <trkpt lat="42.326371" lon="-77.310277"></trkpt>
    <trkpt lat="42.326383" lon="-77.310371"></trkpt>
    <trkpt lat="42.326429" lon="-77.310769"></trkpt>
    <trkpt lat="42.326529" lon="-77.311343"></trkpt>
    <trkpt lat="42.326633" lon="-77.311779"></trkpt>
    <trkpt lat="42.326705" lon="-77.312054"></trkpt>
    <trkpt lat="42.32687" lon="-77.31253"></trkpt>
    <trkpt lat="42.327002" lon="-77.312872"></trkpt>
    <trkpt lat="42.327305" lon="-77.31353"></trkpt>
    <trkpt lat="42.327967" lon="-77.314784"></trkpt>
    <trkpt lat="42.328302" lon="-77.31546"></trkpt>
    <trkpt lat="42.328656" lon="-77.316205"></trkpt>
    <trkpt lat="42.329571" lon="-77.318323"></trkpt>
    <trkpt lat="42.331604" lon="-77.323049"></trkpt>
    <trkpt lat="42.332086" lon="-77.324177"></trkpt>
    <trkpt lat="42.332348" lon="-77.324799"></trkpt>
    <trkpt lat="42.332583" lon="-77.325346"></trkpt>
    <trkpt lat="42.33452" lon="-77.329833"></trkpt>
    <trkpt lat="42.335417" lon="-77.331912"></trkpt>
    <trkpt lat="42.335686" lon="-77.332537"></trkpt>
    <trkpt lat="42.335975" lon="-77.333148"></trkpt>
    <trkpt lat="42.336261" lon="-77.333666"></trkpt>
    <trkpt lat="42.336544" lon="-77.334143"></trkpt>
    <trkpt lat="42.336897" lon="-77.334641"></trkpt>
    <trkpt lat="42.337253" lon="-77.335097"></trkpt>
    <trkpt lat="42.337407" lon="-77.335275"></trkpt>
    <trkpt lat="42.337655" lon="-77.335535"></trkpt>
    <trkpt lat="42.337779" lon="-77.335663"></trkpt>
    <trkpt lat="42.338319" lon="-77.33617"></trkpt>
    <trkpt lat="42.338786" lon="-77.336527"></trkpt>
    <trkpt lat="42.340048" lon="-77.33738"></trkpt>
    <trkpt lat="42.340511" lon="-77.337686"></trkpt>
    <trkpt lat="42.341146" lon="-77.338106"></trkpt>
    <trkpt lat="42.342461" lon="-77.338999"></trkpt>
    <trkpt lat="42.343445" lon="-77.339662"></trkpt>
    <trkpt lat="42.346249" lon="-77.341522"></trkpt>
    <trkpt lat="42.346998" lon="-77.342022"></trkpt>
    <trkpt lat="42.35092" lon="-77.344636"></trkpt>
    <trkpt lat="42.351669" lon="-77.345115"></trkpt>
    <trkpt lat="42.352829" lon="-77.345794"></trkpt>
    <trkpt lat="42.353036" lon="-77.345913"></trkpt>
    <trkpt lat="42.353817" lon="-77.346328"></trkpt>
    <trkpt lat="42.354774" lon="-77.346779"></trkpt>
    <trkpt lat="42.355742" lon="-77.347185"></trkpt>
    <trkpt lat="42.356181" lon="-77.347356"></trkpt>
    <trkpt lat="42.356794" lon="-77.347583"></trkpt>
    <trkpt lat="42.358009" lon="-77.347985"></trkpt>
    <trkpt lat="42.358627" lon="-77.348157"></trkpt>
    <trkpt lat="42.359682" lon="-77.34842"></trkpt>
    <trkpt lat="42.362142" lon="-77.349027"></trkpt>
    <trkpt lat="42.363115" lon="-77.349284"></trkpt>
    <trkpt lat="42.363793" lon="-77.349489"></trkpt>
    <trkpt lat="42.365118" lon="-77.349967"></trkpt>
    <trkpt lat="42.365849" lon="-77.350266"></trkpt>
    <trkpt lat="42.366476" lon="-77.350547"></trkpt>
    <trkpt lat="42.367078" lon="-77.350843"></trkpt>
    <trkpt lat="42.367921" lon="-77.351289"></trkpt>
    <trkpt lat="42.368619" lon="-77.351699"></trkpt>
    <trkpt lat="42.369093" lon="-77.351988"></trkpt>
    <trkpt lat="42.369363" lon="-77.352153"></trkpt>
    <trkpt lat="42.369766" lon="-77.35242"></trkpt>
    <trkpt lat="42.370429" lon="-77.352886"></trkpt>
    <trkpt lat="42.371241" lon="-77.353497"></trkpt>
    <trkpt lat="42.371921" lon="-77.354042"></trkpt>
    <trkpt lat="42.372665" lon="-77.354689"></trkpt>
    <trkpt lat="42.373203" lon="-77.355183"></trkpt>
    <trkpt lat="42.3735" lon="-77.355455"></trkpt>
    <trkpt lat="42.374509" lon="-77.356457"></trkpt>
    <trkpt lat="42.374938" lon="-77.356921"></trkpt>
    <trkpt lat="42.375446" lon="-77.357508"></trkpt>
    <trkpt lat="42.375669" lon="-77.357781"></trkpt>
    <trkpt lat="42.376403" lon="-77.35868"></trkpt>
    <trkpt lat="42.376813" lon="-77.359217"></trkpt>
    <trkpt lat="42.377566" lon="-77.360246"></trkpt>
    <trkpt lat="42.37813" lon="-77.361087"></trkpt>
    <trkpt lat="42.378692" lon="-77.361963"></trkpt>
    <trkpt lat="42.378896" lon="-77.362306"></trkpt>
    <trkpt lat="42.379192" lon="-77.362805"></trkpt>
    <trkpt lat="42.380037" lon="-77.364362"></trkpt>
    <trkpt lat="42.380798" lon="-77.365903"></trkpt>
    <trkpt lat="42.380989" lon="-77.366278"></trkpt>
    <trkpt lat="42.381064" lon="-77.366447"></trkpt>
    <trkpt lat="42.381269" lon="-77.366917"></trkpt>
    <trkpt lat="42.38142" lon="-77.367242"></trkpt>
    <trkpt lat="42.381619" lon="-77.367695"></trkpt>
    <trkpt lat="42.383031" lon="-77.370824"></trkpt>
    <trkpt lat="42.383779" lon="-77.372474"></trkpt>
    <trkpt lat="42.384944" lon="-77.375039"></trkpt>
    <trkpt lat="42.38513" lon="-77.375353"></trkpt>
    <trkpt lat="42.385593" lon="-77.376142"></trkpt>
    <trkpt lat="42.385966" lon="-77.376678"></trkpt>
    <trkpt lat="42.387283" lon="-77.37842"></trkpt>
    <trkpt lat="42.38803" lon="-77.379486"></trkpt>
    <trkpt lat="42.388293" lon="-77.379933"></trkpt>
    <trkpt lat="42.388597" lon="-77.380527"></trkpt>
    <trkpt lat="42.388944" lon="-77.381327"></trkpt>
    <trkpt lat="42.389167" lon="-77.381952"></trkpt>
    <trkpt lat="42.389405" lon="-77.382747"></trkpt>
    <trkpt lat="42.38955" lon="-77.383341"></trkpt>
    <trkpt lat="42.389672" lon="-77.383979"></trkpt>
    <trkpt lat="42.389789" lon="-77.384835"></trkpt>
    <trkpt lat="42.389808" lon="-77.38523"></trkpt>
    <trkpt lat="42.389856" lon="-77.386212"></trkpt>
    <trkpt lat="42.389831" lon="-77.387114"></trkpt>
    <trkpt lat="42.389711" lon="-77.388972"></trkpt>
    <trkpt lat="42.38961" lon="-77.39066"></trkpt>
    <trkpt lat="42.389563" lon="-77.391379"></trkpt>
    <trkpt lat="42.389488" lon="-77.392651"></trkpt>
    <trkpt lat="42.389407" lon="-77.39389"></trkpt>
    <trkpt lat="42.389343" lon="-77.394988"></trkpt>
    <trkpt lat="42.389297" lon="-77.395681"></trkpt>
    <trkpt lat="42.389116" lon="-77.398349"></trkpt>
    <trkpt lat="42.389032" lon="-77.399868"></trkpt>
    <trkpt lat="42.388992" lon="-77.40055"></trkpt>
    <trkpt lat="42.38888" lon="-77.402281"></trkpt>
    <trkpt lat="42.388845" lon="-77.402949"></trkpt>
    <trkpt lat="42.388696" lon="-77.405169"></trkpt>
    <trkpt lat="42.388638" lon="-77.40567"></trkpt>
    <trkpt lat="42.388559" lon="-77.40625"></trkpt>
    <trkpt lat="42.388443" lon="-77.406861"></trkpt>
    <trkpt lat="42.388293" lon="-77.407479"></trkpt>
    <trkpt lat="42.388122" lon="-77.408081"></trkpt>
    <trkpt lat="42.387895" lon="-77.408745"></trkpt>
    <trkpt lat="42.387735" lon="-77.409163"></trkpt>
    <trkpt lat="42.387509" lon="-77.409683"></trkpt>
    <trkpt lat="42.387136" lon="-77.410418"></trkpt>
    <trkpt lat="42.386849" lon="-77.410903"></trkpt>
    <trkpt lat="42.38657" lon="-77.411338"></trkpt>
    <trkpt lat="42.386228" lon="-77.411811"></trkpt>
    <trkpt lat="42.385883" lon="-77.412238"></trkpt>
    <trkpt lat="42.385458" lon="-77.412706"></trkpt>
    <trkpt lat="42.384957" lon="-77.413209"></trkpt>
    <trkpt lat="42.384752" lon="-77.413403"></trkpt>
    <trkpt lat="42.382694" lon="-77.415318"></trkpt>
    <trkpt lat="42.382225" lon="-77.415772"></trkpt>
    <trkpt lat="42.381514" lon="-77.416539"></trkpt>
    <trkpt lat="42.381047" lon="-77.417103"></trkpt>
    <trkpt lat="42.380839" lon="-77.417369"></trkpt>
    <trkpt lat="42.380575" lon="-77.417713"></trkpt>
    <trkpt lat="42.379867" lon="-77.418726"></trkpt>
    <trkpt lat="42.379349" lon="-77.419557"></trkpt>
    <trkpt lat="42.378864" lon="-77.420418"></trkpt>
    <trkpt lat="42.376988" lon="-77.424027"></trkpt>
    <trkpt lat="42.375346" lon="-77.42716"></trkpt>
    <trkpt lat="42.374717" lon="-77.428343"></trkpt>
    <trkpt lat="42.373934" lon="-77.429838"></trkpt>
    <trkpt lat="42.373535" lon="-77.430656"></trkpt>
    <trkpt lat="42.373107" lon="-77.431596"></trkpt>
    <trkpt lat="42.372846" lon="-77.432234"></trkpt>
    <trkpt lat="42.37225" lon="-77.433759"></trkpt>
    <trkpt lat="42.371898" lon="-77.434833"></trkpt>
    <trkpt lat="42.371522" lon="-77.43593"></trkpt>
    <trkpt lat="42.370956" lon="-77.437556"></trkpt>
    <trkpt lat="42.366386" lon="-77.451093"></trkpt>
    <trkpt lat="42.365832" lon="-77.452714"></trkpt>
    <trkpt lat="42.365286" lon="-77.454375"></trkpt>
    <trkpt lat="42.365028" lon="-77.455234"></trkpt>
    <trkpt lat="42.364643" lon="-77.456656"></trkpt>
    <trkpt lat="42.364301" lon="-77.458225"></trkpt>
    <trkpt lat="42.364148" lon="-77.459049"></trkpt>
    <trkpt lat="42.364042" lon="-77.459672"></trkpt>
    <trkpt lat="42.363799" lon="-77.461411"></trkpt>
    <trkpt lat="42.363694" lon="-77.462433"></trkpt>
    <trkpt lat="42.363584" lon="-77.463898"></trkpt>
    <trkpt lat="42.363543" lon="-77.464866"></trkpt>
    <trkpt lat="42.363529" lon="-77.465559"></trkpt>
    <trkpt lat="42.363527" lon="-77.466362"></trkpt>
    <trkpt lat="42.36355" lon="-77.467453"></trkpt>
    <trkpt lat="42.36359" lon="-77.468372"></trkpt>
    <trkpt lat="42.363697" lon="-77.469839"></trkpt>
    <trkpt lat="42.363809" lon="-77.47087"></trkpt>
    <trkpt lat="42.363898" lon="-77.471606"></trkpt>
    <trkpt lat="42.364488" lon="-77.47563"></trkpt>
    <trkpt lat="42.364679" lon="-77.476953"></trkpt>
    <trkpt lat="42.364738" lon="-77.477407"></trkpt>
    <trkpt lat="42.364822" lon="-77.478266"></trkpt>
    <trkpt lat="42.364856" lon="-77.478834"></trkpt>
    <trkpt lat="42.364875" lon="-77.479452"></trkpt>
    <trkpt lat="42.364872" lon="-77.480011"></trkpt>
    <trkpt lat="42.36485" lon="-77.480774"></trkpt>
    <trkpt lat="42.364779" lon="-77.481748"></trkpt>
    <trkpt lat="42.364661" lon="-77.482652"></trkpt>
    <trkpt lat="42.36452" lon="-77.483501"></trkpt>
    <trkpt lat="42.36438" lon="-77.484146"></trkpt>
    <trkpt lat="42.363245" lon="-77.488472"></trkpt>
    <trkpt lat="42.363047" lon="-77.489382"></trkpt>
    <trkpt lat="42.36297" lon="-77.489865"></trkpt>
    <trkpt lat="42.362917" lon="-77.490264"></trkpt>
    <trkpt lat="42.362872" lon="-77.4907"></trkpt>
    <trkpt lat="42.362832" lon="-77.491197"></trkpt>
    <trkpt lat="42.362817" lon="-77.491522"></trkpt>
    <trkpt lat="42.362801" lon="-77.492265"></trkpt>
    <trkpt lat="42.362817" lon="-77.492787"></trkpt>
    <trkpt lat="42.362842" lon="-77.493206"></trkpt>
    <trkpt lat="42.362872" lon="-77.493542"></trkpt>
    <trkpt lat="42.362976" lon="-77.494357"></trkpt>
    <trkpt lat="42.363094" lon="-77.49501"></trkpt>
    <trkpt lat="42.363312" lon="-77.495933"></trkpt>
    <trkpt lat="42.363579" lon="-77.496789"></trkpt>
    <trkpt lat="42.36387" lon="-77.497616"></trkpt>
    <trkpt lat="42.364794" lon="-77.500305"></trkpt>
    <trkpt lat="42.364968" lon="-77.500806"></trkpt>
    <trkpt lat="42.365269" lon="-77.501758"></trkpt>
    <trkpt lat="42.365444" lon="-77.50238"></trkpt>
    <trkpt lat="42.365595" lon="-77.502966"></trkpt>
    <trkpt lat="42.365809" lon="-77.503948"></trkpt>
    <trkpt lat="42.366049" lon="-77.505233"></trkpt>
    <trkpt lat="42.366517" lon="-77.508497"></trkpt>
    <trkpt lat="42.366589" lon="-77.509006"></trkpt>
    <trkpt lat="42.366599" lon="-77.509073"></trkpt>
    <trkpt lat="42.367501" lon="-77.514671"></trkpt>
    <trkpt lat="42.367599" lon="-77.515298"></trkpt>
    <trkpt lat="42.367858" lon="-77.516626"></trkpt>
    <trkpt lat="42.368072" lon="-77.517346"></trkpt>
    <trkpt lat="42.368278" lon="-77.517933"></trkpt>
    <trkpt lat="42.368432" lon="-77.518318"></trkpt>
    <trkpt lat="42.368697" lon="-77.518907"></trkpt>
    <trkpt lat="42.368893" lon="-77.519291"></trkpt>
    <trkpt lat="42.369235" lon="-77.5199"></trkpt>
    <trkpt lat="42.369622" lon="-77.520491"></trkpt>
    <trkpt lat="42.369954" lon="-77.52094"></trkpt>
    <trkpt lat="42.370176" lon="-77.521207"></trkpt>
    <trkpt lat="42.370553" lon="-77.521635"></trkpt>
    <trkpt lat="42.370885" lon="-77.521964"></trkpt>
    <trkpt lat="42.371154" lon="-77.522204"></trkpt>
    <trkpt lat="42.373676" lon="-77.524204"></trkpt>
    <trkpt lat="42.375162" lon="-77.525357"></trkpt>
    <trkpt lat="42.376487" lon="-77.526408"></trkpt>
    <trkpt lat="42.376714" lon="-77.526608"></trkpt>
    <trkpt lat="42.377257" lon="-77.527126"></trkpt>
    <trkpt lat="42.377505" lon="-77.527383"></trkpt>
    <trkpt lat="42.377894" lon="-77.527823"></trkpt>
    <trkpt lat="42.378104" lon="-77.528085"></trkpt>
    <trkpt lat="42.378316" lon="-77.528349"></trkpt>
    <trkpt lat="42.378854" lon="-77.52912"></trkpt>
    <trkpt lat="42.379122" lon="-77.529546"></trkpt>
    <trkpt lat="42.379454" lon="-77.530121"></trkpt>
    <trkpt lat="42.379835" lon="-77.530849"></trkpt>
    <trkpt lat="42.380047" lon="-77.531314"></trkpt>
    <trkpt lat="42.380387" lon="-77.532123"></trkpt>
    <trkpt lat="42.38053" lon="-77.532506"></trkpt>
    <trkpt lat="42.380711" lon="-77.533045"></trkpt>
    <trkpt lat="42.380873" lon="-77.533584"></trkpt>
    <trkpt lat="42.381084" lon="-77.53436"></trkpt>
    <trkpt lat="42.381253" lon="-77.535155"></trkpt>
    <trkpt lat="42.381394" lon="-77.535946"></trkpt>
    <trkpt lat="42.381487" lon="-77.536686"></trkpt>
    <trkpt lat="42.381555" lon="-77.537385"></trkpt>
    <trkpt lat="42.381599" lon="-77.538146"></trkpt>
    <trkpt lat="42.381612" lon="-77.538931"></trkpt>
    <trkpt lat="42.381603" lon="-77.539606"></trkpt>
    <trkpt lat="42.38159" lon="-77.539841"></trkpt>
    <trkpt lat="42.381548" lon="-77.540519"></trkpt>
    <trkpt lat="42.381443" lon="-77.541518"></trkpt>
    <trkpt lat="42.381343" lon="-77.542177"></trkpt>
    <trkpt lat="42.381283" lon="-77.542507"></trkpt>
    <trkpt lat="42.381151" lon="-77.543168"></trkpt>
    <trkpt lat="42.381139" lon="-77.543214"></trkpt>
    <trkpt lat="42.381042" lon="-77.543593"></trkpt>
    <trkpt lat="42.380857" lon="-77.544318"></trkpt>
    <trkpt lat="42.380662" lon="-77.544933"></trkpt>
    <trkpt lat="42.380369" lon="-77.545757"></trkpt>
    <trkpt lat="42.379268" lon="-77.548393"></trkpt>
    <trkpt lat="42.376645" lon="-77.554616"></trkpt>
    <trkpt lat="42.376002" lon="-77.556164"></trkpt>
    <trkpt lat="42.375721" lon="-77.556887"></trkpt>
    <trkpt lat="42.375466" lon="-77.557585"></trkpt>
    <trkpt lat="42.375264" lon="-77.558179"></trkpt>
    <trkpt lat="42.374902" lon="-77.559316"></trkpt>
    <trkpt lat="42.374631" lon="-77.560272"></trkpt>
    <trkpt lat="42.374455" lon="-77.560963"></trkpt>
    <trkpt lat="42.374249" lon="-77.561864"></trkpt>
    <trkpt lat="42.373878" lon="-77.563721"></trkpt>
    <trkpt lat="42.372258" lon="-77.572097"></trkpt>
    <trkpt lat="42.371769" lon="-77.574656"></trkpt>
    <trkpt lat="42.371715" lon="-77.574914"></trkpt>
    <trkpt lat="42.371628" lon="-77.575333"></trkpt>
    <trkpt lat="42.371438" lon="-77.576272"></trkpt>
    <trkpt lat="42.37089" lon="-77.578661"></trkpt>
    <trkpt lat="42.36849" lon="-77.588666"></trkpt>
    <trkpt lat="42.368292" lon="-77.589536"></trkpt>
    <trkpt lat="42.368128" lon="-77.590325"></trkpt>
    <trkpt lat="42.367979" lon="-77.591116"></trkpt>
    <trkpt lat="42.367862" lon="-77.59184"></trkpt>
    <trkpt lat="42.367739" lon="-77.592668"></trkpt>
    <trkpt lat="42.367661" lon="-77.593293"></trkpt>
    <trkpt lat="42.367555" lon="-77.594302"></trkpt>
    <trkpt lat="42.367487" lon="-77.595143"></trkpt>
    <trkpt lat="42.367411" lon="-77.596598"></trkpt>
    <trkpt lat="42.367394" lon="-77.597582"></trkpt>
    <trkpt lat="42.367395" lon="-77.598383"></trkpt>
    <trkpt lat="42.36742" lon="-77.599237"></trkpt>
    <trkpt lat="42.367484" lon="-77.6007"></trkpt>
    <trkpt lat="42.367571" lon="-77.602269"></trkpt>
    <trkpt lat="42.367624" lon="-77.603488"></trkpt>
    <trkpt lat="42.36792" lon="-77.609499"></trkpt>
    <trkpt lat="42.368156" lon="-77.614028"></trkpt>
    <trkpt lat="42.368205" lon="-77.614632"></trkpt>
    <trkpt lat="42.368271" lon="-77.615304"></trkpt>
    <trkpt lat="42.36836" lon="-77.61603"></trkpt>
    <trkpt lat="42.368468" lon="-77.616775"></trkpt>
    <trkpt lat="42.368587" lon="-77.617452"></trkpt>
    <trkpt lat="42.368773" lon="-77.618338"></trkpt>
    <trkpt lat="42.369028" lon="-77.619392"></trkpt>
    <trkpt lat="42.36932" lon="-77.620449"></trkpt>
    <trkpt lat="42.369477" lon="-77.620953"></trkpt>
    <trkpt lat="42.369764" lon="-77.621762"></trkpt>
    <trkpt lat="42.372784" lon="-77.629846"></trkpt>
    <trkpt lat="42.373475" lon="-77.631732"></trkpt>
    <trkpt lat="42.37384" lon="-77.632876"></trkpt>
    <trkpt lat="42.374012" lon="-77.633492"></trkpt>
    <trkpt lat="42.37426" lon="-77.634485"></trkpt>
    <trkpt lat="42.374401" lon="-77.635153"></trkpt>
    <trkpt lat="42.374553" lon="-77.635942"></trkpt>
    <trkpt lat="42.375237" lon="-77.640061"></trkpt>
    <trkpt lat="42.375503" lon="-77.641582"></trkpt>
    <trkpt lat="42.375633" lon="-77.642183"></trkpt>
    <trkpt lat="42.375955" lon="-77.64348"></trkpt>
    <trkpt lat="42.376067" lon="-77.643854"></trkpt>
    <trkpt lat="42.376188" lon="-77.644275"></trkpt>
    <trkpt lat="42.377846" lon="-77.649699"></trkpt>
    <trkpt lat="42.378081" lon="-77.650494"></trkpt>
    <trkpt lat="42.379558" lon="-77.655339"></trkpt>
    <trkpt lat="42.379765" lon="-77.656111"></trkpt>
    <trkpt lat="42.379939" lon="-77.656881"></trkpt>
    <trkpt lat="42.379998" lon="-77.657202"></trkpt>
    <trkpt lat="42.380128" lon="-77.658051"></trkpt>
    <trkpt lat="42.380199" lon="-77.658754"></trkpt>
    <trkpt lat="42.380243" lon="-77.659564"></trkpt>
    <trkpt lat="42.380252" lon="-77.660351"></trkpt>
    <trkpt lat="42.380222" lon="-77.661181"></trkpt>
    <trkpt lat="42.380183" lon="-77.661728"></trkpt>
    <trkpt lat="42.380111" lon="-77.66238"></trkpt>
    <trkpt lat="42.380021" lon="-77.663004"></trkpt>
    <trkpt lat="42.379865" lon="-77.663787"></trkpt>
    <trkpt lat="42.379672" lon="-77.66455"></trkpt>
    <trkpt lat="42.379487" lon="-77.665191"></trkpt>
    <trkpt lat="42.379195" lon="-77.666022"></trkpt>
    <trkpt lat="42.379006" lon="-77.666492"></trkpt>
    <trkpt lat="42.378715" lon="-77.667138"></trkpt>
    <trkpt lat="42.378407" lon="-77.667713"></trkpt>
    <trkpt lat="42.378224" lon="-77.668037"></trkpt>
    <trkpt lat="42.377811" lon="-77.6687"></trkpt>
    <trkpt lat="42.377601" lon="-77.669004"></trkpt>
    <trkpt lat="42.377227" lon="-77.669506"></trkpt>
    <trkpt lat="42.37688" lon="-77.669905"></trkpt>
    <trkpt lat="42.375954" lon="-77.670884"></trkpt>
    <trkpt lat="42.375439" lon="-77.671427"></trkpt>
    <trkpt lat="42.374138" lon="-77.672873"></trkpt>
    <trkpt lat="42.371467" lon="-77.675819"></trkpt>
    <trkpt lat="42.371107" lon="-77.676222"></trkpt>
    <trkpt lat="42.370762" lon="-77.676638"></trkpt>
    <trkpt lat="42.370508" lon="-77.676968"></trkpt>
    <trkpt lat="42.370331" lon="-77.677204"></trkpt>
    <trkpt lat="42.370082" lon="-77.677536"></trkpt>
    <trkpt lat="42.369948" lon="-77.677724"></trkpt>
    <trkpt lat="42.369915" lon="-77.677771"></trkpt>
    <trkpt lat="42.369643" lon="-77.678183"></trkpt>
    <trkpt lat="42.369254" lon="-77.678868"></trkpt>
    <trkpt lat="42.369081" lon="-77.679205"></trkpt>
    <trkpt lat="42.368821" lon="-77.679747"></trkpt>
    <trkpt lat="42.36854" lon="-77.680387"></trkpt>
    <trkpt lat="42.368425" lon="-77.680705"></trkpt>
    <trkpt lat="42.368154" lon="-77.681478"></trkpt>
    <trkpt lat="42.368063" lon="-77.68181"></trkpt>
    <trkpt lat="42.368" lon="-77.682032"></trkpt>
    <trkpt lat="42.367816" lon="-77.682774"></trkpt>
    <trkpt lat="42.367757" lon="-77.683045"></trkpt>
    <trkpt lat="42.367555" lon="-77.684071"></trkpt>
    <trkpt lat="42.367528" lon="-77.684296"></trkpt>
    <trkpt lat="42.367374" lon="-77.685355"></trkpt>
    <trkpt lat="42.367072" lon="-77.689237"></trkpt>
    <trkpt lat="42.366961" lon="-77.690333"></trkpt>
    <trkpt lat="42.366844" lon="-77.691191"></trkpt>
    <trkpt lat="42.366646" lon="-77.692389"></trkpt>
    <trkpt lat="42.366491" lon="-77.693108"></trkpt>
    <trkpt lat="42.366166" lon="-77.694408"></trkpt>
    <trkpt lat="42.366014" lon="-77.69493"></trkpt>
    <trkpt lat="42.365739" lon="-77.695798"></trkpt>
    <trkpt lat="42.365215" lon="-77.69721"></trkpt>
    <trkpt lat="42.364913" lon="-77.697919"></trkpt>
    <trkpt lat="42.364664" lon="-77.69846"></trkpt>
    <trkpt lat="42.364033" lon="-77.699695"></trkpt>
    <trkpt lat="42.363289" lon="-77.70094"></trkpt>
    <trkpt lat="42.362787" lon="-77.701741"></trkpt>
    <trkpt lat="42.36197" lon="-77.703014"></trkpt>
    <trkpt lat="42.360545" lon="-77.705171"></trkpt>
    <trkpt lat="42.359198" lon="-77.707242"></trkpt>
    <trkpt lat="42.355366" lon="-77.713223"></trkpt>
    <trkpt lat="42.354783" lon="-77.714111"></trkpt>
    <trkpt lat="42.354684" lon="-77.714276"></trkpt>
    <trkpt lat="42.353991" lon="-77.71535"></trkpt>
    <trkpt lat="42.353415" lon="-77.71621"></trkpt>
    <trkpt lat="42.352567" lon="-77.717402"></trkpt>
    <trkpt lat="42.352119" lon="-77.717987"></trkpt>
    <trkpt lat="42.351248" lon="-77.71906"></trkpt>
    <trkpt lat="42.349865" lon="-77.720653"></trkpt>
    <trkpt lat="42.348764" lon="-77.721773"></trkpt>
    <trkpt lat="42.347796" lon="-77.722672"></trkpt>
    <trkpt lat="42.347315" lon="-77.723089"></trkpt>
    <trkpt lat="42.346474" lon="-77.72379"></trkpt>
    <trkpt lat="42.344611" lon="-77.725183"></trkpt>
    <trkpt lat="42.340534" lon="-77.728194"></trkpt>
    <trkpt lat="42.339026" lon="-77.729324"></trkpt>
    <trkpt lat="42.338591" lon="-77.729667"></trkpt>
    <trkpt lat="42.336663" lon="-77.731245"></trkpt>
    <trkpt lat="42.335103" lon="-77.732603"></trkpt>
    <trkpt lat="42.33469" lon="-77.732951"></trkpt>
    <trkpt lat="42.334214" lon="-77.733375"></trkpt>
    <trkpt lat="42.333398" lon="-77.734079"></trkpt>
    <trkpt lat="42.333262" lon="-77.734206"></trkpt>
    <trkpt lat="42.33259" lon="-77.734777"></trkpt>
    <trkpt lat="42.330825" lon="-77.736314"></trkpt>
    <trkpt lat="42.326308" lon="-77.740233"></trkpt>
    <trkpt lat="42.325427" lon="-77.741072"></trkpt>
    <trkpt lat="42.324867" lon="-77.741529"></trkpt>
    <trkpt lat="42.324685" lon="-77.741683"></trkpt>
    <trkpt lat="42.324352" lon="-77.742001"></trkpt>
    <trkpt lat="42.323991" lon="-77.742355"></trkpt>
    <trkpt lat="42.32383" lon="-77.742533"></trkpt>
    <trkpt lat="42.323701" lon="-77.742708"></trkpt>
    <trkpt lat="42.323593" lon="-77.742917"></trkpt>
    <trkpt lat="42.323566" lon="-77.743"></trkpt>
    <trkpt lat="42.32354" lon="-77.743149"></trkpt>
    <trkpt lat="42.323533" lon="-77.743383"></trkpt>
    <trkpt lat="42.323547" lon="-77.743508"></trkpt>
    <trkpt lat="42.323572" lon="-77.743632"></trkpt>
    <trkpt lat="42.323614" lon="-77.743757"></trkpt>
    <trkpt lat="42.323664" lon="-77.743864"></trkpt>
    <trkpt lat="42.323725" lon="-77.74396"></trkpt>
    <trkpt lat="42.323796" lon="-77.744042"></trkpt>
    <trkpt lat="42.323873" lon="-77.744108"></trkpt>
    <trkpt lat="42.324052" lon="-77.74422"></trkpt>
    <trkpt lat="42.324191" lon="-77.74428"></trkpt>
    <trkpt lat="42.324353" lon="-77.74435"></trkpt>
    <trkpt lat="42.324389" lon="-77.744366"></trkpt>
    <trkpt lat="42.324628" lon="-77.743532"></trkpt>
    <trkpt lat="42.324716" lon="-77.743219"></trkpt>
    <trkpt lat="42.324889" lon="-77.742579"></trkpt>
    <trkpt lat="42.325062" lon="-77.741935"></trkpt>
    <trkpt lat="42.325108" lon="-77.741702"></trkpt>
    <trkpt lat="42.32513" lon="-77.741585"></trkpt>
    <trkpt lat="42.325156" lon="-77.741391"></trkpt>
    <trkpt lat="42.325224" lon="-77.740227"></trkpt>
    <trkpt lat="42.325217" lon="-77.739502"></trkpt>
    <trkpt lat="42.325215" lon="-77.739309"></trkpt>
    <trkpt lat="42.325218" lon="-77.737578"></trkpt>
    <trkpt lat="42.325207" lon="-77.736585"></trkpt>
    <trkpt lat="42.325181" lon="-77.736207"></trkpt>
    <trkpt lat="42.325152" lon="-77.735988"></trkpt>
    <trkpt lat="42.32506" lon="-77.735307"></trkpt>
    <trkpt lat="42.325024" lon="-77.735146"></trkpt>
    <trkpt lat="42.32498" lon="-77.734982"></trkpt>
    <trkpt lat="42.324953" lon="-77.734879"></trkpt>
    <trkpt lat="42.324585" lon="-77.735123"></trkpt>
    <trkpt lat="42.324449" lon="-77.735213"></trkpt>
    <trkpt lat="42.324316" lon="-77.735301"></trkpt>
    <trkpt lat="42.324165" lon="-77.735401"></trkpt>
    <trkpt lat="42.324104" lon="-77.735441"></trkpt>
    <trkpt lat="42.323698" lon="-77.735682"></trkpt>
    <trkpt lat="42.323416" lon="-77.735848"></trkpt>
    <trkpt lat="42.323331" lon="-77.735897"></trkpt>
    <trkpt lat="42.323161" lon="-77.735997"></trkpt>
    <trkpt lat="42.321354" lon="-77.737055"></trkpt>
    <trkpt lat="42.321256" lon="-77.737111"></trkpt>
    <trkpt lat="42.32076" lon="-77.737392"></trkpt>
    <trkpt lat="42.31982" lon="-77.737946"></trkpt>
    <trkpt lat="42.319674" lon="-77.738032"></trkpt>
    <trkpt lat="42.319325" lon="-77.738266"></trkpt>
    <trkpt lat="42.318896" lon="-77.738585"></trkpt>
    <trkpt lat="42.31863" lon="-77.738806"></trkpt>
    <trkpt lat="42.318588" lon="-77.738841"></trkpt>
    <trkpt lat="42.318355" lon="-77.739037"></trkpt>
    <trkpt lat="42.317206" lon="-77.739999"></trkpt>
    <trkpt lat="42.31696" lon="-77.740191"></trkpt>
    <trkpt lat="42.316445" lon="-77.740615"></trkpt>
    <trkpt lat="42.316331" lon="-77.740693"></trkpt>
    <trkpt lat="42.315905" lon="-77.741008"></trkpt>
    <trkpt lat="42.31551" lon="-77.741311"></trkpt>
    <trkpt lat="42.315402" lon="-77.741438"></trkpt>
    <trkpt lat="42.315316" lon="-77.741556"></trkpt>
    <trkpt lat="42.314994" lon="-77.742066"></trkpt>
    <trkpt lat="42.314454" lon="-77.742967"></trkpt>
    <trkpt lat="42.314354" lon="-77.743113"></trkpt>
    <trkpt lat="42.314054" lon="-77.743494"></trkpt>
    <trkpt lat="42.313865" lon="-77.74369"></trkpt>
    <trkpt lat="42.313525" lon="-77.743978"></trkpt>
    <trkpt lat="42.313306" lon="-77.744152"></trkpt>
    <trkpt lat="42.313244" lon="-77.744194"></trkpt>
    <trkpt lat="42.312929" lon="-77.744402"></trkpt>
    <trkpt lat="42.312505" lon="-77.744647"></trkpt>
    <trkpt lat="42.312368" lon="-77.744702"></trkpt>
    <trkpt lat="42.312295" lon="-77.744731"></trkpt>
    <trkpt lat="42.311787" lon="-77.74494"></trkpt>
    <trkpt lat="42.311757" lon="-77.744953"></trkpt>
    <trkpt lat="42.311233" lon="-77.745145"></trkpt>
    <trkpt lat="42.310945" lon="-77.745237"></trkpt>
    <trkpt lat="42.309719" lon="-77.745655"></trkpt>
    <trkpt lat="42.309654" lon="-77.745677"></trkpt>
    <trkpt lat="42.308837" lon="-77.745958"></trkpt>
    <trkpt lat="42.308761" lon="-77.745984"></trkpt>
    <trkpt lat="42.307875" lon="-77.746288"></trkpt>
    <trkpt lat="42.307729" lon="-77.746338"></trkpt>
    <trkpt lat="42.307286" lon="-77.746496"></trkpt>
    <trkpt lat="42.307026" lon="-77.746589"></trkpt>
    <trkpt lat="42.306929" lon="-77.746623"></trkpt>
    <trkpt lat="42.306747" lon="-77.746685"></trkpt>
    <trkpt lat="42.305175" lon="-77.747217"></trkpt>
    <trkpt lat="42.304695" lon="-77.747379"></trkpt>
    <trkpt lat="42.304508" lon="-77.747446"></trkpt>
    <trkpt lat="42.303758" lon="-77.747716"></trkpt>
    <trkpt lat="42.303465" lon="-77.747815"></trkpt>
    <trkpt lat="42.302748" lon="-77.748056"></trkpt>
    <trkpt lat="42.302391" lon="-77.748176"></trkpt>
    <trkpt lat="42.30193" lon="-77.748284"></trkpt>
    <trkpt lat="42.301254" lon="-77.748353"></trkpt>
    <trkpt lat="42.300938" lon="-77.748385"></trkpt>
    <trkpt lat="42.300713" lon="-77.748389"></trkpt>
    <trkpt lat="42.300359" lon="-77.748395"></trkpt>
    <trkpt lat="42.299958" lon="-77.748402"></trkpt>
    <trkpt lat="42.299684" lon="-77.748412"></trkpt>
    <trkpt lat="42.299376" lon="-77.748423"></trkpt>
    <trkpt lat="42.299156" lon="-77.748431"></trkpt>
    <trkpt lat="42.298864" lon="-77.748442"></trkpt>
    <trkpt lat="42.298189" lon="-77.748467"></trkpt>
    <trkpt lat="42.297555" lon="-77.74849"></trkpt>
    <trkpt lat="42.297041" lon="-77.748521"></trkpt>
    <trkpt lat="42.296795" lon="-77.748537"></trkpt>
    <trkpt lat="42.296229" lon="-77.748575"></trkpt>
    <trkpt lat="42.295878" lon="-77.748598"></trkpt>
    <trkpt lat="42.295432" lon="-77.748627"></trkpt>
    <trkpt lat="42.295387" lon="-77.74863"></trkpt>
    <trkpt lat="42.295077" lon="-77.748647"></trkpt>
    <trkpt lat="42.294514" lon="-77.748678"></trkpt>
    <trkpt lat="42.294494" lon="-77.748679"></trkpt>
    <trkpt lat="42.293936" lon="-77.748707"></trkpt>
    <trkpt lat="42.293746" lon="-77.748717"></trkpt>
    <trkpt lat="42.293554" lon="-77.748726"></trkpt>
    <trkpt lat="42.293336" lon="-77.748737"></trkpt>
    <trkpt lat="42.29317" lon="-77.748741"></trkpt>
    <trkpt lat="42.29296" lon="-77.748746"></trkpt>
    <trkpt lat="42.292339" lon="-77.748752"></trkpt>
    <trkpt lat="42.292188" lon="-77.74875"></trkpt>
    <trkpt lat="42.292101" lon="-77.748748"></trkpt>
    <trkpt lat="42.288983" lon="-77.748696"></trkpt>
    <trkpt lat="42.288095" lon="-77.748661"></trkpt>
    <trkpt lat="42.287919" lon="-77.748661"></trkpt>
    <trkpt lat="42.287584" lon="-77.74866"></trkpt>
    <trkpt lat="42.286951" lon="-77.748659"></trkpt>
    <trkpt lat="42.286388" lon="-77.748644"></trkpt>
    <trkpt lat="42.285617" lon="-77.74862"></trkpt>
    <trkpt lat="42.28507" lon="-77.748624"></trkpt>
    <trkpt lat="42.284686" lon="-77.748617"></trkpt>
    <trkpt lat="42.284309" lon="-77.74861"></trkpt>
    <trkpt lat="42.283887" lon="-77.748602"></trkpt>
    <trkpt lat="42.282744" lon="-77.748579"></trkpt>
    <trkpt lat="42.282367" lon="-77.748571"></trkpt>
    <trkpt lat="42.281906" lon="-77.748562"></trkpt>
    <trkpt lat="42.281753" lon="-77.748557"></trkpt>
    <trkpt lat="42.281313" lon="-77.748582"></trkpt>
    <trkpt lat="42.280897" lon="-77.748689"></trkpt>
    <trkpt lat="42.280468" lon="-77.748857"></trkpt>
    <trkpt lat="42.280354" lon="-77.748923"></trkpt>
    <trkpt lat="42.280268" lon="-77.748972"></trkpt>
    <trkpt lat="42.279938" lon="-77.749188"></trkpt>
    <trkpt lat="42.279761" lon="-77.749334"></trkpt>
    <trkpt lat="42.279345" lon="-77.749765"></trkpt>
    <trkpt lat="42.279158" lon="-77.750003"></trkpt>
    <trkpt lat="42.278972" lon="-77.750262"></trkpt>
    <trkpt lat="42.278687" lon="-77.750623"></trkpt>
    <trkpt lat="42.278394" lon="-77.750957"></trkpt>
    <trkpt lat="42.278063" lon="-77.751273"></trkpt>
    <trkpt lat="42.277752" lon="-77.751518"></trkpt>
    <trkpt lat="42.276713" lon="-77.752143"></trkpt>
    <trkpt lat="42.27609" lon="-77.752514"></trkpt>
    <trkpt lat="42.275857" lon="-77.752638"></trkpt>
    <trkpt lat="42.275535" lon="-77.752826"></trkpt>
    <trkpt lat="42.275319" lon="-77.752952"></trkpt>
    <trkpt lat="42.275058" lon="-77.753088"></trkpt>
    <trkpt lat="42.274288" lon="-77.75349"></trkpt>
    <trkpt lat="42.273899" lon="-77.753708"></trkpt>
    <trkpt lat="42.272966" lon="-77.754256"></trkpt>
    <trkpt lat="42.272828" lon="-77.754331"></trkpt>
    <trkpt lat="42.271935" lon="-77.754817"></trkpt>
    <trkpt lat="42.271671" lon="-77.755066"></trkpt>
    <trkpt lat="42.271373" lon="-77.755388"></trkpt>
    <trkpt lat="42.271106" lon="-77.755731"></trkpt>
    <trkpt lat="42.270975" lon="-77.755899"></trkpt>
    <trkpt lat="42.270445" lon="-77.756578"></trkpt>
    <trkpt lat="42.270075" lon="-77.757094"></trkpt>
    <trkpt lat="42.269813" lon="-77.757483"></trkpt>
    <trkpt lat="42.269486" lon="-77.757989"></trkpt>
    <trkpt lat="42.269274" lon="-77.758316"></trkpt>
    <trkpt lat="42.269005" lon="-77.758731"></trkpt>
    <trkpt lat="42.268927" lon="-77.758851"></trkpt>
    <trkpt lat="42.268861" lon="-77.758953"></trkpt>
    <trkpt lat="42.268723" lon="-77.759217"></trkpt>
    <trkpt lat="42.268686" lon="-77.759461"></trkpt>
    <trkpt lat="42.26868" lon="-77.759603"></trkpt>
    <trkpt lat="42.268681" lon="-77.759768"></trkpt>
    <trkpt lat="42.268726" lon="-77.760131"></trkpt>
    <trkpt lat="42.268772" lon="-77.760506"></trkpt>
    <trkpt lat="42.268889" lon="-77.761459"></trkpt>
    <trkpt lat="42.268911" lon="-77.761879"></trkpt>
    <trkpt lat="42.268888" lon="-77.762264"></trkpt>
    <trkpt lat="42.268851" lon="-77.762533"></trkpt>
    <trkpt lat="42.268816" lon="-77.762706"></trkpt>
    <trkpt lat="42.268749" lon="-77.762936"></trkpt>
    <trkpt lat="42.268724" lon="-77.763022"></trkpt>
    <trkpt lat="42.268609" lon="-77.763313"></trkpt>
    <trkpt lat="42.268374" lon="-77.763783"></trkpt>
    <trkpt lat="42.268241" lon="-77.764055"></trkpt>
    <trkpt lat="42.268172" lon="-77.764244"></trkpt>
    <trkpt lat="42.268072" lon="-77.764579"></trkpt>
    <trkpt lat="42.268019" lon="-77.764863"></trkpt>
    <trkpt lat="42.268" lon="-77.765017"></trkpt>
    <trkpt lat="42.267969" lon="-77.765486"></trkpt>
    <trkpt lat="42.267973" lon="-77.765871"></trkpt>
    <trkpt lat="42.267972" lon="-77.76614"></trkpt>
    <trkpt lat="42.267972" lon="-77.766698"></trkpt>
    <trkpt lat="42.267972" lon="-77.766944"></trkpt>
    <trkpt lat="42.267972" lon="-77.767078"></trkpt>
    <trkpt lat="42.267967" lon="-77.767352"></trkpt>
    <trkpt lat="42.267961" lon="-77.767674"></trkpt>
    <trkpt lat="42.267916" lon="-77.768216"></trkpt>
    <trkpt lat="42.267907" lon="-77.768282"></trkpt>
    <trkpt lat="42.267854" lon="-77.768645"></trkpt>
    <trkpt lat="42.267804" lon="-77.768993"></trkpt>
    <trkpt lat="42.267755" lon="-77.769337"></trkpt>
    <trkpt lat="42.267745" lon="-77.769403"></trkpt>
    <trkpt lat="42.267714" lon="-77.76962"></trkpt>
    <trkpt lat="42.26769" lon="-77.769785"></trkpt>
    <trkpt lat="42.267667" lon="-77.770039"></trkpt>
    <trkpt lat="42.267663" lon="-77.770174"></trkpt>
    <trkpt lat="42.267651" lon="-77.770581"></trkpt>
    <trkpt lat="42.267649" lon="-77.770635"></trkpt>
    <trkpt lat="42.267673" lon="-77.771069"></trkpt>
    <trkpt lat="42.267685" lon="-77.771639"></trkpt>
    <trkpt lat="42.267677" lon="-77.771707"></trkpt>
    <trkpt lat="42.267665" lon="-77.771816"></trkpt>
    <trkpt lat="42.267648" lon="-77.771961"></trkpt>
    <trkpt lat="42.267611" lon="-77.772139"></trkpt>
    <trkpt lat="42.26752" lon="-77.772581"></trkpt>
    <trkpt lat="42.267506" lon="-77.772637"></trkpt>
    <trkpt lat="42.267358" lon="-77.773239"></trkpt>
    <trkpt lat="42.267349" lon="-77.773276"></trkpt>
    <trkpt lat="42.267248" lon="-77.773642"></trkpt>
    <trkpt lat="42.267182" lon="-77.773879"></trkpt>
    <trkpt lat="42.267089" lon="-77.774214"></trkpt>
    <trkpt lat="42.266982" lon="-77.774582"></trkpt>
    <trkpt lat="42.266959" lon="-77.774666"></trkpt>
    <trkpt lat="42.266886" lon="-77.774924"></trkpt>
    <trkpt lat="42.266674" lon="-77.775648"></trkpt>
    <trkpt lat="42.266629" lon="-77.775802"></trkpt>
    <trkpt lat="42.266606" lon="-77.775875"></trkpt>
    <trkpt lat="42.266488" lon="-77.776251"></trkpt>
    <trkpt lat="42.266406" lon="-77.776514"></trkpt>
    <trkpt lat="42.266355" lon="-77.776667"></trkpt>
    <trkpt lat="42.266195" lon="-77.777147"></trkpt>
    <trkpt lat="42.266132" lon="-77.777336"></trkpt>
    <trkpt lat="42.266113" lon="-77.777392"></trkpt>
    <trkpt lat="42.26602" lon="-77.777617"></trkpt>
    <trkpt lat="42.265963" lon="-77.777755"></trkpt>
    <trkpt lat="42.265854" lon="-77.777973"></trkpt>
    <trkpt lat="42.265844" lon="-77.777993"></trkpt>
    <trkpt lat="42.265666" lon="-77.778295"></trkpt>
    <trkpt lat="42.265578" lon="-77.778445"></trkpt>
    <trkpt lat="42.265487" lon="-77.778599"></trkpt>
    <trkpt lat="42.265432" lon="-77.778692"></trkpt>
    <trkpt lat="42.265321" lon="-77.778879"></trkpt>
    <trkpt lat="42.265078" lon="-77.779292"></trkpt>
    <trkpt lat="42.265067" lon="-77.77931"></trkpt>
    <trkpt lat="42.264905" lon="-77.77958"></trkpt>
    <trkpt lat="42.264869" lon="-77.779641"></trkpt>
    <trkpt lat="42.264764" lon="-77.779816"></trkpt>
    <trkpt lat="42.264539" lon="-77.780193"></trkpt>
    <trkpt lat="42.264093" lon="-77.780922"></trkpt>
    <trkpt lat="42.263832" lon="-77.781336"></trkpt>
    <trkpt lat="42.26365" lon="-77.781642"></trkpt>
    <trkpt lat="42.263412" lon="-77.782043"></trkpt>
    <trkpt lat="42.263236" lon="-77.782675"></trkpt>
    <trkpt lat="42.263155" lon="-77.783091"></trkpt>
    <trkpt lat="42.263097" lon="-77.783391"></trkpt>
    <trkpt lat="42.263072" lon="-77.783652"></trkpt>
    <trkpt lat="42.263058" lon="-77.783994"></trkpt>
    <trkpt lat="42.263075" lon="-77.784457"></trkpt>
    <trkpt lat="42.263181" lon="-77.785422"></trkpt>
    <trkpt lat="42.263268" lon="-77.786112"></trkpt>
    <trkpt lat="42.263584" lon="-77.78875"></trkpt>
    <trkpt lat="42.263686" lon="-77.789708"></trkpt>
    <trkpt lat="42.263933" lon="-77.791733"></trkpt>
    <trkpt lat="42.263939" lon="-77.791778"></trkpt>
    <trkpt lat="42.263957" lon="-77.791933"></trkpt>
    <trkpt lat="42.264042" lon="-77.792654"></trkpt>
    <trkpt lat="42.264359" lon="-77.79521"></trkpt>
    <trkpt lat="42.264547" lon="-77.79686"></trkpt>
    <trkpt lat="42.264604" lon="-77.797383"></trkpt>
    <trkpt lat="42.264753" lon="-77.798622"></trkpt>
    <trkpt lat="42.264941" lon="-77.800193"></trkpt>
    <trkpt lat="42.264958" lon="-77.800348"></trkpt>
    <trkpt lat="42.264994" lon="-77.800671"></trkpt>
    <trkpt lat="42.265072" lon="-77.801634"></trkpt>
    <trkpt lat="42.265083" lon="-77.801764"></trkpt>
    <trkpt lat="42.265115" lon="-77.802108"></trkpt>
    <trkpt lat="42.265131" lon="-77.802285"></trkpt>
    <trkpt lat="42.265162" lon="-77.802616"></trkpt>
    <trkpt lat="42.26527" lon="-77.804193"></trkpt>
    <trkpt lat="42.265255" lon="-77.804819"></trkpt>
    <trkpt lat="42.265231" lon="-77.805111"></trkpt>
    <trkpt lat="42.265201" lon="-77.805374"></trkpt>
    <trkpt lat="42.265101" lon="-77.805947"></trkpt>
    <trkpt lat="42.265027" lon="-77.806257"></trkpt>
    <trkpt lat="42.264848" lon="-77.80692"></trkpt>
    <trkpt lat="42.264231" lon="-77.80908"></trkpt>
    <trkpt lat="42.263112" lon="-77.813002"></trkpt>
    <trkpt lat="42.26298" lon="-77.813462"></trkpt>
    <trkpt lat="42.261865" lon="-77.817367"></trkpt>
    <trkpt lat="42.261737" lon="-77.817834"></trkpt>
    <trkpt lat="42.261542" lon="-77.818542"></trkpt>
    <trkpt lat="42.261486" lon="-77.81875"></trkpt>
    <trkpt lat="42.261452" lon="-77.818883"></trkpt>
    <trkpt lat="42.26138" lon="-77.819269"></trkpt>
    <trkpt lat="42.261248" lon="-77.81985"></trkpt>
    <trkpt lat="42.26119" lon="-77.820309"></trkpt>
    <trkpt lat="42.261124" lon="-77.820904"></trkpt>
    <trkpt lat="42.261024" lon="-77.822189"></trkpt>
    <trkpt lat="42.261002" lon="-77.822574"></trkpt>
    <trkpt lat="42.260913" lon="-77.824129"></trkpt>
    <trkpt lat="42.260771" lon="-77.826263"></trkpt>
    <trkpt lat="42.260701" lon="-77.826745"></trkpt>
    <trkpt lat="42.260563" lon="-77.827441"></trkpt>
    <trkpt lat="42.26042" lon="-77.827957"></trkpt>
    <trkpt lat="42.260323" lon="-77.828233"></trkpt>
    <trkpt lat="42.259736" lon="-77.829762"></trkpt>
    <trkpt lat="42.258917" lon="-77.831834"></trkpt>
    <trkpt lat="42.25863" lon="-77.832579"></trkpt>
    <trkpt lat="42.258318" lon="-77.833341"></trkpt>
    <trkpt lat="42.258054" lon="-77.833895"></trkpt>
    <trkpt lat="42.257686" lon="-77.834552"></trkpt>
    <trkpt lat="42.255365" lon="-77.83833"></trkpt>
    <trkpt lat="42.254943" lon="-77.839036"></trkpt>
    <trkpt lat="42.254647" lon="-77.839522"></trkpt>
    <trkpt lat="42.254429" lon="-77.839912"></trkpt>
    <trkpt lat="42.254203" lon="-77.840403"></trkpt>
    <trkpt lat="42.254021" lon="-77.840827"></trkpt>
    <trkpt lat="42.253812" lon="-77.84137"></trkpt>
    <trkpt lat="42.25338" lon="-77.842641"></trkpt>
    <trkpt lat="42.252943" lon="-77.843956"></trkpt>
    <trkpt lat="42.251679" lon="-77.847708"></trkpt>
    <trkpt lat="42.2516" lon="-77.848012"></trkpt>
    <trkpt lat="42.251565" lon="-77.848195"></trkpt>
    <trkpt lat="42.251504" lon="-77.848572"></trkpt>
    <trkpt lat="42.251476" lon="-77.849038"></trkpt>
    <trkpt lat="42.251473" lon="-77.849619"></trkpt>
    <trkpt lat="42.251672" lon="-77.856377"></trkpt>
    <trkpt lat="42.251718" lon="-77.857084"></trkpt>
    <trkpt lat="42.251776" lon="-77.857638"></trkpt>
    <trkpt lat="42.252317" lon="-77.862305"></trkpt>
    <trkpt lat="42.252527" lon="-77.864045"></trkpt>
    <trkpt lat="42.252565" lon="-77.864359"></trkpt>
    <trkpt lat="42.252735" lon="-77.865895"></trkpt>
    <trkpt lat="42.252744" lon="-77.865973"></trkpt>
    <trkpt lat="42.253178" lon="-77.869659"></trkpt>
    <trkpt lat="42.253226" lon="-77.870059"></trkpt>
    <trkpt lat="42.253488" lon="-77.872261"></trkpt>
    <trkpt lat="42.253772" lon="-77.874641"></trkpt>
    <trkpt lat="42.254135" lon="-77.877792"></trkpt>
    <trkpt lat="42.254217" lon="-77.878358"></trkpt>
    <trkpt lat="42.254277" lon="-77.878672"></trkpt>
    <trkpt lat="42.254417" lon="-77.879229"></trkpt>
    <trkpt lat="42.254671" lon="-77.879997"></trkpt>
    <trkpt lat="42.255114" lon="-77.881042"></trkpt>
    <trkpt lat="42.255553" lon="-77.882131"></trkpt>
    <trkpt lat="42.256029" lon="-77.883262"></trkpt>
    <trkpt lat="42.256178" lon="-77.883632"></trkpt>
    <trkpt lat="42.25627" lon="-77.883862"></trkpt>
    <trkpt lat="42.256272" lon="-77.883866"></trkpt>
    <trkpt lat="42.256562" lon="-77.88455"></trkpt>
    <trkpt lat="42.257461" lon="-77.886937"></trkpt>
    <trkpt lat="42.25754" lon="-77.887169"></trkpt>
    <trkpt lat="42.257616" lon="-77.887392"></trkpt>
    <trkpt lat="42.257634" lon="-77.887455"></trkpt>
    <trkpt lat="42.257734" lon="-77.887803"></trkpt>
    <trkpt lat="42.257766" lon="-77.887947"></trkpt>
    <trkpt lat="42.257813" lon="-77.888174"></trkpt>
    <trkpt lat="42.257854" lon="-77.888374"></trkpt>
    <trkpt lat="42.257897" lon="-77.888708"></trkpt>
    <trkpt lat="42.257941" lon="-77.889051"></trkpt>
    <trkpt lat="42.258026" lon="-77.890353"></trkpt>
    <trkpt lat="42.258073" lon="-77.891029"></trkpt>
    <trkpt lat="42.258082" lon="-77.891213"></trkpt>
    <trkpt lat="42.258094" lon="-77.891477"></trkpt>
    <trkpt lat="42.2581" lon="-77.892419"></trkpt>
    <trkpt lat="42.258053" lon="-77.893494"></trkpt>
    <trkpt lat="42.257975" lon="-77.894242"></trkpt>
    <trkpt lat="42.257902" lon="-77.89496"></trkpt>
    <trkpt lat="42.257812" lon="-77.895843"></trkpt>
    <trkpt lat="42.257758" lon="-77.896372"></trkpt>
    <trkpt lat="42.257736" lon="-77.896571"></trkpt>
    <trkpt lat="42.257715" lon="-77.896741"></trkpt>
    <trkpt lat="42.2577" lon="-77.896849"></trkpt>
    <trkpt lat="42.257652" lon="-77.897202"></trkpt>
    <trkpt lat="42.257581" lon="-77.897638"></trkpt>
    <trkpt lat="42.257451" lon="-77.898257"></trkpt>
    <trkpt lat="42.257439" lon="-77.898313"></trkpt>
    <trkpt lat="42.257346" lon="-77.898673"></trkpt>
    <trkpt lat="42.257312" lon="-77.898785"></trkpt>
    <trkpt lat="42.257034" lon="-77.899708"></trkpt>
    <trkpt lat="42.256698" lon="-77.900737"></trkpt>
    <trkpt lat="42.255532" lon="-77.904403"></trkpt>
    <trkpt lat="42.255389" lon="-77.904896"></trkpt>
    <trkpt lat="42.255309" lon="-77.90524"></trkpt>
    <trkpt lat="42.255228" lon="-77.905599"></trkpt>
    <trkpt lat="42.255163" lon="-77.905939"></trkpt>
    <trkpt lat="42.255026" lon="-77.90689"></trkpt>
    <trkpt lat="42.25501" lon="-77.907002"></trkpt>
    <trkpt lat="42.254837" lon="-77.908293"></trkpt>
    <trkpt lat="42.254657" lon="-77.909688"></trkpt>
    <trkpt lat="42.254635" lon="-77.909956"></trkpt>
    <trkpt lat="42.254602" lon="-77.910573"></trkpt>
    <trkpt lat="42.254548" lon="-77.91289"></trkpt>
    <trkpt lat="42.254529" lon="-77.913685"></trkpt>
    <trkpt lat="42.254526" lon="-77.913809"></trkpt>
    <trkpt lat="42.254508" lon="-77.914459"></trkpt>
    <trkpt lat="42.254504" lon="-77.914968"></trkpt>
    <trkpt lat="42.254498" lon="-77.915315"></trkpt>
    <trkpt lat="42.254481" lon="-77.915718"></trkpt>
    <trkpt lat="42.254439" lon="-77.916369"></trkpt>
    <trkpt lat="42.254079" lon="-77.919656"></trkpt>
    <trkpt lat="42.253963" lon="-77.920831"></trkpt>
    <trkpt lat="42.253938" lon="-77.921175"></trkpt>
    <trkpt lat="42.253921" lon="-77.921616"></trkpt>
    <trkpt lat="42.253915" lon="-77.922034"></trkpt>
    <trkpt lat="42.253912" lon="-77.924801"></trkpt>
    <trkpt lat="42.253921" lon="-77.926867"></trkpt>
    <trkpt lat="42.253908" lon="-77.931034"></trkpt>
    <trkpt lat="42.253915" lon="-77.932382"></trkpt>
    <trkpt lat="42.25391" lon="-77.933432"></trkpt>
    <trkpt lat="42.253915" lon="-77.936855"></trkpt>
    <trkpt lat="42.253902" lon="-77.937786"></trkpt>
    <trkpt lat="42.253872" lon="-77.938351"></trkpt>
    <trkpt lat="42.253832" lon="-77.938751"></trkpt>
    <trkpt lat="42.253798" lon="-77.93902"></trkpt>
    <trkpt lat="42.253757" lon="-77.939349"></trkpt>
    <trkpt lat="42.253651" lon="-77.939971"></trkpt>
    <trkpt lat="42.253524" lon="-77.940535"></trkpt>
    <trkpt lat="42.253392" lon="-77.941069"></trkpt>
    <trkpt lat="42.252558" lon="-77.944475"></trkpt>
    <trkpt lat="42.2523" lon="-77.945526"></trkpt>
    <trkpt lat="42.25196" lon="-77.946906"></trkpt>
    <trkpt lat="42.252161" lon="-77.94697"></trkpt>
    <trkpt lat="42.252225" lon="-77.94692"></trkpt>
    <trkpt lat="42.252339" lon="-77.946841"></trkpt>
    <trkpt lat="42.252416" lon="-77.946838"></trkpt>
    <trkpt lat="42.252452" lon="-77.946884"></trkpt>
    <trkpt lat="42.252475" lon="-77.947001"></trkpt>
    <trkpt lat="42.252475" lon="-77.947001"></trkpt>
    <trkpt lat="42.252475" lon="-77.947001"></trkpt>
    <trkpt lat="42.252452" lon="-77.946884"></trkpt>
    <trkpt lat="42.252416" lon="-77.946838"></trkpt>
    <trkpt lat="42.252339" lon="-77.946841"></trkpt>
    <trkpt lat="42.252225" lon="-77.94692"></trkpt>
    <trkpt lat="42.252161" lon="-77.94697"></trkpt>
    <trkpt lat="42.25196" lon="-77.946906"></trkpt>
    <trkpt lat="42.2523" lon="-77.945526"></trkpt>
    <trkpt lat="42.252558" lon="-77.944475"></trkpt>
    <trkpt lat="42.253392" lon="-77.941069"></trkpt>
    <trkpt lat="42.253524" lon="-77.940535"></trkpt>
    <trkpt lat="42.253651" lon="-77.939971"></trkpt>
    <trkpt lat="42.253757" lon="-77.939349"></trkpt>
    <trkpt lat="42.253798" lon="-77.93902"></trkpt>
    <trkpt lat="42.253832" lon="-77.938751"></trkpt>
    <trkpt lat="42.253872" lon="-77.938351"></trkpt>
    <trkpt lat="42.253902" lon="-77.937786"></trkpt>
    <trkpt lat="42.253915" lon="-77.936855"></trkpt>
    <trkpt lat="42.25391" lon="-77.933432"></trkpt>
    <trkpt lat="42.253915" lon="-77.932382"></trkpt>
    <trkpt lat="42.253908" lon="-77.931034"></trkpt>
    <trkpt lat="42.253921" lon="-77.926867"></trkpt>
    <trkpt lat="42.253912" lon="-77.924801"></trkpt>
    <trkpt lat="42.253915" lon="-77.922034"></trkpt>
    <trkpt lat="42.253921" lon="-77.921616"></trkpt>
    <trkpt lat="42.253938" lon="-77.921175"></trkpt>
    <trkpt lat="42.253963" lon="-77.920831"></trkpt>
    <trkpt lat="42.254079" lon="-77.919656"></trkpt>
    <trkpt lat="42.254439" lon="-77.916369"></trkpt>
    <trkpt lat="42.254481" lon="-77.915718"></trkpt>
    <trkpt lat="42.254498" lon="-77.915315"></trkpt>
    <trkpt lat="42.254504" lon="-77.914968"></trkpt>
    <trkpt lat="42.254508" lon="-77.914459"></trkpt>
    <trkpt lat="42.254526" lon="-77.913809"></trkpt>
    <trkpt lat="42.254529" lon="-77.913685"></trkpt>
    <trkpt lat="42.254548" lon="-77.91289"></trkpt>
    <trkpt lat="42.254602" lon="-77.910573"></trkpt>
    <trkpt lat="42.254635" lon="-77.909956"></trkpt>
    <trkpt lat="42.254657" lon="-77.909688"></trkpt>
    <trkpt lat="42.254837" lon="-77.908293"></trkpt>
    <trkpt lat="42.25501" lon="-77.907002"></trkpt>
    <trkpt lat="42.255026" lon="-77.90689"></trkpt>
    <trkpt lat="42.255163" lon="-77.905939"></trkpt>
    <trkpt lat="42.255228" lon="-77.905599"></trkpt>
    <trkpt lat="42.255309" lon="-77.90524"></trkpt>
    <trkpt lat="42.255389" lon="-77.904896"></trkpt>
    <trkpt lat="42.255532" lon="-77.904403"></trkpt>
    <trkpt lat="42.256698" lon="-77.900737"></trkpt>
    <trkpt lat="42.257034" lon="-77.899708"></trkpt>
    <trkpt lat="42.257312" lon="-77.898785"></trkpt>
    <trkpt lat="42.257346" lon="-77.898673"></trkpt>
    <trkpt lat="42.257439" lon="-77.898313"></trkpt>
    <trkpt lat="42.257451" lon="-77.898257"></trkpt>
    <trkpt lat="42.257581" lon="-77.897638"></trkpt>
    <trkpt lat="42.257652" lon="-77.897202"></trkpt>
    <trkpt lat="42.2577" lon="-77.896849"></trkpt>
    <trkpt lat="42.257715" lon="-77.896741"></trkpt>
    <trkpt lat="42.257736" lon="-77.896571"></trkpt>
    <trkpt lat="42.257758" lon="-77.896372"></trkpt>
    <trkpt lat="42.257812" lon="-77.895843"></trkpt>
    <trkpt lat="42.257902" lon="-77.89496"></trkpt>
    <trkpt lat="42.257975" lon="-77.894242"></trkpt>
    <trkpt lat="42.258053" lon="-77.893494"></trkpt>
    <trkpt lat="42.2581" lon="-77.892419"></trkpt>
    <trkpt lat="42.258094" lon="-77.891477"></trkpt>
    <trkpt lat="42.258082" lon="-77.891213"></trkpt>
    <trkpt lat="42.258073" lon="-77.891029"></trkpt>
    <trkpt lat="42.258026" lon="-77.890353"></trkpt>
    <trkpt lat="42.257941" lon="-77.889051"></trkpt>
    <trkpt lat="42.257897" lon="-77.888708"></trkpt>
    <trkpt lat="42.257854" lon="-77.888374"></trkpt>
    <trkpt lat="42.257813" lon="-77.888174"></trkpt>
    <trkpt lat="42.257766" lon="-77.887947"></trkpt>
    <trkpt lat="42.257734" lon="-77.887803"></trkpt>
    <trkpt lat="42.257634" lon="-77.887455"></trkpt>
    <trkpt lat="42.257616" lon="-77.887392"></trkpt>
    <trkpt lat="42.25754" lon="-77.887169"></trkpt>
    <trkpt lat="42.257461" lon="-77.886937"></trkpt>
    <trkpt lat="42.256562" lon="-77.88455"></trkpt>
    <trkpt lat="42.256272" lon="-77.883866"></trkpt>
    <trkpt lat="42.25627" lon="-77.883862"></trkpt>
    <trkpt lat="42.256178" lon="-77.883632"></trkpt>
    <trkpt lat="42.256029" lon="-77.883262"></trkpt>
    <trkpt lat="42.255553" lon="-77.882131"></trkpt>
    <trkpt lat="42.255114" lon="-77.881042"></trkpt>
    <trkpt lat="42.254671" lon="-77.879997"></trkpt>
    <trkpt lat="42.254417" lon="-77.879229"></trkpt>
    <trkpt lat="42.254277" lon="-77.878672"></trkpt>
    <trkpt lat="42.254217" lon="-77.878358"></trkpt>
    <trkpt lat="42.254135" lon="-77.877792"></trkpt>
    <trkpt lat="42.253772" lon="-77.874641"></trkpt>
    <trkpt lat="42.253488" lon="-77.872261"></trkpt>
    <trkpt lat="42.253226" lon="-77.870059"></trkpt>
    <trkpt lat="42.253178" lon="-77.869659"></trkpt>
    <trkpt lat="42.252744" lon="-77.865973"></trkpt>
    <trkpt lat="42.252735" lon="-77.865895"></trkpt>
    <trkpt lat="42.252565" lon="-77.864359"></trkpt>
    <trkpt lat="42.252527" lon="-77.864045"></trkpt>
    <trkpt lat="42.252317" lon="-77.862305"></trkpt>
    <trkpt lat="42.251776" lon="-77.857638"></trkpt>
    <trkpt lat="42.251718" lon="-77.857084"></trkpt>
    <trkpt lat="42.251672" lon="-77.856377"></trkpt>
    <trkpt lat="42.251473" lon="-77.849619"></trkpt>
    <trkpt lat="42.251476" lon="-77.849038"></trkpt>
    <trkpt lat="42.251504" lon="-77.848572"></trkpt>
    <trkpt lat="42.251565" lon="-77.848195"></trkpt>
    <trkpt lat="42.2516" lon="-77.848012"></trkpt>
    <trkpt lat="42.251679" lon="-77.847708"></trkpt>
    <trkpt lat="42.252943" lon="-77.843956"></trkpt>
    <trkpt lat="42.25338" lon="-77.842641"></trkpt>
    <trkpt lat="42.253812" lon="-77.84137"></trkpt>
    <trkpt lat="42.254021" lon="-77.840827"></trkpt>
    <trkpt lat="42.254203" lon="-77.840403"></trkpt>
    <trkpt lat="42.254429" lon="-77.839912"></trkpt>
    <trkpt lat="42.254647" lon="-77.839522"></trkpt>
    <trkpt lat="42.254943" lon="-77.839036"></trkpt>
    <trkpt lat="42.255365" lon="-77.83833"></trkpt>
    <trkpt lat="42.257686" lon="-77.834552"></trkpt>
    <trkpt lat="42.258054" lon="-77.833895"></trkpt>
    <trkpt lat="42.258318" lon="-77.833341"></trkpt>
    <trkpt lat="42.25863" lon="-77.832579"></trkpt>
    <trkpt lat="42.258917" lon="-77.831834"></trkpt>
    <trkpt lat="42.259736" lon="-77.829762"></trkpt>
    <trkpt lat="42.260323" lon="-77.828233"></trkpt>
    <trkpt lat="42.26042" lon="-77.827957"></trkpt>
    <trkpt lat="42.260563" lon="-77.827441"></trkpt>
    <trkpt lat="42.260701" lon="-77.826745"></trkpt>
    <trkpt lat="42.260771" lon="-77.826263"></trkpt>
    <trkpt lat="42.260913" lon="-77.824129"></trkpt>
    <trkpt lat="42.261002" lon="-77.822574"></trkpt>
    <trkpt lat="42.261024" lon="-77.822189"></trkpt>
    <trkpt lat="42.261124" lon="-77.820904"></trkpt>
    <trkpt lat="42.26119" lon="-77.820309"></trkpt>
    <trkpt lat="42.261248" lon="-77.81985"></trkpt>
    <trkpt lat="42.26138" lon="-77.819269"></trkpt>
    <trkpt lat="42.261452" lon="-77.818883"></trkpt>
    <trkpt lat="42.261486" lon="-77.81875"></trkpt>
    <trkpt lat="42.261542" lon="-77.818542"></trkpt>
    <trkpt lat="42.261737" lon="-77.817834"></trkpt>
    <trkpt lat="42.261865" lon="-77.817367"></trkpt>
    <trkpt lat="42.26298" lon="-77.813462"></trkpt>
    <trkpt lat="42.263112" lon="-77.813002"></trkpt>
    <trkpt lat="42.264231" lon="-77.80908"></trkpt>
    <trkpt lat="42.264848" lon="-77.80692"></trkpt>
    <trkpt lat="42.265027" lon="-77.806257"></trkpt>
    <trkpt lat="42.265101" lon="-77.805947"></trkpt>
    <trkpt lat="42.265201" lon="-77.805374"></trkpt>
    <trkpt lat="42.265231" lon="-77.805111"></trkpt>
    <trkpt lat="42.265255" lon="-77.804819"></trkpt>
    <trkpt lat="42.26527" lon="-77.804193"></trkpt>
    <trkpt lat="42.265162" lon="-77.802616"></trkpt>
    <trkpt lat="42.265131" lon="-77.802285"></trkpt>
    <trkpt lat="42.265115" lon="-77.802108"></trkpt>
    <trkpt lat="42.265083" lon="-77.801764"></trkpt>
    <trkpt lat="42.265072" lon="-77.801634"></trkpt>
    <trkpt lat="42.264994" lon="-77.800671"></trkpt>
    <trkpt lat="42.264958" lon="-77.800348"></trkpt>
    <trkpt lat="42.264941" lon="-77.800193"></trkpt>
    <trkpt lat="42.264753" lon="-77.798622"></trkpt>
    <trkpt lat="42.264604" lon="-77.797383"></trkpt>
    <trkpt lat="42.264547" lon="-77.79686"></trkpt>
    <trkpt lat="42.264359" lon="-77.79521"></trkpt>
    <trkpt lat="42.264042" lon="-77.792654"></trkpt>
    <trkpt lat="42.263957" lon="-77.791933"></trkpt>
    <trkpt lat="42.263939" lon="-77.791778"></trkpt>
    <trkpt lat="42.263933" lon="-77.791733"></trkpt>
    <trkpt lat="42.263686" lon="-77.789708"></trkpt>
    <trkpt lat="42.263584" lon="-77.78875"></trkpt>
    <trkpt lat="42.263268" lon="-77.786112"></trkpt>
    <trkpt lat="42.263181" lon="-77.785422"></trkpt>
    <trkpt lat="42.263075" lon="-77.784457"></trkpt>
    <trkpt lat="42.263058" lon="-77.783994"></trkpt>
    <trkpt lat="42.263072" lon="-77.783652"></trkpt>
    <trkpt lat="42.263097" lon="-77.783391"></trkpt>
    <trkpt lat="42.263155" lon="-77.783091"></trkpt>
    <trkpt lat="42.263236" lon="-77.782675"></trkpt>
    <trkpt lat="42.263217" lon="-77.782575"></trkpt>
    <trkpt lat="42.26315" lon="-77.782484"></trkpt>
    <trkpt lat="42.263412" lon="-77.782043"></trkpt>
    <trkpt lat="42.26365" lon="-77.781642"></trkpt>
    <trkpt lat="42.263832" lon="-77.781336"></trkpt>
    <trkpt lat="42.264093" lon="-77.780922"></trkpt>
    <trkpt lat="42.264539" lon="-77.780193"></trkpt>
    <trkpt lat="42.264764" lon="-77.779816"></trkpt>
    <trkpt lat="42.264869" lon="-77.779641"></trkpt>
    <trkpt lat="42.264905" lon="-77.77958"></trkpt>
    <trkpt lat="42.265067" lon="-77.77931"></trkpt>
    <trkpt lat="42.265078" lon="-77.779292"></trkpt>
    <trkpt lat="42.265321" lon="-77.778879"></trkpt>
    <trkpt lat="42.265432" lon="-77.778692"></trkpt>
    <trkpt lat="42.265487" lon="-77.778599"></trkpt>
    <trkpt lat="42.265578" lon="-77.778445"></trkpt>
    <trkpt lat="42.265666" lon="-77.778295"></trkpt>
    <trkpt lat="42.265844" lon="-77.777993"></trkpt>
    <trkpt lat="42.265854" lon="-77.777973"></trkpt>
    <trkpt lat="42.265963" lon="-77.777755"></trkpt>
    <trkpt lat="42.26602" lon="-77.777617"></trkpt>
    <trkpt lat="42.266113" lon="-77.777392"></trkpt>
    <trkpt lat="42.266132" lon="-77.777336"></trkpt>
    <trkpt lat="42.266195" lon="-77.777147"></trkpt>
    <trkpt lat="42.266355" lon="-77.776667"></trkpt>
    <trkpt lat="42.266406" lon="-77.776514"></trkpt>
    <trkpt lat="42.266488" lon="-77.776251"></trkpt>
    <trkpt lat="42.266606" lon="-77.775875"></trkpt>
    <trkpt lat="42.266629" lon="-77.775802"></trkpt>
    <trkpt lat="42.266674" lon="-77.775648"></trkpt>
    <trkpt lat="42.266886" lon="-77.774924"></trkpt>
    <trkpt lat="42.266959" lon="-77.774666"></trkpt>
    <trkpt lat="42.266982" lon="-77.774582"></trkpt>
    <trkpt lat="42.267089" lon="-77.774214"></trkpt>
    <trkpt lat="42.267182" lon="-77.773879"></trkpt>
    <trkpt lat="42.267248" lon="-77.773642"></trkpt>
    <trkpt lat="42.267349" lon="-77.773276"></trkpt>
    <trkpt lat="42.267358" lon="-77.773239"></trkpt>
    <trkpt lat="42.267506" lon="-77.772637"></trkpt>
    <trkpt lat="42.26752" lon="-77.772581"></trkpt>
    <trkpt lat="42.267611" lon="-77.772139"></trkpt>
    <trkpt lat="42.267648" lon="-77.771961"></trkpt>
    <trkpt lat="42.267665" lon="-77.771816"></trkpt>
    <trkpt lat="42.267677" lon="-77.771707"></trkpt>
    <trkpt lat="42.267685" lon="-77.771639"></trkpt>
    <trkpt lat="42.267673" lon="-77.771069"></trkpt>
    <trkpt lat="42.267649" lon="-77.770635"></trkpt>
    <trkpt lat="42.267651" lon="-77.770581"></trkpt>
    <trkpt lat="42.267663" lon="-77.770174"></trkpt>
    <trkpt lat="42.267667" lon="-77.770039"></trkpt>
    <trkpt lat="42.26769" lon="-77.769785"></trkpt>
    <trkpt lat="42.267714" lon="-77.76962"></trkpt>
    <trkpt lat="42.267745" lon="-77.769403"></trkpt>
    <trkpt lat="42.267755" lon="-77.769337"></trkpt>
    <trkpt lat="42.267804" lon="-77.768993"></trkpt>
    <trkpt lat="42.267854" lon="-77.768645"></trkpt>
    <trkpt lat="42.267907" lon="-77.768282"></trkpt>
    <trkpt lat="42.267916" lon="-77.768216"></trkpt>
    <trkpt lat="42.267961" lon="-77.767674"></trkpt>
    <trkpt lat="42.267967" lon="-77.767352"></trkpt>
    <trkpt lat="42.267972" lon="-77.767078"></trkpt>
    <trkpt lat="42.267972" lon="-77.766944"></trkpt>
    <trkpt lat="42.267972" lon="-77.766698"></trkpt>
    <trkpt lat="42.267972" lon="-77.76614"></trkpt>
    <trkpt lat="42.267973" lon="-77.765871"></trkpt>
    <trkpt lat="42.267969" lon="-77.765486"></trkpt>
    <trkpt lat="42.268" lon="-77.765017"></trkpt>
    <trkpt lat="42.268019" lon="-77.764863"></trkpt>
    <trkpt lat="42.268072" lon="-77.764579"></trkpt>
    <trkpt lat="42.268172" lon="-77.764244"></trkpt>
    <trkpt lat="42.268241" lon="-77.764055"></trkpt>
    <trkpt lat="42.268374" lon="-77.763783"></trkpt>
    <trkpt lat="42.268609" lon="-77.763313"></trkpt>
    <trkpt lat="42.268724" lon="-77.763022"></trkpt>
    <trkpt lat="42.268749" lon="-77.762936"></trkpt>
    <trkpt lat="42.268816" lon="-77.762706"></trkpt>
    <trkpt lat="42.268851" lon="-77.762533"></trkpt>
    <trkpt lat="42.268888" lon="-77.762264"></trkpt>
    <trkpt lat="42.268911" lon="-77.761879"></trkpt>
    <trkpt lat="42.268889" lon="-77.761459"></trkpt>
    <trkpt lat="42.268772" lon="-77.760506"></trkpt>
    <trkpt lat="42.268726" lon="-77.760131"></trkpt>
    <trkpt lat="42.268681" lon="-77.759768"></trkpt>
    <trkpt lat="42.26868" lon="-77.759603"></trkpt>
    <trkpt lat="42.268686" lon="-77.759461"></trkpt>
    <trkpt lat="42.268723" lon="-77.759217"></trkpt>
    <trkpt lat="42.268861" lon="-77.758953"></trkpt>
    <trkpt lat="42.268927" lon="-77.758851"></trkpt>
    <trkpt lat="42.269005" lon="-77.758731"></trkpt>
    <trkpt lat="42.269274" lon="-77.758316"></trkpt>
    <trkpt lat="42.269486" lon="-77.757989"></trkpt>
    <trkpt lat="42.269813" lon="-77.757483"></trkpt>
    <trkpt lat="42.270075" lon="-77.757094"></trkpt>
    <trkpt lat="42.270445" lon="-77.756578"></trkpt>
    <trkpt lat="42.270975" lon="-77.755899"></trkpt>
    <trkpt lat="42.271106" lon="-77.755731"></trkpt>
    <trkpt lat="42.271139" lon="-77.755236"></trkpt>
    <trkpt lat="42.271935" lon="-77.754817"></trkpt>
    <trkpt lat="42.272828" lon="-77.754331"></trkpt>
    <trkpt lat="42.272966" lon="-77.754256"></trkpt>
    <trkpt lat="42.273899" lon="-77.753708"></trkpt>
    <trkpt lat="42.274288" lon="-77.75349"></trkpt>
    <trkpt lat="42.275058" lon="-77.753088"></trkpt>
    <trkpt lat="42.275319" lon="-77.752952"></trkpt>
    <trkpt lat="42.275535" lon="-77.752826"></trkpt>
    <trkpt lat="42.275857" lon="-77.752638"></trkpt>
    <trkpt lat="42.27609" lon="-77.752514"></trkpt>
    <trkpt lat="42.276713" lon="-77.752143"></trkpt>
    <trkpt lat="42.277752" lon="-77.751518"></trkpt>
    <trkpt lat="42.278063" lon="-77.751273"></trkpt>
    <trkpt lat="42.278394" lon="-77.750957"></trkpt>
    <trkpt lat="42.278687" lon="-77.750623"></trkpt>
    <trkpt lat="42.278972" lon="-77.750262"></trkpt>
    <trkpt lat="42.279158" lon="-77.750003"></trkpt>
    <trkpt lat="42.279345" lon="-77.749765"></trkpt>
    <trkpt lat="42.279761" lon="-77.749334"></trkpt>
    <trkpt lat="42.279938" lon="-77.749188"></trkpt>
    <trkpt lat="42.280268" lon="-77.748972"></trkpt>
    <trkpt lat="42.280354" lon="-77.748923"></trkpt>
    <trkpt lat="42.280468" lon="-77.748857"></trkpt>
    <trkpt lat="42.280897" lon="-77.748689"></trkpt>
    <trkpt lat="42.281313" lon="-77.748582"></trkpt>
    <trkpt lat="42.281753" lon="-77.748557"></trkpt>
    <trkpt lat="42.281906" lon="-77.748562"></trkpt>
    <trkpt lat="42.282367" lon="-77.748571"></trkpt>
    <trkpt lat="42.282744" lon="-77.748579"></trkpt>
    <trkpt lat="42.283887" lon="-77.748602"></trkpt>
    <trkpt lat="42.284309" lon="-77.74861"></trkpt>
    <trkpt lat="42.284686" lon="-77.748617"></trkpt>
    <trkpt lat="42.28507" lon="-77.748624"></trkpt>
    <trkpt lat="42.285617" lon="-77.74862"></trkpt>
    <trkpt lat="42.286388" lon="-77.748644"></trkpt>
    <trkpt lat="42.286951" lon="-77.748659"></trkpt>
    <trkpt lat="42.287584" lon="-77.74866"></trkpt>
    <trkpt lat="42.287919" lon="-77.748661"></trkpt>
    <trkpt lat="42.288095" lon="-77.748661"></trkpt>
    <trkpt lat="42.288983" lon="-77.748696"></trkpt>
    <trkpt lat="42.292101" lon="-77.748748"></trkpt>
    <trkpt lat="42.292188" lon="-77.74875"></trkpt>
    <trkpt lat="42.292339" lon="-77.748752"></trkpt>
    <trkpt lat="42.29296" lon="-77.748746"></trkpt>
    <trkpt lat="42.29317" lon="-77.748741"></trkpt>
    <trkpt lat="42.293336" lon="-77.748737"></trkpt>
    <trkpt lat="42.293554" lon="-77.748726"></trkpt>
    <trkpt lat="42.293746" lon="-77.748717"></trkpt>
    <trkpt lat="42.293936" lon="-77.748707"></trkpt>
    <trkpt lat="42.294494" lon="-77.748679"></trkpt>
    <trkpt lat="42.294514" lon="-77.748678"></trkpt>
    <trkpt lat="42.295077" lon="-77.748647"></trkpt>
    <trkpt lat="42.295387" lon="-77.74863"></trkpt>
    <trkpt lat="42.295432" lon="-77.748627"></trkpt>
    <trkpt lat="42.295878" lon="-77.748598"></trkpt>
    <trkpt lat="42.296229" lon="-77.748575"></trkpt>
    <trkpt lat="42.296795" lon="-77.748537"></trkpt>
    <trkpt lat="42.297041" lon="-77.748521"></trkpt>
    <trkpt lat="42.297555" lon="-77.74849"></trkpt>
    <trkpt lat="42.298189" lon="-77.748467"></trkpt>
    <trkpt lat="42.298864" lon="-77.748442"></trkpt>
    <trkpt lat="42.299156" lon="-77.748431"></trkpt>
    <trkpt lat="42.299376" lon="-77.748423"></trkpt>
    <trkpt lat="42.299684" lon="-77.748412"></trkpt>
    <trkpt lat="42.299958" lon="-77.748402"></trkpt>
    <trkpt lat="42.300359" lon="-77.748395"></trkpt>
    <trkpt lat="42.300713" lon="-77.748389"></trkpt>
    <trkpt lat="42.300938" lon="-77.748385"></trkpt>
    <trkpt lat="42.301254" lon="-77.748353"></trkpt>
    <trkpt lat="42.30193" lon="-77.748284"></trkpt>
    <trkpt lat="42.302391" lon="-77.748176"></trkpt>
    <trkpt lat="42.302748" lon="-77.748056"></trkpt>
    <trkpt lat="42.303465" lon="-77.747815"></trkpt>
    <trkpt lat="42.303758" lon="-77.747716"></trkpt>
    <trkpt lat="42.304508" lon="-77.747446"></trkpt>
    <trkpt lat="42.304695" lon="-77.747379"></trkpt>
    <trkpt lat="42.305175" lon="-77.747217"></trkpt>
    <trkpt lat="42.306747" lon="-77.746685"></trkpt>
    <trkpt lat="42.306929" lon="-77.746623"></trkpt>
    <trkpt lat="42.307026" lon="-77.746589"></trkpt>
    <trkpt lat="42.307286" lon="-77.746496"></trkpt>
    <trkpt lat="42.307729" lon="-77.746338"></trkpt>
    <trkpt lat="42.307875" lon="-77.746288"></trkpt>
    <trkpt lat="42.308761" lon="-77.745984"></trkpt>
    <trkpt lat="42.308837" lon="-77.745958"></trkpt>
    <trkpt lat="42.309654" lon="-77.745677"></trkpt>
    <trkpt lat="42.309719" lon="-77.745655"></trkpt>
    <trkpt lat="42.310945" lon="-77.745237"></trkpt>
    <trkpt lat="42.311233" lon="-77.745145"></trkpt>
    <trkpt lat="42.311757" lon="-77.744953"></trkpt>
    <trkpt lat="42.311787" lon="-77.74494"></trkpt>
    <trkpt lat="42.312295" lon="-77.744731"></trkpt>
    <trkpt lat="42.312368" lon="-77.744702"></trkpt>
    <trkpt lat="42.312505" lon="-77.744647"></trkpt>
    <trkpt lat="42.312929" lon="-77.744402"></trkpt>
    <trkpt lat="42.313244" lon="-77.744194"></trkpt>
    <trkpt lat="42.313306" lon="-77.744152"></trkpt>
    <trkpt lat="42.313525" lon="-77.743978"></trkpt>
    <trkpt lat="42.313865" lon="-77.74369"></trkpt>
    <trkpt lat="42.314054" lon="-77.743494"></trkpt>
    <trkpt lat="42.314354" lon="-77.743113"></trkpt>
    <trkpt lat="42.314454" lon="-77.742967"></trkpt>
    <trkpt lat="42.314994" lon="-77.742066"></trkpt>
    <trkpt lat="42.315316" lon="-77.741556"></trkpt>
    <trkpt lat="42.315402" lon="-77.741438"></trkpt>
    <trkpt lat="42.31551" lon="-77.741311"></trkpt>
    <trkpt lat="42.315905" lon="-77.741008"></trkpt>
    <trkpt lat="42.316331" lon="-77.740693"></trkpt>
    <trkpt lat="42.316445" lon="-77.740615"></trkpt>
    <trkpt lat="42.31696" lon="-77.740191"></trkpt>
    <trkpt lat="42.317206" lon="-77.739999"></trkpt>
    <trkpt lat="42.318355" lon="-77.739037"></trkpt>
    <trkpt lat="42.318588" lon="-77.738841"></trkpt>
    <trkpt lat="42.31863" lon="-77.738806"></trkpt>
    <trkpt lat="42.318896" lon="-77.738585"></trkpt>
    <trkpt lat="42.319325" lon="-77.738266"></trkpt>
    <trkpt lat="42.319674" lon="-77.738032"></trkpt>
    <trkpt lat="42.31982" lon="-77.737946"></trkpt>
    <trkpt lat="42.32076" lon="-77.737392"></trkpt>
    <trkpt lat="42.321256" lon="-77.737111"></trkpt>
    <trkpt lat="42.321354" lon="-77.737055"></trkpt>
    <trkpt lat="42.323161" lon="-77.735997"></trkpt>
    <trkpt lat="42.323331" lon="-77.735897"></trkpt>
    <trkpt lat="42.323416" lon="-77.735848"></trkpt>
    <trkpt lat="42.323698" lon="-77.735682"></trkpt>
    <trkpt lat="42.324104" lon="-77.735441"></trkpt>
    <trkpt lat="42.324165" lon="-77.735401"></trkpt>
    <trkpt lat="42.324316" lon="-77.735301"></trkpt>
    <trkpt lat="42.324449" lon="-77.735213"></trkpt>
    <trkpt lat="42.324585" lon="-77.735123"></trkpt>
    <trkpt lat="42.324953" lon="-77.734879"></trkpt>
    <trkpt lat="42.32498" lon="-77.734982"></trkpt>
    <trkpt lat="42.325024" lon="-77.735146"></trkpt>
    <trkpt lat="42.32506" lon="-77.735307"></trkpt>
    <trkpt lat="42.325152" lon="-77.735988"></trkpt>
    <trkpt lat="42.325181" lon="-77.736207"></trkpt>
    <trkpt lat="42.325207" lon="-77.736585"></trkpt>
    <trkpt lat="42.325218" lon="-77.737578"></trkpt>
    <trkpt lat="42.325215" lon="-77.739309"></trkpt>
    <trkpt lat="42.325648" lon="-77.739295"></trkpt>
    <trkpt lat="42.32579" lon="-77.739268"></trkpt>
    <trkpt lat="42.325906" lon="-77.739222"></trkpt>
    <trkpt lat="42.326064" lon="-77.739141"></trkpt>
    <trkpt lat="42.327944" lon="-77.737894"></trkpt>
    <trkpt lat="42.328446" lon="-77.737543"></trkpt>
    <trkpt lat="42.329396" lon="-77.736769"></trkpt>
    <trkpt lat="42.329662" lon="-77.736589"></trkpt>
    <trkpt lat="42.330189" lon="-77.736106"></trkpt>
    <trkpt lat="42.33055" lon="-77.735791"></trkpt>
    <trkpt lat="42.332251" lon="-77.734257"></trkpt>
    <trkpt lat="42.332902" lon="-77.73366"></trkpt>
    <trkpt lat="42.335957" lon="-77.730917"></trkpt>
    <trkpt lat="42.337374" lon="-77.729748"></trkpt>
    <trkpt lat="42.338349" lon="-77.728972"></trkpt>
    <trkpt lat="42.340681" lon="-77.727237"></trkpt>
    <trkpt lat="42.342085" lon="-77.726222"></trkpt>
    <trkpt lat="42.344265" lon="-77.72462"></trkpt>
    <trkpt lat="42.345485" lon="-77.723728"></trkpt>
    <trkpt lat="42.346386" lon="-77.723018"></trkpt>
    <trkpt lat="42.347303" lon="-77.722252"></trkpt>
    <trkpt lat="42.348648" lon="-77.720985"></trkpt>
    <trkpt lat="42.349303" lon="-77.720326"></trkpt>
    <trkpt lat="42.3501" lon="-77.71947"></trkpt>
    <trkpt lat="42.350826" lon="-77.718633"></trkpt>
    <trkpt lat="42.351719" lon="-77.717534"></trkpt>
    <trkpt lat="42.352288" lon="-77.716786"></trkpt>
    <trkpt lat="42.352847" lon="-77.715991"></trkpt>
    <trkpt lat="42.35431" lon="-77.713796"></trkpt>
    <trkpt lat="42.355779" lon="-77.711573"></trkpt>
    <trkpt lat="42.360186" lon="-77.70486"></trkpt>
    <trkpt lat="42.362961" lon="-77.700635"></trkpt>
    <trkpt lat="42.36345" lon="-77.699832"></trkpt>
    <trkpt lat="42.364048" lon="-77.698716"></trkpt>
    <trkpt lat="42.364557" lon="-77.697633"></trkpt>
    <trkpt lat="42.364911" lon="-77.696768"></trkpt>
    <trkpt lat="42.365318" lon="-77.695662"></trkpt>
    <trkpt lat="42.365513" lon="-77.695062"></trkpt>
    <trkpt lat="42.365785" lon="-77.694127"></trkpt>
    <trkpt lat="42.366004" lon="-77.69326"></trkpt>
    <trkpt lat="42.366167" lon="-77.692538"></trkpt>
    <trkpt lat="42.366324" lon="-77.691687"></trkpt>
    <trkpt lat="42.366515" lon="-77.690418"></trkpt>
    <trkpt lat="42.366605" lon="-77.689591"></trkpt>
    <trkpt lat="42.366939" lon="-77.685236"></trkpt>
    <trkpt lat="42.367141" lon="-77.683929"></trkpt>
    <trkpt lat="42.367367" lon="-77.682796"></trkpt>
    <trkpt lat="42.367439" lon="-77.682502"></trkpt>
    <trkpt lat="42.367662" lon="-77.68161"></trkpt>
    <trkpt lat="42.367782" lon="-77.68123"></trkpt>
    <trkpt lat="42.367861" lon="-77.681026"></trkpt>
    <trkpt lat="42.368128" lon="-77.680349"></trkpt>
    <trkpt lat="42.368358" lon="-77.679794"></trkpt>
    <trkpt lat="42.368839" lon="-77.678811"></trkpt>
    <trkpt lat="42.369103" lon="-77.678342"></trkpt>
    <trkpt lat="42.369294" lon="-77.678024"></trkpt>
    <trkpt lat="42.369549" lon="-77.677628"></trkpt>
    <trkpt lat="42.369794" lon="-77.677285"></trkpt>
    <trkpt lat="42.369941" lon="-77.677089"></trkpt>
    <trkpt lat="42.370121" lon="-77.67686"></trkpt>
    <trkpt lat="42.370296" lon="-77.676655"></trkpt>
    <trkpt lat="42.370639" lon="-77.676209"></trkpt>
    <trkpt lat="42.370813" lon="-77.675998"></trkpt>
    <trkpt lat="42.371283" lon="-77.675463"></trkpt>
    <trkpt lat="42.371663" lon="-77.674901"></trkpt>
    <trkpt lat="42.37177" lon="-77.67469"></trkpt>
    <trkpt lat="42.37187" lon="-77.674443"></trkpt>
    <trkpt lat="42.371961" lon="-77.674138"></trkpt>
    <trkpt lat="42.37203" lon="-77.67378"></trkpt>
    <trkpt lat="42.372048" lon="-77.673645"></trkpt>
    <trkpt lat="42.372054" lon="-77.673501"></trkpt>
    <trkpt lat="42.372041" lon="-77.673269"></trkpt>
    <trkpt lat="42.372007" lon="-77.673076"></trkpt>
    <trkpt lat="42.371979" lon="-77.672984"></trkpt>
    <trkpt lat="42.371892" lon="-77.672806"></trkpt>
    <trkpt lat="42.371768" lon="-77.672656"></trkpt>
    <trkpt lat="42.371668" lon="-77.67258"></trkpt>
    <trkpt lat="42.371542" lon="-77.672521"></trkpt>
    <trkpt lat="42.371397" lon="-77.672507"></trkpt>
    <trkpt lat="42.371221" lon="-77.672538"></trkpt>
    <trkpt lat="42.371109" lon="-77.672595"></trkpt>
    <trkpt lat="42.370993" lon="-77.672697"></trkpt>
    <trkpt lat="42.370564" lon="-77.673278"></trkpt>
    <trkpt lat="42.370082" lon="-77.673965"></trkpt>
    <trkpt lat="42.369801" lon="-77.674386"></trkpt>
    <trkpt lat="42.369691" lon="-77.674588"></trkpt>
    <trkpt lat="42.369633" lon="-77.674752"></trkpt>
    <trkpt lat="42.369589" lon="-77.674967"></trkpt>
    <trkpt lat="42.369576" lon="-77.675121"></trkpt>
    <trkpt lat="42.369581" lon="-77.675412"></trkpt>
    <trkpt lat="42.369601" lon="-77.675577"></trkpt>
    <trkpt lat="42.369664" lon="-77.675805"></trkpt>
    <trkpt lat="42.369747" lon="-77.67601"></trkpt>
    <trkpt lat="42.370089" lon="-77.676589"></trkpt>
    <trkpt lat="42.370143" lon="-77.67668"></trkpt>
    <trkpt lat="42.370338" lon="-77.677043"></trkpt>
    <trkpt lat="42.370498" lon="-77.677257"></trkpt>
    <trkpt lat="42.370571" lon="-77.677354"></trkpt>
    <trkpt lat="42.371062" lon="-77.678064"></trkpt>
    <trkpt lat="42.37154" lon="-77.678762"></trkpt>
    <trkpt lat="42.372472" lon="-77.68004"></trkpt>
    <trkpt lat="42.373309" lon="-77.681217"></trkpt>
    <trkpt lat="42.373993" lon="-77.682132"></trkpt>
    <trkpt lat="42.374335" lon="-77.682586"></trkpt>
    <trkpt lat="42.375" lon="-77.683504"></trkpt>
    <trkpt lat="42.376791" lon="-77.686026"></trkpt>
    <trkpt lat="42.377166" lon="-77.686547"></trkpt>
    <trkpt lat="42.378162" lon="-77.68794"></trkpt>
    <trkpt lat="42.378712" lon="-77.688698"></trkpt>
    <trkpt lat="42.379103" lon="-77.689258"></trkpt>
    <trkpt lat="42.379486" lon="-77.689765"></trkpt>
    <trkpt lat="42.379836" lon="-77.690172"></trkpt>
    <trkpt lat="42.379935" lon="-77.690272"></trkpt>
    <trkpt lat="42.379975" lon="-77.69032"></trkpt>
    <trkpt lat="42.380518" lon="-77.690841"></trkpt>
    <trkpt lat="42.381723" lon="-77.691627"></trkpt>
    <trkpt lat="42.382291" lon="-77.69196"></trkpt>
    <trkpt lat="42.38261" lon="-77.692129"></trkpt>
    <trkpt lat="42.382759" lon="-77.692208"></trkpt>
    <trkpt lat="42.386185" lon="-77.693783"></trkpt>
    <trkpt lat="42.386916" lon="-77.694119"></trkpt>
    <trkpt lat="42.387008" lon="-77.694162"></trkpt>
    <trkpt lat="42.387141" lon="-77.694224"></trkpt>
    <trkpt lat="42.387444" lon="-77.694364"></trkpt>
    <trkpt lat="42.387706" lon="-77.694486"></trkpt>
    <trkpt lat="42.387742" lon="-77.694503"></trkpt>
    <trkpt lat="42.389184" lon="-77.695166"></trkpt>
    <trkpt lat="42.389334" lon="-77.695235"></trkpt>
    <trkpt lat="42.39119" lon="-77.696087"></trkpt>
    <trkpt lat="42.391473" lon="-77.696187"></trkpt>
    <trkpt lat="42.39179" lon="-77.696307"></trkpt>
    <trkpt lat="42.392141" lon="-77.696405"></trkpt>
    <trkpt lat="42.392728" lon="-77.696517"></trkpt>
    <trkpt lat="42.39346" lon="-77.696579"></trkpt>
    <trkpt lat="42.393559" lon="-77.696587"></trkpt>
    <trkpt lat="42.393973" lon="-77.696592"></trkpt>
    <trkpt lat="42.394243" lon="-77.696591"></trkpt>
    <trkpt lat="42.394551" lon="-77.696595"></trkpt>
    <trkpt lat="42.395081" lon="-77.696575"></trkpt>
    <trkpt lat="42.395675" lon="-77.696604"></trkpt>
    <trkpt lat="42.395856" lon="-77.696619"></trkpt>
    <trkpt lat="42.396167" lon="-77.696693"></trkpt>
    <trkpt lat="42.396424" lon="-77.69677"></trkpt>
    <trkpt lat="42.396758" lon="-77.696889"></trkpt>
    <trkpt lat="42.397061" lon="-77.69702"></trkpt>
    <trkpt lat="42.398882" lon="-77.69784"></trkpt>
    <trkpt lat="42.399493" lon="-77.698078"></trkpt>
    <trkpt lat="42.399801" lon="-77.698171"></trkpt>
    <trkpt lat="42.400322" lon="-77.698294"></trkpt>
    <trkpt lat="42.400681" lon="-77.698344"></trkpt>
    <trkpt lat="42.401272" lon="-77.698398"></trkpt>
    <trkpt lat="42.401437" lon="-77.698398"></trkpt>
    <trkpt lat="42.402108" lon="-77.698336"></trkpt>
    <trkpt lat="42.402395" lon="-77.6983"></trkpt>
    <trkpt lat="42.402537" lon="-77.698282"></trkpt>
    <trkpt lat="42.403117" lon="-77.698191"></trkpt>
    <trkpt lat="42.403239" lon="-77.698172"></trkpt>
    <trkpt lat="42.404017" lon="-77.698046"></trkpt>
    <trkpt lat="42.404257" lon="-77.698014"></trkpt>
    <trkpt lat="42.405012" lon="-77.697913"></trkpt>
    <trkpt lat="42.405356" lon="-77.697878"></trkpt>
    <trkpt lat="42.406077" lon="-77.697873"></trkpt>
    <trkpt lat="42.406379" lon="-77.697895"></trkpt>
    <trkpt lat="42.406865" lon="-77.697952"></trkpt>
    <trkpt lat="42.40704" lon="-77.697972"></trkpt>
    <trkpt lat="42.407154" lon="-77.697986"></trkpt>
    <trkpt lat="42.408821" lon="-77.698189"></trkpt>
    <trkpt lat="42.409348" lon="-77.698253"></trkpt>
    <trkpt lat="42.409758" lon="-77.698303"></trkpt>
    <trkpt lat="42.409831" lon="-77.698316"></trkpt>
    <trkpt lat="42.410021" lon="-77.698349"></trkpt>
    <trkpt lat="42.410383" lon="-77.698412"></trkpt>
    <trkpt lat="42.4105" lon="-77.698438"></trkpt>
    <trkpt lat="42.41063" lon="-77.698468"></trkpt>
    <trkpt lat="42.410987" lon="-77.698548"></trkpt>
    <trkpt lat="42.41106" lon="-77.698565"></trkpt>
    <trkpt lat="42.41112" lon="-77.698581"></trkpt>
    <trkpt lat="42.411248" lon="-77.698614"></trkpt>
    <trkpt lat="42.411315" lon="-77.698634"></trkpt>
    <trkpt lat="42.412111" lon="-77.698869"></trkpt>
    <trkpt lat="42.412433" lon="-77.698978"></trkpt>
    <trkpt lat="42.413101" lon="-77.699236"></trkpt>
    <trkpt lat="42.41433" lon="-77.699807"></trkpt>
    <trkpt lat="42.414397" lon="-77.699844"></trkpt>
    <trkpt lat="42.415088" lon="-77.700226"></trkpt>
    <trkpt lat="42.415458" lon="-77.700455"></trkpt>
    <trkpt lat="42.41556" lon="-77.700518"></trkpt>
    <trkpt lat="42.415717" lon="-77.700615"></trkpt>
    <trkpt lat="42.417152" lon="-77.701598"></trkpt>
    <trkpt lat="42.417391" lon="-77.701762"></trkpt>
    <trkpt lat="42.417828" lon="-77.70203"></trkpt>
    <trkpt lat="42.41854" lon="-77.702422"></trkpt>
    <trkpt lat="42.418847" lon="-77.702566"></trkpt>
    <trkpt lat="42.419345" lon="-77.7028"></trkpt>
    <trkpt lat="42.419811" lon="-77.703018"></trkpt>
    <trkpt lat="42.419833" lon="-77.703032"></trkpt>
    <trkpt lat="42.420713" lon="-77.703433"></trkpt>
    <trkpt lat="42.421359" lon="-77.703787"></trkpt>
    <trkpt lat="42.422148" lon="-77.704353"></trkpt>
    <trkpt lat="42.423493" lon="-77.705379"></trkpt>
    <trkpt lat="42.424597" lon="-77.706188"></trkpt>
    <trkpt lat="42.424976" lon="-77.706425"></trkpt>
    <trkpt lat="42.426707" lon="-77.707353"></trkpt>
    <trkpt lat="42.426939" lon="-77.707477"></trkpt>
    <trkpt lat="42.427105" lon="-77.707561"></trkpt>
    <trkpt lat="42.427524" lon="-77.707773"></trkpt>
    <trkpt lat="42.427701" lon="-77.707862"></trkpt>
    <trkpt lat="42.427898" lon="-77.707951"></trkpt>
    <trkpt lat="42.428245" lon="-77.708108"></trkpt>
    <trkpt lat="42.428655" lon="-77.708267"></trkpt>
    <trkpt lat="42.428838" lon="-77.708338"></trkpt>
    <trkpt lat="42.429029" lon="-77.708398"></trkpt>
    <trkpt lat="42.429351" lon="-77.7085"></trkpt>
    <trkpt lat="42.429635" lon="-77.708578"></trkpt>
    <trkpt lat="42.429725" lon="-77.708597"></trkpt>
    <trkpt lat="42.42982" lon="-77.708617"></trkpt>
    <trkpt lat="42.430118" lon="-77.70868"></trkpt>
    <trkpt lat="42.430181" lon="-77.708693"></trkpt>
    <trkpt lat="42.43042" lon="-77.708741"></trkpt>
    <trkpt lat="42.430714" lon="-77.708788"></trkpt>
    <trkpt lat="42.431368" lon="-77.708874"></trkpt>
    <trkpt lat="42.431564" lon="-77.708893"></trkpt>
    <trkpt lat="42.433104" lon="-77.70902"></trkpt>
    <trkpt lat="42.43417" lon="-77.709139"></trkpt>
    <trkpt lat="42.434261" lon="-77.709149"></trkpt>
    <trkpt lat="42.434445" lon="-77.709174"></trkpt>
    <trkpt lat="42.434642" lon="-77.709201"></trkpt>
    <trkpt lat="42.435499" lon="-77.709369"></trkpt>
    <trkpt lat="42.436159" lon="-77.70952"></trkpt>
    <trkpt lat="42.436366" lon="-77.709561"></trkpt>
    <trkpt lat="42.437057" lon="-77.709751"></trkpt>
    <trkpt lat="42.437703" lon="-77.709964"></trkpt>
    <trkpt lat="42.440291" lon="-77.710956"></trkpt>
    <trkpt lat="42.442503" lon="-77.711796"></trkpt>
    <trkpt lat="42.443967" lon="-77.712326"></trkpt>
    <trkpt lat="42.447296" lon="-77.713528"></trkpt>
    <trkpt lat="42.447437" lon="-77.71357"></trkpt>
    <trkpt lat="42.447621" lon="-77.713625"></trkpt>
    <trkpt lat="42.448182" lon="-77.713737"></trkpt>
    <trkpt lat="42.448506" lon="-77.71379"></trkpt>
    <trkpt lat="42.448965" lon="-77.713853"></trkpt>
    <trkpt lat="42.44921" lon="-77.713886"></trkpt>
    <trkpt lat="42.449318" lon="-77.713901"></trkpt>
    <trkpt lat="42.450043" lon="-77.714008"></trkpt>
    <trkpt lat="42.450428" lon="-77.714098"></trkpt>
    <trkpt lat="42.450823" lon="-77.71422"></trkpt>
    <trkpt lat="42.45158" lon="-77.714453"></trkpt>
    <trkpt lat="42.453047" lon="-77.714933"></trkpt>
    <trkpt lat="42.453718" lon="-77.715129"></trkpt>
    <trkpt lat="42.454362" lon="-77.715294"></trkpt>
    <trkpt lat="42.454582" lon="-77.715351"></trkpt>
    <trkpt lat="42.455906" lon="-77.715706"></trkpt>
    <trkpt lat="42.458231" lon="-77.716299"></trkpt>
    <trkpt lat="42.459131" lon="-77.716538"></trkpt>
    <trkpt lat="42.459241" lon="-77.716567"></trkpt>
    <trkpt lat="42.460723" lon="-77.716948"></trkpt>
    <trkpt lat="42.461632" lon="-77.717207"></trkpt>
    <trkpt lat="42.461678" lon="-77.717222"></trkpt>
    <trkpt lat="42.462182" lon="-77.71738"></trkpt>
    <trkpt lat="42.462632" lon="-77.717533"></trkpt>
    <trkpt lat="42.463517" lon="-77.717834"></trkpt>
    <trkpt lat="42.463716" lon="-77.717901"></trkpt>
    <trkpt lat="42.463974" lon="-77.717989"></trkpt>
    <trkpt lat="42.464177" lon="-77.718064"></trkpt>
    <trkpt lat="42.465674" lon="-77.718555"></trkpt>
    <trkpt lat="42.465741" lon="-77.718574"></trkpt>
    <trkpt lat="42.465947" lon="-77.718634"></trkpt>
    <trkpt lat="42.466313" lon="-77.718734"></trkpt>
    <trkpt lat="42.466559" lon="-77.718791"></trkpt>
    <trkpt lat="42.467116" lon="-77.718881"></trkpt>
    <trkpt lat="42.467548" lon="-77.718933"></trkpt>
    <trkpt lat="42.467981" lon="-77.718952"></trkpt>
    <trkpt lat="42.469185" lon="-77.718918"></trkpt>
    <trkpt lat="42.469934" lon="-77.718897"></trkpt>
    <trkpt lat="42.470264" lon="-77.718888"></trkpt>
    <trkpt lat="42.47149" lon="-77.718833"></trkpt>
    <trkpt lat="42.472443" lon="-77.718752"></trkpt>
    <trkpt lat="42.473352" lon="-77.718633"></trkpt>
    <trkpt lat="42.473823" lon="-77.718546"></trkpt>
    <trkpt lat="42.474312" lon="-77.718411"></trkpt>
    <trkpt lat="42.474829" lon="-77.718217"></trkpt>
    <trkpt lat="42.475184" lon="-77.718065"></trkpt>
    <trkpt lat="42.475687" lon="-77.717811"></trkpt>
    <trkpt lat="42.476715" lon="-77.717222"></trkpt>
    <trkpt lat="42.477201" lon="-77.716913"></trkpt>
    <trkpt lat="42.478961" lon="-77.715732"></trkpt>
    <trkpt lat="42.479593" lon="-77.715308"></trkpt>
    <trkpt lat="42.479943" lon="-77.715066"></trkpt>
    <trkpt lat="42.480267" lon="-77.714826"></trkpt>
    <trkpt lat="42.482486" lon="-77.713182"></trkpt>
    <trkpt lat="42.4836" lon="-77.71237"></trkpt>
    <trkpt lat="42.483711" lon="-77.712289"></trkpt>
    <trkpt lat="42.48454" lon="-77.711676"></trkpt>
    <trkpt lat="42.48549" lon="-77.710972"></trkpt>
    <trkpt lat="42.486311" lon="-77.710363"></trkpt>
    <trkpt lat="42.487996" lon="-77.709114"></trkpt>
    <trkpt lat="42.488486" lon="-77.708772"></trkpt>
    <trkpt lat="42.488502" lon="-77.708761"></trkpt>
    <trkpt lat="42.489005" lon="-77.708442"></trkpt>
    <trkpt lat="42.48956" lon="-77.708148"></trkpt>
    <trkpt lat="42.489792" lon="-77.708032"></trkpt>
    <trkpt lat="42.490454" lon="-77.707729"></trkpt>
    <trkpt lat="42.491211" lon="-77.707383"></trkpt>
    <trkpt lat="42.494702" lon="-77.705755"></trkpt>
    <trkpt lat="42.495166" lon="-77.705509"></trkpt>
    <trkpt lat="42.495508" lon="-77.705309"></trkpt>
    <trkpt lat="42.49696" lon="-77.704396"></trkpt>
    <trkpt lat="42.497147" lon="-77.704273"></trkpt>
    <trkpt lat="42.497675" lon="-77.703925"></trkpt>
    <trkpt lat="42.498474" lon="-77.703421"></trkpt>
    <trkpt lat="42.49969" lon="-77.702647"></trkpt>
    <trkpt lat="42.499854" lon="-77.702551"></trkpt>
    <trkpt lat="42.500249" lon="-77.702291"></trkpt>
    <trkpt lat="42.500559" lon="-77.702099"></trkpt>
    <trkpt lat="42.500959" lon="-77.701818"></trkpt>
    <trkpt lat="42.501263" lon="-77.701549"></trkpt>
    <trkpt lat="42.501521" lon="-77.701287"></trkpt>
    <trkpt lat="42.501865" lon="-77.700835"></trkpt>
    <trkpt lat="42.502145" lon="-77.700456"></trkpt>
    <trkpt lat="42.502442" lon="-77.700045"></trkpt>
    <trkpt lat="42.502642" lon="-77.699806"></trkpt>
    <trkpt lat="42.502825" lon="-77.699609"></trkpt>
    <trkpt lat="42.502991" lon="-77.699455"></trkpt>
    <trkpt lat="42.503191" lon="-77.699297"></trkpt>
    <trkpt lat="42.503564" lon="-77.699058"></trkpt>
    <trkpt lat="42.503746" lon="-77.698961"></trkpt>
    <trkpt lat="42.504021" lon="-77.698853"></trkpt>
    <trkpt lat="42.504089" lon="-77.698832"></trkpt>
    <trkpt lat="42.504333" lon="-77.698756"></trkpt>
    <trkpt lat="42.504595" lon="-77.698696"></trkpt>
    <trkpt lat="42.504739" lon="-77.698662"></trkpt>
    <trkpt lat="42.51029" lon="-77.697381"></trkpt>
    <trkpt lat="42.511042" lon="-77.6972"></trkpt>
    <trkpt lat="42.511574" lon="-77.697061"></trkpt>
    <trkpt lat="42.512092" lon="-77.696931"></trkpt>
    <trkpt lat="42.512145" lon="-77.696918"></trkpt>
    <trkpt lat="42.512429" lon="-77.696844"></trkpt>
    <trkpt lat="42.51301" lon="-77.69669"></trkpt>
    <trkpt lat="42.51422" lon="-77.69639"></trkpt>
    <trkpt lat="42.514606" lon="-77.696336"></trkpt>
    <trkpt lat="42.515082" lon="-77.696318"></trkpt>
    <trkpt lat="42.515823" lon="-77.696328"></trkpt>
    <trkpt lat="42.516073" lon="-77.696367"></trkpt>
    <trkpt lat="42.516337" lon="-77.696464"></trkpt>
    <trkpt lat="42.516392" lon="-77.696493"></trkpt>
    <trkpt lat="42.516729" lon="-77.696709"></trkpt>
    <trkpt lat="42.516876" lon="-77.696829"></trkpt>
    <trkpt lat="42.517028" lon="-77.696997"></trkpt>
    <trkpt lat="42.517492" lon="-77.697558"></trkpt>
    <trkpt lat="42.51769" lon="-77.697746"></trkpt>
    <trkpt lat="42.517898" lon="-77.697901"></trkpt>
    <trkpt lat="42.518102" lon="-77.698005"></trkpt>
    <trkpt lat="42.518269" lon="-77.698064"></trkpt>
    <trkpt lat="42.518924" lon="-77.698228"></trkpt>
    <trkpt lat="42.519106" lon="-77.698297"></trkpt>
    <trkpt lat="42.519317" lon="-77.698426"></trkpt>
    <trkpt lat="42.519471" lon="-77.698548"></trkpt>
    <trkpt lat="42.519649" lon="-77.69873"></trkpt>
    <trkpt lat="42.520023" lon="-77.699222"></trkpt>
    <trkpt lat="42.520229" lon="-77.699449"></trkpt>
    <trkpt lat="42.52036" lon="-77.699557"></trkpt>
    <trkpt lat="42.520485" lon="-77.699627"></trkpt>
    <trkpt lat="42.520725" lon="-77.699733"></trkpt>
    <trkpt lat="42.520856" lon="-77.699758"></trkpt>
    <trkpt lat="42.520975" lon="-77.699766"></trkpt>
    <trkpt lat="42.521073" lon="-77.69976"></trkpt>
    <trkpt lat="42.522822" lon="-77.699521"></trkpt>
    <trkpt lat="42.523117" lon="-77.699425"></trkpt>
    <trkpt lat="42.523325" lon="-77.699321"></trkpt>
    <trkpt lat="42.524699" lon="-77.698471"></trkpt>
    <trkpt lat="42.524901" lon="-77.698333"></trkpt>
    <trkpt lat="42.52504" lon="-77.698225"></trkpt>
    <trkpt lat="42.525238" lon="-77.698032"></trkpt>
    <trkpt lat="42.525449" lon="-77.697786"></trkpt>
    <trkpt lat="42.526013" lon="-77.697045"></trkpt>
    <trkpt lat="42.52642" lon="-77.696524"></trkpt>
    <trkpt lat="42.52701" lon="-77.695734"></trkpt>
    <trkpt lat="42.527291" lon="-77.695387"></trkpt>
    <trkpt lat="42.527455" lon="-77.695188"></trkpt>
    <trkpt lat="42.527674" lon="-77.694958"></trkpt>
    <trkpt lat="42.527776" lon="-77.694851"></trkpt>
    <trkpt lat="42.52789" lon="-77.69474"></trkpt>
    <trkpt lat="42.527918" lon="-77.694715"></trkpt>
    <trkpt lat="42.528106" lon="-77.694549"></trkpt>
    <trkpt lat="42.5285" lon="-77.694222"></trkpt>
    <trkpt lat="42.528867" lon="-77.693955"></trkpt>
    <trkpt lat="42.529014" lon="-77.693866"></trkpt>
    <trkpt lat="42.529269" lon="-77.693732"></trkpt>
    <trkpt lat="42.5295" lon="-77.693641"></trkpt>
    <trkpt lat="42.529617" lon="-77.693609"></trkpt>
    <trkpt lat="42.5297" lon="-77.693594"></trkpt>
    <trkpt lat="42.529858" lon="-77.693564"></trkpt>
    <trkpt lat="42.530222" lon="-77.693538"></trkpt>
    <trkpt lat="42.530552" lon="-77.693574"></trkpt>
    <trkpt lat="42.530698" lon="-77.693601"></trkpt>
    <trkpt lat="42.530883" lon="-77.693659"></trkpt>
    <trkpt lat="42.531088" lon="-77.693741"></trkpt>
    <trkpt lat="42.531605" lon="-77.693946"></trkpt>
    <trkpt lat="42.532797" lon="-77.694421"></trkpt>
    <trkpt lat="42.533328" lon="-77.694645"></trkpt>
    <trkpt lat="42.534009" lon="-77.694925"></trkpt>
    <trkpt lat="42.534211" lon="-77.695006"></trkpt>
    <trkpt lat="42.534363" lon="-77.695051"></trkpt>
    <trkpt lat="42.534597" lon="-77.695121"></trkpt>
    <trkpt lat="42.534854" lon="-77.695181"></trkpt>
    <trkpt lat="42.535067" lon="-77.695221"></trkpt>
    <trkpt lat="42.535856" lon="-77.69537"></trkpt>
    <trkpt lat="42.536559" lon="-77.695399"></trkpt>
    <trkpt lat="42.537257" lon="-77.695388"></trkpt>
    <trkpt lat="42.538046" lon="-77.695264"></trkpt>
    <trkpt lat="42.539696" lon="-77.69479"></trkpt>
    <trkpt lat="42.540285" lon="-77.694724"></trkpt>
    <trkpt lat="42.541212" lon="-77.694796"></trkpt>
    <trkpt lat="42.541543" lon="-77.694899"></trkpt>
    <trkpt lat="42.541882" lon="-77.695003"></trkpt>
    <trkpt lat="42.54195" lon="-77.695039"></trkpt>
    <trkpt lat="42.542562" lon="-77.695356"></trkpt>
    <trkpt lat="42.543229" lon="-77.695721"></trkpt>
    <trkpt lat="42.543995" lon="-77.696135"></trkpt>
    <trkpt lat="42.544333" lon="-77.696325"></trkpt>
    <trkpt lat="42.546025" lon="-77.697253"></trkpt>
    <trkpt lat="42.546116" lon="-77.697302"></trkpt>
    <trkpt lat="42.546573" lon="-77.697547"></trkpt>
    <trkpt lat="42.547556" lon="-77.698074"></trkpt>
    <trkpt lat="42.548123" lon="-77.698378"></trkpt>
    <trkpt lat="42.54842" lon="-77.698543"></trkpt>
    <trkpt lat="42.548849" lon="-77.698781"></trkpt>
    <trkpt lat="42.548989" lon="-77.698853"></trkpt>
    <trkpt lat="42.549005" lon="-77.698862"></trkpt>
    <trkpt lat="42.550416" lon="-77.699589"></trkpt>
    <trkpt lat="42.550969" lon="-77.699831"></trkpt>
    <trkpt lat="42.551891" lon="-77.700243"></trkpt>
    <trkpt lat="42.552377" lon="-77.700462"></trkpt>
    <trkpt lat="42.552536" lon="-77.700548"></trkpt>
    <trkpt lat="42.552384" lon="-77.701066"></trkpt>
    <trkpt lat="42.552255" lon="-77.701584"></trkpt>
    <trkpt lat="42.55223" lon="-77.701833"></trkpt>
    <trkpt lat="42.552225" lon="-77.702107"></trkpt>
    <trkpt lat="42.552262" lon="-77.702388"></trkpt>
    <trkpt lat="42.552325" lon="-77.702659"></trkpt>
    <trkpt lat="42.552432" lon="-77.702933"></trkpt>
    <trkpt lat="42.552597" lon="-77.703207"></trkpt>
    <trkpt lat="42.552781" lon="-77.703451"></trkpt>
    <trkpt lat="42.553072" lon="-77.703832"></trkpt>
    <trkpt lat="42.553181" lon="-77.703939"></trkpt>
    <trkpt lat="42.553305" lon="-77.704062"></trkpt>
    <trkpt lat="42.554332" lon="-77.705076"></trkpt>
    <trkpt lat="42.555842" lon="-77.706482"></trkpt>
    <trkpt lat="42.558292" lon="-77.708831"></trkpt>
    <trkpt lat="42.560084" lon="-77.710429"></trkpt>
    <trkpt lat="42.560414" lon="-77.710705"></trkpt>
    <trkpt lat="42.56312" lon="-77.712672"></trkpt>
    <trkpt lat="42.564084" lon="-77.713487"></trkpt>
    <trkpt lat="42.565269" lon="-77.714721"></trkpt>
    <trkpt lat="42.566328" lon="-77.71617"></trkpt>
    <trkpt lat="42.566652" lon="-77.716695"></trkpt>
    <trkpt lat="42.567222" lon="-77.717724"></trkpt>
    <trkpt lat="42.567391" lon="-77.718048"></trkpt>
    <trkpt lat="42.567695" lon="-77.71868"></trkpt>
    <trkpt lat="42.56794" lon="-77.719249"></trkpt>
    <trkpt lat="42.568308" lon="-77.72012"></trkpt>
    <trkpt lat="42.568714" lon="-77.721084"></trkpt>
    <trkpt lat="42.568979" lon="-77.721654"></trkpt>
    <trkpt lat="42.569133" lon="-77.721985"></trkpt>
    <trkpt lat="42.569622" lon="-77.723086"></trkpt>
    <trkpt lat="42.569979" lon="-77.723869"></trkpt>
    <trkpt lat="42.570453" lon="-77.724903"></trkpt>
    <trkpt lat="42.570954" lon="-77.725922"></trkpt>
    <trkpt lat="42.571093" lon="-77.726233"></trkpt>
    <trkpt lat="42.572523" lon="-77.72883"></trkpt>
    <trkpt lat="42.572752" lon="-77.729195"></trkpt>
    <trkpt lat="42.573392" lon="-77.730289"></trkpt>
    <trkpt lat="42.574925" lon="-77.732617"></trkpt>
    <trkpt lat="42.576955" lon="-77.735739"></trkpt>
    <trkpt lat="42.57893" lon="-77.738883"></trkpt>
    <trkpt lat="42.579123" lon="-77.739209"></trkpt>
    <trkpt lat="42.579349" lon="-77.739505"></trkpt>
    <trkpt lat="42.57961" lon="-77.739913"></trkpt>
    <trkpt lat="42.580921" lon="-77.741876"></trkpt>
    <trkpt lat="42.582487" lon="-77.74364"></trkpt>
    <trkpt lat="42.58254" lon="-77.7437"></trkpt>
    <trkpt lat="42.583599" lon="-77.744612"></trkpt>
    <trkpt lat="42.583891" lon="-77.744848"></trkpt>
    <trkpt lat="42.584634" lon="-77.745331"></trkpt>
    <trkpt lat="42.585653" lon="-77.746017"></trkpt>
    <trkpt lat="42.58788" lon="-77.746983"></trkpt>
    <trkpt lat="42.588502" lon="-77.747177"></trkpt>
    <trkpt lat="42.58935" lon="-77.747476"></trkpt>
    <trkpt lat="42.591032" lon="-77.74797"></trkpt>
    <trkpt lat="42.592754" lon="-77.748474"></trkpt>
    <trkpt lat="42.594831" lon="-77.749182"></trkpt>
    <trkpt lat="42.595265" lon="-77.749324"></trkpt>
    <trkpt lat="42.596339" lon="-77.749689"></trkpt>
    <trkpt lat="42.598471" lon="-77.750504"></trkpt>
    <trkpt lat="42.599498" lon="-77.751127"></trkpt>
    <trkpt lat="42.601733" lon="-77.752543"></trkpt>
    <trkpt lat="42.602483" lon="-77.753187"></trkpt>
    <trkpt lat="42.603833" lon="-77.754474"></trkpt>
    <trkpt lat="42.604918" lon="-77.755724"></trkpt>
    <trkpt lat="42.606218" lon="-77.757221"></trkpt>
    <trkpt lat="42.608619" lon="-77.760686"></trkpt>
    <trkpt lat="42.60914" lon="-77.761384"></trkpt>
    <trkpt lat="42.609464" lon="-77.761899"></trkpt>
    <trkpt lat="42.610988" lon="-77.763926"></trkpt>
    <trkpt lat="42.611967" lon="-77.764988"></trkpt>
    <trkpt lat="42.61248" lon="-77.765493"></trkpt>
    <trkpt lat="42.613451" lon="-77.766319"></trkpt>
    <trkpt lat="42.614612" lon="-77.767166"></trkpt>
    <trkpt lat="42.615907" lon="-77.767896"></trkpt>
    <trkpt lat="42.620533" lon="-77.770707"></trkpt>
    <trkpt lat="42.622894" lon="-77.772638"></trkpt>
    <trkpt lat="42.624504" lon="-77.774548"></trkpt>
    <trkpt lat="42.625507" lon="-77.775814"></trkpt>
    <trkpt lat="42.626452" lon="-77.776976"></trkpt>
    <trkpt lat="42.628388" lon="-77.778646"></trkpt>
    <trkpt lat="42.631001" lon="-77.780524"></trkpt>
    <trkpt lat="42.633109" lon="-77.782101"></trkpt>
    <trkpt lat="42.633551" lon="-77.782466"></trkpt>
    <trkpt lat="42.633977" lon="-77.782777"></trkpt>
    <trkpt lat="42.636463" lon="-77.784654"></trkpt>
    <trkpt lat="42.637347" lon="-77.785341"></trkpt>
    <trkpt lat="42.638168" lon="-77.785931"></trkpt>
    <trkpt lat="42.638791" lon="-77.786403"></trkpt>
    <trkpt lat="42.639604" lon="-77.787036"></trkpt>
    <trkpt lat="42.640772" lon="-77.78797"></trkpt>
    <trkpt lat="42.641767" lon="-77.788924"></trkpt>
    <trkpt lat="42.643351" lon="-77.790696"></trkpt>
    <trkpt lat="42.644236" lon="-77.791806"></trkpt>
    <trkpt lat="42.645197" lon="-77.793025"></trkpt>
    <trkpt lat="42.645796" lon="-77.79378"></trkpt>
    <trkpt lat="42.648728" lon="-77.797481"></trkpt>
    <trkpt lat="42.649664" lon="-77.798674"></trkpt>
    <trkpt lat="42.651526" lon="-77.800702"></trkpt>
    <trkpt lat="42.652813" lon="-77.802022"></trkpt>
    <trkpt lat="42.657279" lon="-77.806002"></trkpt>
    <trkpt lat="42.6612" lon="-77.809553"></trkpt>
    <trkpt lat="42.662042" lon="-77.810271"></trkpt>
    <trkpt lat="42.662908" lon="-77.810887"></trkpt>
    <trkpt lat="42.663671" lon="-77.811339"></trkpt>
    <trkpt lat="42.664424" lon="-77.811658"></trkpt>
    <trkpt lat="42.665176" lon="-77.811939"></trkpt>
    <trkpt lat="42.666119" lon="-77.812184"></trkpt>
    <trkpt lat="42.666764" lon="-77.81229"></trkpt>
    <trkpt lat="42.667409" lon="-77.812352"></trkpt>
    <trkpt lat="42.66781" lon="-77.81234"></trkpt>
    <trkpt lat="42.668719" lon="-77.812317"></trkpt>
    <trkpt lat="42.669406" lon="-77.812253"></trkpt>
    <trkpt lat="42.670399" lon="-77.81199"></trkpt>
    <trkpt lat="42.672197" lon="-77.811184"></trkpt>
    <trkpt lat="42.673321" lon="-77.810548"></trkpt>
    <trkpt lat="42.673768" lon="-77.810202"></trkpt>
    <trkpt lat="42.674192" lon="-77.809817"></trkpt>
    <trkpt lat="42.674579" lon="-77.809482"></trkpt>
    <trkpt lat="42.675337" lon="-77.808652"></trkpt>
    <trkpt lat="42.677595" lon="-77.805859"></trkpt>
    <trkpt lat="42.680038" lon="-77.802837"></trkpt>
    <trkpt lat="42.681568" lon="-77.801205"></trkpt>
    <trkpt lat="42.682265" lon="-77.800701"></trkpt>
    <trkpt lat="42.682987" lon="-77.800262"></trkpt>
    <trkpt lat="42.683803" lon="-77.799949"></trkpt>
    <trkpt lat="42.684197" lon="-77.799828"></trkpt>
    <trkpt lat="42.684469" lon="-77.799784"></trkpt>
    <trkpt lat="42.685438" lon="-77.799695"></trkpt>
    <trkpt lat="42.686431" lon="-77.799754"></trkpt>
    <trkpt lat="42.687719" lon="-77.800176"></trkpt>
    <trkpt lat="42.688841" lon="-77.800822"></trkpt>
    <trkpt lat="42.68988" lon="-77.801828"></trkpt>
    <trkpt lat="42.691016" lon="-77.803545"></trkpt>
    <trkpt lat="42.69682" lon="-77.81599"></trkpt>
    <trkpt lat="42.698775" lon="-77.819853"></trkpt>
    <trkpt lat="42.698893" lon="-77.820028"></trkpt>
    <trkpt lat="42.702213" lon="-77.82496"></trkpt>
    <trkpt lat="42.703071" lon="-77.826225"></trkpt>
    <trkpt lat="42.703321" lon="-77.826594"></trkpt>
    <trkpt lat="42.707242" lon="-77.832399"></trkpt>
    <trkpt lat="42.707827" lon="-77.833087"></trkpt>
    <trkpt lat="42.708523" lon="-77.833772"></trkpt>
    <trkpt lat="42.709347" lon="-77.834386"></trkpt>
    <trkpt lat="42.710246" lon="-77.834875"></trkpt>
    <trkpt lat="42.711118" lon="-77.835199"></trkpt>
    <trkpt lat="42.712075" lon="-77.835395"></trkpt>
    <trkpt lat="42.712897" lon="-77.835405"></trkpt>
    <trkpt lat="42.71363" lon="-77.835342"></trkpt>
    <trkpt lat="42.714555" lon="-77.835115"></trkpt>
    <trkpt lat="42.715431" lon="-77.834763"></trkpt>
    <trkpt lat="42.718886" lon="-77.832648"></trkpt>
    <trkpt lat="42.719666" lon="-77.83216"></trkpt>
    <trkpt lat="42.720047" lon="-77.831922"></trkpt>
    <trkpt lat="42.722097" lon="-77.830677"></trkpt>
    <trkpt lat="42.722885" lon="-77.83029"></trkpt>
    <trkpt lat="42.72351" lon="-77.830065"></trkpt>
    <trkpt lat="42.724345" lon="-77.829874"></trkpt>
    <trkpt lat="42.724723" lon="-77.829818"></trkpt>
    <trkpt lat="42.725864" lon="-77.829866"></trkpt>
    <trkpt lat="42.726812" lon="-77.830058"></trkpt>
    <trkpt lat="42.727505" lon="-77.830313"></trkpt>
    <trkpt lat="42.728195" lon="-77.830654"></trkpt>
    <trkpt lat="42.728954" lon="-77.831144"></trkpt>
    <trkpt lat="42.729519" lon="-77.831612"></trkpt>
    <trkpt lat="42.729658" lon="-77.83173"></trkpt>
    <trkpt lat="42.729962" lon="-77.831987"></trkpt>
    <trkpt lat="42.730383" lon="-77.832434"></trkpt>
    <trkpt lat="42.731063" lon="-77.833196"></trkpt>
    <trkpt lat="42.732949" lon="-77.835109"></trkpt>
    <trkpt lat="42.733837" lon="-77.835753"></trkpt>
    <trkpt lat="42.734001" lon="-77.835864"></trkpt>
    <trkpt lat="42.734245" lon="-77.835977"></trkpt>
    <trkpt lat="42.734482" lon="-77.836025"></trkpt>
    <trkpt lat="42.734764" lon="-77.836032"></trkpt>
    <trkpt lat="42.7351" lon="-77.835987"></trkpt>
    <trkpt lat="42.736192" lon="-77.835725"></trkpt>
    <trkpt lat="42.736357" lon="-77.835725"></trkpt>
    <trkpt lat="42.736499" lon="-77.835767"></trkpt>
    <trkpt lat="42.736659" lon="-77.835866"></trkpt>
    <trkpt lat="42.736866" lon="-77.836041"></trkpt>
    <trkpt lat="42.737642" lon="-77.836827"></trkpt>
    <trkpt lat="42.737968" lon="-77.837156"></trkpt>
    <trkpt lat="42.738098" lon="-77.836966"></trkpt>
    <trkpt lat="42.738338" lon="-77.836646"></trkpt>
    <trkpt lat="42.73857" lon="-77.836384"></trkpt>
    <trkpt lat="42.738863" lon="-77.836145"></trkpt>
    <trkpt lat="42.73915" lon="-77.835957"></trkpt>
    <trkpt lat="42.739357" lon="-77.83585"></trkpt>
    <trkpt lat="42.739465" lon="-77.835797"></trkpt>
    <trkpt lat="42.739796" lon="-77.835702"></trkpt>
    <trkpt lat="42.740217" lon="-77.835656"></trkpt>
    <trkpt lat="42.742962" lon="-77.835633"></trkpt>
    <trkpt lat="42.74796" lon="-77.835626"></trkpt>
    <trkpt lat="42.748664" lon="-77.835645"></trkpt>
    <trkpt lat="42.749396" lon="-77.835656"></trkpt>
    <trkpt lat="42.750343" lon="-77.835688"></trkpt>
    <trkpt lat="42.751624" lon="-77.835608"></trkpt>
    <trkpt lat="42.752366" lon="-77.835388"></trkpt>
    <trkpt lat="42.753091" lon="-77.835172"></trkpt>
    <trkpt lat="42.754592" lon="-77.834513"></trkpt>
    <trkpt lat="42.757475" lon="-77.833265"></trkpt>
    <trkpt lat="42.759247" lon="-77.832299"></trkpt>
    <trkpt lat="42.759691" lon="-77.83192"></trkpt>
    <trkpt lat="42.760614" lon="-77.831131"></trkpt>
    <trkpt lat="42.761168" lon="-77.830581"></trkpt>
    <trkpt lat="42.761856" lon="-77.830023"></trkpt>
    <trkpt lat="42.762447" lon="-77.829678"></trkpt>
    <trkpt lat="42.763272" lon="-77.829471"></trkpt>
    <trkpt lat="42.763759" lon="-77.829434"></trkpt>
    <trkpt lat="42.764992" lon="-77.829363"></trkpt>
    <trkpt lat="42.765958" lon="-77.829335"></trkpt>
    <trkpt lat="42.765985" lon="-77.829334"></trkpt>
    <trkpt lat="42.767157" lon="-77.829285"></trkpt>
    <trkpt lat="42.770825" lon="-77.829081"></trkpt>
    <trkpt lat="42.771664" lon="-77.828969"></trkpt>
    <trkpt lat="42.77214" lon="-77.828821"></trkpt>
    <trkpt lat="42.7732" lon="-77.828406"></trkpt>
    <trkpt lat="42.773371" lon="-77.828326"></trkpt>
    <trkpt lat="42.773393" lon="-77.828315"></trkpt>
    <trkpt lat="42.77362" lon="-77.828208"></trkpt>
    <trkpt lat="42.774426" lon="-77.827693"></trkpt>
    <trkpt lat="42.775265" lon="-77.827302"></trkpt>
    <trkpt lat="42.778724" lon="-77.826496"></trkpt>
    <trkpt lat="42.780095" lon="-77.826217"></trkpt>
    <trkpt lat="42.780924" lon="-77.825953"></trkpt>
    <trkpt lat="42.781008" lon="-77.825926"></trkpt>
    <trkpt lat="42.781607" lon="-77.825674"></trkpt>
    <trkpt lat="42.782473" lon="-77.825266"></trkpt>
    <trkpt lat="42.78517" lon="-77.823852"></trkpt>
    <trkpt lat="42.785817" lon="-77.823503"></trkpt>
    <trkpt lat="42.789892" lon="-77.821318"></trkpt>
    <trkpt lat="42.790529" lon="-77.820994"></trkpt>
    <trkpt lat="42.790953" lon="-77.820754"></trkpt>
    <trkpt lat="42.793003" lon="-77.819661"></trkpt>
    <trkpt lat="42.793233" lon="-77.819528"></trkpt>
    <trkpt lat="42.793355" lon="-77.819423"></trkpt>
    <trkpt lat="42.793454" lon="-77.819303"></trkpt>
    <trkpt lat="42.793535" lon="-77.819159"></trkpt>
    <trkpt lat="42.793577" lon="-77.819038"></trkpt>
    <trkpt lat="42.793618" lon="-77.818869"></trkpt>
    <trkpt lat="42.793637" lon="-77.818655"></trkpt>
    <trkpt lat="42.793659" lon="-77.81807"></trkpt>
    <trkpt lat="42.793665" lon="-77.817586"></trkpt>
    <trkpt lat="42.793666" lon="-77.817514"></trkpt>
    <trkpt lat="42.793658" lon="-77.817398"></trkpt>
    <trkpt lat="42.793639" lon="-77.817234"></trkpt>
    <trkpt lat="42.793822" lon="-77.817286"></trkpt>
    <trkpt lat="42.793995" lon="-77.817278"></trkpt>
    <trkpt lat="42.794146" lon="-77.817271"></trkpt>
    <trkpt lat="42.794285" lon="-77.817239"></trkpt>
    <trkpt lat="42.794534" lon="-77.817183"></trkpt>
    <trkpt lat="42.794599" lon="-77.817168"></trkpt>
    <trkpt lat="42.794936" lon="-77.817092"></trkpt>
    <trkpt lat="42.795504" lon="-77.816963"></trkpt>
    <trkpt lat="42.795527" lon="-77.816958"></trkpt>
    <trkpt lat="42.795885" lon="-77.816877"></trkpt>
    <trkpt lat="42.796159" lon="-77.816815"></trkpt>
    <trkpt lat="42.79618" lon="-77.81681"></trkpt>
    <trkpt lat="42.79618" lon="-77.816779"></trkpt>
    <trkpt lat="42.79619" lon="-77.816751"></trkpt>
    <trkpt lat="42.796206" lon="-77.816729"></trkpt>
    <trkpt lat="42.796228" lon="-77.816718"></trkpt>
    <trkpt lat="42.796251" lon="-77.816719"></trkpt>
    <trkpt lat="42.796272" lon="-77.816732"></trkpt>
    <trkpt lat="42.796287" lon="-77.816755"></trkpt>
    <trkpt lat="42.796296" lon="-77.816784"></trkpt>
    <trkpt lat="42.796314" lon="-77.81678"></trkpt>
    <trkpt lat="42.796419" lon="-77.816756"></trkpt>
    <trkpt lat="42.796863" lon="-77.816655"></trkpt>
    <trkpt lat="42.797575" lon="-77.816494"></trkpt>
    <trkpt lat="42.797626" lon="-77.816483"></trkpt>
    <trkpt lat="42.797709" lon="-77.816464"></trkpt>
    <trkpt lat="42.798128" lon="-77.816369"></trkpt>
    <trkpt lat="42.798827" lon="-77.816211"></trkpt>
    <trkpt lat="42.799075" lon="-77.816154"></trkpt>
    <trkpt lat="42.799285" lon="-77.816107"></trkpt>
    <trkpt lat="42.799979" lon="-77.815943"></trkpt>
    <trkpt lat="42.800067" lon="-77.815822"></trkpt>
    <trkpt lat="42.800151" lon="-77.815711"></trkpt>
    <trkpt lat="42.800609" lon="-77.815132"></trkpt>
    <trkpt lat="42.80066" lon="-77.815068"></trkpt>
    <trkpt lat="42.800733" lon="-77.814981"></trkpt>
    <trkpt lat="42.801429" lon="-77.814153"></trkpt>
    <trkpt lat="42.802193" lon="-77.813269"></trkpt>
    <trkpt lat="42.802811" lon="-77.812562"></trkpt>
    <trkpt lat="42.803387" lon="-77.811921"></trkpt>
    <trkpt lat="42.804696" lon="-77.81046"></trkpt>
    <trkpt lat="42.805046" lon="-77.810082"></trkpt>
    <trkpt lat="42.805513" lon="-77.809566"></trkpt>
    <trkpt lat="42.805551" lon="-77.809523"></trkpt>
    <trkpt lat="42.806595" lon="-77.808378"></trkpt>
    <trkpt lat="42.806817" lon="-77.80817"></trkpt>
    <trkpt lat="42.807089" lon="-77.80793"></trkpt>
    <trkpt lat="42.807325" lon="-77.807751"></trkpt>
    <trkpt lat="42.807457" lon="-77.807655"></trkpt>
    <trkpt lat="42.807589" lon="-77.80756"></trkpt>
    <trkpt lat="42.808119" lon="-77.807214"></trkpt>
    <trkpt lat="42.808801" lon="-77.806787"></trkpt>
    <trkpt lat="42.809485" lon="-77.806377"></trkpt>
    <trkpt lat="42.809747" lon="-77.806211"></trkpt>
    <trkpt lat="42.810025" lon="-77.80605"></trkpt>
    <trkpt lat="42.81101" lon="-77.805401"></trkpt>
    <trkpt lat="42.813696" lon="-77.803633"></trkpt>
    <trkpt lat="42.813889" lon="-77.803506"></trkpt>
    <trkpt lat="42.813999" lon="-77.80344"></trkpt>
    <trkpt lat="42.815227" lon="-77.802707"></trkpt>
    <trkpt lat="42.815424" lon="-77.802589"></trkpt>
    <trkpt lat="42.815842" lon="-77.802303"></trkpt>
    <trkpt lat="42.81619" lon="-77.802079"></trkpt>
    <trkpt lat="42.817615" lon="-77.801128"></trkpt>
    <trkpt lat="42.818164" lon="-77.800761"></trkpt>
    <trkpt lat="42.820814" lon="-77.798993"></trkpt>
    <trkpt lat="42.822427" lon="-77.797834"></trkpt>
    <trkpt lat="42.823113" lon="-77.797228"></trkpt>
    <trkpt lat="42.824106" lon="-77.795945"></trkpt>
    <trkpt lat="42.824349" lon="-77.795574"></trkpt>
    <trkpt lat="42.826059" lon="-77.792875"></trkpt>
    <trkpt lat="42.826824" lon="-77.791885"></trkpt>
    <trkpt lat="42.827048" lon="-77.791635"></trkpt>
    <trkpt lat="42.827551" lon="-77.791188"></trkpt>
    <trkpt lat="42.828315" lon="-77.790636"></trkpt>
    <trkpt lat="42.828961" lon="-77.790171"></trkpt>
    <trkpt lat="42.829897" lon="-77.789526"></trkpt>
    <trkpt lat="42.830186" lon="-77.789327"></trkpt>
    <trkpt lat="42.836273" lon="-77.785135"></trkpt>
    <trkpt lat="42.836445" lon="-77.785018"></trkpt>
    <trkpt lat="42.837042" lon="-77.784611"></trkpt>
    <trkpt lat="42.837573" lon="-77.784243"></trkpt>
    <trkpt lat="42.837692" lon="-77.784168"></trkpt>
    <trkpt lat="42.837766" lon="-77.784121"></trkpt>
    <trkpt lat="42.838055" lon="-77.783937"></trkpt>
    <trkpt lat="42.838901" lon="-77.783545"></trkpt>
    <trkpt lat="42.840329" lon="-77.782935"></trkpt>
    <trkpt lat="42.840698" lon="-77.782783"></trkpt>
    <trkpt lat="42.840821" lon="-77.782733"></trkpt>
    <trkpt lat="42.842042" lon="-77.782188"></trkpt>
    <trkpt lat="42.842479" lon="-77.782026"></trkpt>
    <trkpt lat="42.843094" lon="-77.78174"></trkpt>
    <trkpt lat="42.845098" lon="-77.78085"></trkpt>
    <trkpt lat="42.846087" lon="-77.780043"></trkpt>
    <trkpt lat="42.848948" lon="-77.778047"></trkpt>
    <trkpt lat="42.851993" lon="-77.775749"></trkpt>
    <trkpt lat="42.852311" lon="-77.77549"></trkpt>
    <trkpt lat="42.852335" lon="-77.775471"></trkpt>
    <trkpt lat="42.852681" lon="-77.775222"></trkpt>
    <trkpt lat="42.853683" lon="-77.774441"></trkpt>
    <trkpt lat="42.854641" lon="-77.77376"></trkpt>
    <trkpt lat="42.855675" lon="-77.77297"></trkpt>
    <trkpt lat="42.856662" lon="-77.772336"></trkpt>
    <trkpt lat="42.856895" lon="-77.772214"></trkpt>
    <trkpt lat="42.858018" lon="-77.771804"></trkpt>
    <trkpt lat="42.859165" lon="-77.77163"></trkpt>
    <trkpt lat="42.860692" lon="-77.771398"></trkpt>
    <trkpt lat="42.862277" lon="-77.771271"></trkpt>
    <trkpt lat="42.865862" lon="-77.770912"></trkpt>
    <trkpt lat="42.866397" lon="-77.770869"></trkpt>
    <trkpt lat="42.866891" lon="-77.770827"></trkpt>
    <trkpt lat="42.870669" lon="-77.770433"></trkpt>
    <trkpt lat="42.871237" lon="-77.770357"></trkpt>
    <trkpt lat="42.871583" lon="-77.77029"></trkpt>
    <trkpt lat="42.872399" lon="-77.770103"></trkpt>
    <trkpt lat="42.872833" lon="-77.770022"></trkpt>
    <trkpt lat="42.874269" lon="-77.769687"></trkpt>
    <trkpt lat="42.874466" lon="-77.769652"></trkpt>
    <trkpt lat="42.874868" lon="-77.769581"></trkpt>
    <trkpt lat="42.875138" lon="-77.769522"></trkpt>
    <trkpt lat="42.878551" lon="-77.768765"></trkpt>
    <trkpt lat="42.878662" lon="-77.768741"></trkpt>
    <trkpt lat="42.879413" lon="-77.768572"></trkpt>
    <trkpt lat="42.880181" lon="-77.768403"></trkpt>
    <trkpt lat="42.8815" lon="-77.76811"></trkpt>
    <trkpt lat="42.882006" lon="-77.767998"></trkpt>
    <trkpt lat="42.882817" lon="-77.767796"></trkpt>
    <trkpt lat="42.883232" lon="-77.767724"></trkpt>
    <trkpt lat="42.883854" lon="-77.76757"></trkpt>
    <trkpt lat="42.884353" lon="-77.767458"></trkpt>
    <trkpt lat="42.885634" lon="-77.767194"></trkpt>
    <trkpt lat="42.886578" lon="-77.767102"></trkpt>
    <trkpt lat="42.888327" lon="-77.767161"></trkpt>
    <trkpt lat="42.889614" lon="-77.767204"></trkpt>
    <trkpt lat="42.890228" lon="-77.767225"></trkpt>
    <trkpt lat="42.892645" lon="-77.767307"></trkpt>
    <trkpt lat="42.893394" lon="-77.767224"></trkpt>
    <trkpt lat="42.893958" lon="-77.766974"></trkpt>
    <trkpt lat="42.894122" lon="-77.76688"></trkpt>
    <trkpt lat="42.894573" lon="-77.766616"></trkpt>
    <trkpt lat="42.894913" lon="-77.766391"></trkpt>
    <trkpt lat="42.894961" lon="-77.766355"></trkpt>
    <trkpt lat="42.895809" lon="-77.765718"></trkpt>
    <trkpt lat="42.896196" lon="-77.76531"></trkpt>
    <trkpt lat="42.896646" lon="-77.764776"></trkpt>
    <trkpt lat="42.896801" lon="-77.764597"></trkpt>
    <trkpt lat="42.897086" lon="-77.764302"></trkpt>
    <trkpt lat="42.897166" lon="-77.764235"></trkpt>
    <trkpt lat="42.89737" lon="-77.764064"></trkpt>
    <trkpt lat="42.897395" lon="-77.764044"></trkpt>
    <trkpt lat="42.897694" lon="-77.763852"></trkpt>
    <trkpt lat="42.897804" lon="-77.763789"></trkpt>
    <trkpt lat="42.898061" lon="-77.763698"></trkpt>
    <trkpt lat="42.898752" lon="-77.76354"></trkpt>
    <trkpt lat="42.898983" lon="-77.763534"></trkpt>
    <trkpt lat="42.899161" lon="-77.76353"></trkpt>
    <trkpt lat="42.899756" lon="-77.763501"></trkpt>
    <trkpt lat="42.900391" lon="-77.763405"></trkpt>
    <trkpt lat="42.900765" lon="-77.763269"></trkpt>
    <trkpt lat="42.901037" lon="-77.76317"></trkpt>
    <trkpt lat="42.90121" lon="-77.763081"></trkpt>
    <trkpt lat="42.902139" lon="-77.7626"></trkpt>
    <trkpt lat="42.902565" lon="-77.762286"></trkpt>
    <trkpt lat="42.90273" lon="-77.762166"></trkpt>
    <trkpt lat="42.903126" lon="-77.761778"></trkpt>
    <trkpt lat="42.903555" lon="-77.761224"></trkpt>
    <trkpt lat="42.903806" lon="-77.760824"></trkpt>
    <trkpt lat="42.904538" lon="-77.759439"></trkpt>
    <trkpt lat="42.904768" lon="-77.759012"></trkpt>
    <trkpt lat="42.904918" lon="-77.758793"></trkpt>
    <trkpt lat="42.905269" lon="-77.758282"></trkpt>
    <trkpt lat="42.905768" lon="-77.757665"></trkpt>
    <trkpt lat="42.905961" lon="-77.757434"></trkpt>
    <trkpt lat="42.906239" lon="-77.757101"></trkpt>
    <trkpt lat="42.906362" lon="-77.756954"></trkpt>
    <trkpt lat="42.906764" lon="-77.75647"></trkpt>
    <trkpt lat="42.91014" lon="-77.752459"></trkpt>
    <trkpt lat="42.910231" lon="-77.752353"></trkpt>
    <trkpt lat="42.910374" lon="-77.752183"></trkpt>
    <trkpt lat="42.910567" lon="-77.751956"></trkpt>
    <trkpt lat="42.910749" lon="-77.751762"></trkpt>
    <trkpt lat="42.911324" lon="-77.751315"></trkpt>
    <trkpt lat="42.911795" lon="-77.750954"></trkpt>
    <trkpt lat="42.911896" lon="-77.750879"></trkpt>
    <trkpt lat="42.911962" lon="-77.75083"></trkpt>
    <trkpt lat="42.912174" lon="-77.75066"></trkpt>
    <trkpt lat="42.912391" lon="-77.750492"></trkpt>
    <trkpt lat="42.913769" lon="-77.749432"></trkpt>
    <trkpt lat="42.913891" lon="-77.749316"></trkpt>
    <trkpt lat="42.914002" lon="-77.749512"></trkpt>
    <trkpt lat="42.914072" lon="-77.749645"></trkpt>
    <trkpt lat="42.914295" lon="-77.750064"></trkpt>
    <trkpt lat="42.914608" lon="-77.750634"></trkpt>
    <trkpt lat="42.914822" lon="-77.751009"></trkpt>
    <trkpt lat="42.91491" lon="-77.751169"></trkpt>
    <trkpt lat="42.914978" lon="-77.75129"></trkpt>
    <trkpt lat="42.915743" lon="-77.75265"></trkpt>
    <trkpt lat="42.91608" lon="-77.753238"></trkpt>
    <trkpt lat="42.916192" lon="-77.753442"></trkpt>
    <trkpt lat="42.916232" lon="-77.75352"></trkpt>
    <trkpt lat="42.91718" lon="-77.755208"></trkpt>
    <trkpt lat="42.917453" lon="-77.75579"></trkpt>
    <trkpt lat="42.917673" lon="-77.756265"></trkpt>
    <trkpt lat="42.917833" lon="-77.756646"></trkpt>
    <trkpt lat="42.917922" lon="-77.756875"></trkpt>
    <trkpt lat="42.918196" lon="-77.757577"></trkpt>
    <trkpt lat="42.91999" lon="-77.762431"></trkpt>
    <trkpt lat="42.920282" lon="-77.763173"></trkpt>
    <trkpt lat="42.920628" lon="-77.764052"></trkpt>
    <trkpt lat="42.920805" lon="-77.764494"></trkpt>
    <trkpt lat="42.921516" lon="-77.766187"></trkpt>
    <trkpt lat="42.923395" lon="-77.770753"></trkpt>
    <trkpt lat="42.925505" lon="-77.775926"></trkpt>
    <trkpt lat="42.925786" lon="-77.776603"></trkpt>
    <trkpt lat="42.926231" lon="-77.777719"></trkpt>
    <trkpt lat="42.926374" lon="-77.778041"></trkpt>
    <trkpt lat="42.926514" lon="-77.778403"></trkpt>
    <trkpt lat="42.927115" lon="-77.779862"></trkpt>
    <trkpt lat="42.927286" lon="-77.780279"></trkpt>
    <trkpt lat="42.92742" lon="-77.780604"></trkpt>
    <trkpt lat="42.927592" lon="-77.78102"></trkpt>
    <trkpt lat="42.927819" lon="-77.781583"></trkpt>
    <trkpt lat="42.92784" lon="-77.781637"></trkpt>
    <trkpt lat="42.928061" lon="-77.782183"></trkpt>
    <trkpt lat="42.928295" lon="-77.782768"></trkpt>
    <trkpt lat="42.928776" lon="-77.783944"></trkpt>
    <trkpt lat="42.93061" lon="-77.788425"></trkpt>
    <trkpt lat="42.932226" lon="-77.792214"></trkpt>
    <trkpt lat="42.93267" lon="-77.793286"></trkpt>
    <trkpt lat="42.933161" lon="-77.794471"></trkpt>
    <trkpt lat="42.934984" lon="-77.799123"></trkpt>
    <trkpt lat="42.93557" lon="-77.800678"></trkpt>
    <trkpt lat="42.936104" lon="-77.802561"></trkpt>
    <trkpt lat="42.93648" lon="-77.804301"></trkpt>
    <trkpt lat="42.936947" lon="-77.806636"></trkpt>
    <trkpt lat="42.937007" lon="-77.806956"></trkpt>
    <trkpt lat="42.937531" lon="-77.809537"></trkpt>
    <trkpt lat="42.937724" lon="-77.810446"></trkpt>
    <trkpt lat="42.937885" lon="-77.811214"></trkpt>
    <trkpt lat="42.937919" lon="-77.811395"></trkpt>
    <trkpt lat="42.938076" lon="-77.811897"></trkpt>
    <trkpt lat="42.938356" lon="-77.812625"></trkpt>
    <trkpt lat="42.938793" lon="-77.813364"></trkpt>
    <trkpt lat="42.939626" lon="-77.814451"></trkpt>
    <trkpt lat="42.945038" lon="-77.820664"></trkpt>
    <trkpt lat="42.945656" lon="-77.821376"></trkpt>
    <trkpt lat="42.950468" lon="-77.826906"></trkpt>
    <trkpt lat="42.950588" lon="-77.827075"></trkpt>
    <trkpt lat="42.951176" lon="-77.827812"></trkpt>
    <trkpt lat="42.954156" lon="-77.831171"></trkpt>
    <trkpt lat="42.95451" lon="-77.831542"></trkpt>
    <trkpt lat="42.954722" lon="-77.831796"></trkpt>
    <trkpt lat="42.955957" lon="-77.833258"></trkpt>
    <trkpt lat="42.956645" lon="-77.834019"></trkpt>
    <trkpt lat="42.957043" lon="-77.834489"></trkpt>
    <trkpt lat="42.957594" lon="-77.835139"></trkpt>
    <trkpt lat="42.958257" lon="-77.835914"></trkpt>
    <trkpt lat="42.959484" lon="-77.837351"></trkpt>
    <trkpt lat="42.959769" lon="-77.837684"></trkpt>
    <trkpt lat="42.960379" lon="-77.838414"></trkpt>
    <trkpt lat="42.960926" lon="-77.839069"></trkpt>
    <trkpt lat="42.961118" lon="-77.839291"></trkpt>
    <trkpt lat="42.961305" lon="-77.839507"></trkpt>
    <trkpt lat="42.962885" lon="-77.841335"></trkpt>
    <trkpt lat="42.964062" lon="-77.842698"></trkpt>
    <trkpt lat="42.964165" lon="-77.842818"></trkpt>
    <trkpt lat="42.964423" lon="-77.843116"></trkpt>
    <trkpt lat="42.96515" lon="-77.843957"></trkpt>
    <trkpt lat="42.965443" lon="-77.844296"></trkpt>
    <trkpt lat="42.965897" lon="-77.844764"></trkpt>
    <trkpt lat="42.966098" lon="-77.845064"></trkpt>
    <trkpt lat="42.966324" lon="-77.845283"></trkpt>
    <trkpt lat="42.96698" lon="-77.846034"></trkpt>
    <trkpt lat="42.967185" lon="-77.846254"></trkpt>
    <trkpt lat="42.967984" lon="-77.847201"></trkpt>
    <trkpt lat="42.968804" lon="-77.848154"></trkpt>
    <trkpt lat="42.969573" lon="-77.849047"></trkpt>
    <trkpt lat="42.970091" lon="-77.84963"></trkpt>
    <trkpt lat="42.970447" lon="-77.850031"></trkpt>
    <trkpt lat="42.970967" lon="-77.850617"></trkpt>
    <trkpt lat="42.971043" lon="-77.8507"></trkpt>
    <trkpt lat="42.971322" lon="-77.851006"></trkpt>
    <trkpt lat="42.971844" lon="-77.851578"></trkpt>
    <trkpt lat="42.97211" lon="-77.85189"></trkpt>
    <trkpt lat="42.972254" lon="-77.852059"></trkpt>
    <trkpt lat="42.972946" lon="-77.852836"></trkpt>
    <trkpt lat="42.97302" lon="-77.852895"></trkpt>
    <trkpt lat="42.973049" lon="-77.852855"></trkpt>
    <trkpt lat="42.973085" lon="-77.85283"></trkpt>
    <trkpt lat="42.973126" lon="-77.852822"></trkpt>
    <trkpt lat="42.973166" lon="-77.852833"></trkpt>
    <trkpt lat="42.973202" lon="-77.85286"></trkpt>
    <trkpt lat="42.97323" lon="-77.852901"></trkpt>
    <trkpt lat="42.973247" lon="-77.852955"></trkpt>
    <trkpt lat="42.97325" lon="-77.853013"></trkpt>
    <trkpt lat="42.973239" lon="-77.853069"></trkpt>
    <trkpt lat="42.973214" lon="-77.853117"></trkpt>
    <trkpt lat="42.97318" lon="-77.853152"></trkpt>
    <trkpt lat="42.973139" lon="-77.853169"></trkpt>
    <trkpt lat="42.973118" lon="-77.853351"></trkpt>
    <trkpt lat="42.973119" lon="-77.853444"></trkpt>
    <trkpt lat="42.97312" lon="-77.853502"></trkpt>
    <trkpt lat="42.973146" lon="-77.854784"></trkpt>
    <trkpt lat="42.973152" lon="-77.855064"></trkpt>
    <trkpt lat="42.973156" lon="-77.85523"></trkpt>
    <trkpt lat="42.973158" lon="-77.85531"></trkpt>
    <trkpt lat="42.973169" lon="-77.855812"></trkpt>
    <trkpt lat="42.973171" lon="-77.855916"></trkpt>
    <trkpt lat="42.973176" lon="-77.856186"></trkpt>
    <trkpt lat="42.973189" lon="-77.85688"></trkpt>
    <trkpt lat="42.973219" lon="-77.858996"></trkpt>
    <trkpt lat="42.973228" lon="-77.859449"></trkpt>
    <trkpt lat="42.973237" lon="-77.859675"></trkpt>
    <trkpt lat="42.973264" lon="-77.859928"></trkpt>
    <trkpt lat="42.97329" lon="-77.860118"></trkpt>
    <trkpt lat="42.973324" lon="-77.860308"></trkpt>
    <trkpt lat="42.973415" lon="-77.860691"></trkpt>
    <trkpt lat="42.9736" lon="-77.861467"></trkpt>
    <trkpt lat="42.974903" lon="-77.866917"></trkpt>
    <trkpt lat="42.97512" lon="-77.867827"></trkpt>
    <trkpt lat="42.975338" lon="-77.868737"></trkpt>
    <trkpt lat="42.975567" lon="-77.869711"></trkpt>
    <trkpt lat="42.975702" lon="-77.870283"></trkpt>
    <trkpt lat="42.975788" lon="-77.870656"></trkpt>
    <trkpt lat="42.976283" lon="-77.872805"></trkpt>
    <trkpt lat="42.976717" lon="-77.874605"></trkpt>
    <trkpt lat="42.976731" lon="-77.874662"></trkpt>
    <trkpt lat="42.977076" lon="-77.876174"></trkpt>
    <trkpt lat="42.977141" lon="-77.876462"></trkpt>
    <trkpt lat="42.977265" lon="-77.877324"></trkpt>
    <trkpt lat="42.97731" lon="-77.877661"></trkpt>
    <trkpt lat="42.977398" lon="-77.878327"></trkpt>
    <trkpt lat="42.977511" lon="-77.879179"></trkpt>
    <trkpt lat="42.977627" lon="-77.880268"></trkpt>
    <trkpt lat="42.977728" lon="-77.881209"></trkpt>
    <trkpt lat="42.977825" lon="-77.881973"></trkpt>
    <trkpt lat="42.977921" lon="-77.882728"></trkpt>
    <trkpt lat="42.978138" lon="-77.88533"></trkpt>
    <trkpt lat="42.978211" lon="-77.886199"></trkpt>
    <trkpt lat="42.978281" lon="-77.887041"></trkpt>
    <trkpt lat="42.978399" lon="-77.888453"></trkpt>
    <trkpt lat="42.978547" lon="-77.889717"></trkpt>
    <trkpt lat="42.978804" lon="-77.891923"></trkpt>
    <trkpt lat="42.978888" lon="-77.893896"></trkpt>
    <trkpt lat="42.978901" lon="-77.89475"></trkpt>
    <trkpt lat="42.978881" lon="-77.897919"></trkpt>
    <trkpt lat="42.978888" lon="-77.89819"></trkpt>
    <trkpt lat="42.978892" lon="-77.898337"></trkpt>
    <trkpt lat="42.978969" lon="-77.901081"></trkpt>
    <trkpt lat="42.978851" lon="-77.903123"></trkpt>
    <trkpt lat="42.978841" lon="-77.903308"></trkpt>
    <trkpt lat="42.978832" lon="-77.903462"></trkpt>
    <trkpt lat="42.978765" lon="-77.904625"></trkpt>
    <trkpt lat="42.978699" lon="-77.905778"></trkpt>
    <trkpt lat="42.978678" lon="-77.906163"></trkpt>
    <trkpt lat="42.97849" lon="-77.909615"></trkpt>
    <trkpt lat="42.978475" lon="-77.910044"></trkpt>
    <trkpt lat="42.978473" lon="-77.910074"></trkpt>
    <trkpt lat="42.978461" lon="-77.910366"></trkpt>
    <trkpt lat="42.978449" lon="-77.910868"></trkpt>
    <trkpt lat="42.978506" lon="-77.912456"></trkpt>
    <trkpt lat="42.978546" lon="-77.913939"></trkpt>
    <trkpt lat="42.97859" lon="-77.914818"></trkpt>
    <trkpt lat="42.978635" lon="-77.916572"></trkpt>
    <trkpt lat="42.978642" lon="-77.916851"></trkpt>
    <trkpt lat="42.978722" lon="-77.919152"></trkpt>
    <trkpt lat="42.978777" lon="-77.920471"></trkpt>
    <trkpt lat="42.978846" lon="-77.922714"></trkpt>
    <trkpt lat="42.978871" lon="-77.923523"></trkpt>
    <trkpt lat="42.978916" lon="-77.924498"></trkpt>
    <trkpt lat="42.978931" lon="-77.92481"></trkpt>
    <trkpt lat="42.978932" lon="-77.924842"></trkpt>
    <trkpt lat="42.978944" lon="-77.925384"></trkpt>
    <trkpt lat="42.978961" lon="-77.926016"></trkpt>
    <trkpt lat="42.978962" lon="-77.926109"></trkpt>
    <trkpt lat="42.978963" lon="-77.92617"></trkpt>
    <trkpt lat="42.978963" lon="-77.926178"></trkpt>
    <trkpt lat="42.978976" lon="-77.926644"></trkpt>
    <trkpt lat="42.978981" lon="-77.926778"></trkpt>
    <trkpt lat="42.979027" lon="-77.928055"></trkpt>
    <trkpt lat="42.979048" lon="-77.928874"></trkpt>
    <trkpt lat="42.979108" lon="-77.93119"></trkpt>
    <trkpt lat="42.979147" lon="-77.931997"></trkpt>
    <trkpt lat="42.979193" lon="-77.933349"></trkpt>
    <trkpt lat="42.979245" lon="-77.934911"></trkpt>
    <trkpt lat="42.979275" lon="-77.935322"></trkpt>
    <trkpt lat="42.97929" lon="-77.935961"></trkpt>
    <trkpt lat="42.979306" lon="-77.936341"></trkpt>
    <trkpt lat="42.979312" lon="-77.936489"></trkpt>
    <trkpt lat="42.97932" lon="-77.936674"></trkpt>
    <trkpt lat="42.979334" lon="-77.937151"></trkpt>
    <trkpt lat="42.979356" lon="-77.937944"></trkpt>
    <trkpt lat="42.979357" lon="-77.937978"></trkpt>
    <trkpt lat="42.979409" lon="-77.939518"></trkpt>
    <trkpt lat="42.979411" lon="-77.939579"></trkpt>
    <trkpt lat="42.979506" lon="-77.943017"></trkpt>
    <trkpt lat="42.979516" lon="-77.943383"></trkpt>
    <trkpt lat="42.979559" lon="-77.944741"></trkpt>
    <trkpt lat="42.979573" lon="-77.945329"></trkpt>
    <trkpt lat="42.979574" lon="-77.945395"></trkpt>
    <trkpt lat="42.979578" lon="-77.945568"></trkpt>
    <trkpt lat="42.979599" lon="-77.946215"></trkpt>
    <trkpt lat="42.979602" lon="-77.946314"></trkpt>
    <trkpt lat="42.979691" lon="-77.949489"></trkpt>
    <trkpt lat="42.979707" lon="-77.950068"></trkpt>
    <trkpt lat="42.979767" lon="-77.95169"></trkpt>
    <trkpt lat="42.979776" lon="-77.951944"></trkpt>
    <trkpt lat="42.979818" lon="-77.953075"></trkpt>
    <trkpt lat="42.979861" lon="-77.954237"></trkpt>
    <trkpt lat="42.979882" lon="-77.954812"></trkpt>
    <trkpt lat="42.979887" lon="-77.954953"></trkpt>
    <trkpt lat="42.979901" lon="-77.955167"></trkpt>
    <trkpt lat="42.979947" lon="-77.955854"></trkpt>
    <trkpt lat="42.979949" lon="-77.955899"></trkpt>
    <trkpt lat="42.979995" lon="-77.957121"></trkpt>
    <trkpt lat="42.980007" lon="-77.957377"></trkpt>
    <trkpt lat="42.980011" lon="-77.957462"></trkpt>
    <trkpt lat="42.98002" lon="-77.957643"></trkpt>
    <trkpt lat="42.980032" lon="-77.957921"></trkpt>
    <trkpt lat="42.98006" lon="-77.958524"></trkpt>
    <trkpt lat="42.980088" lon="-77.95913"></trkpt>
    <trkpt lat="42.980185" lon="-77.961032"></trkpt>
    <trkpt lat="42.980213" lon="-77.961519"></trkpt>
    <trkpt lat="42.980349" lon="-77.96385"></trkpt>
    <trkpt lat="42.980386" lon="-77.964481"></trkpt>
    <trkpt lat="42.980403" lon="-77.964781"></trkpt>
    <trkpt lat="42.980464" lon="-77.96583"></trkpt>
    <trkpt lat="42.980505" lon="-77.966508"></trkpt>
    <trkpt lat="42.980588" lon="-77.9679"></trkpt>
    <trkpt lat="42.980648" lon="-77.968967"></trkpt>
    <trkpt lat="42.98068" lon="-77.969715"></trkpt>
    <trkpt lat="42.980682" lon="-77.969826"></trkpt>
    <trkpt lat="42.980682" lon="-77.970329"></trkpt>
    <trkpt lat="42.980662" lon="-77.970948"></trkpt>
    <trkpt lat="42.980644" lon="-77.971249"></trkpt>
    <trkpt lat="42.980603" lon="-77.971685"></trkpt>
    <trkpt lat="42.980515" lon="-77.972246"></trkpt>
    <trkpt lat="42.980429" lon="-77.972704"></trkpt>
    <trkpt lat="42.980229" lon="-77.973773"></trkpt>
    <trkpt lat="42.980127" lon="-77.974313"></trkpt>
    <trkpt lat="42.980044" lon="-77.97476"></trkpt>
    <trkpt lat="42.979722" lon="-77.976497"></trkpt>
    <trkpt lat="42.979405" lon="-77.978219"></trkpt>
    <trkpt lat="42.979301" lon="-77.978798"></trkpt>
    <trkpt lat="42.978957" lon="-77.980576"></trkpt>
    <trkpt lat="42.978777" lon="-77.981526"></trkpt>
    <trkpt lat="42.978678" lon="-77.982054"></trkpt>
    <trkpt lat="42.978277" lon="-77.984308"></trkpt>
    <trkpt lat="42.978138" lon="-77.985061"></trkpt>
    <trkpt lat="42.978107" lon="-77.985232"></trkpt>
    <trkpt lat="42.977829" lon="-77.986733"></trkpt>
    <trkpt lat="42.97768" lon="-77.987593"></trkpt>
    <trkpt lat="42.977633" lon="-77.98795"></trkpt>
    <trkpt lat="42.977626" lon="-77.988172"></trkpt>
    <trkpt lat="42.977628" lon="-77.988952"></trkpt>
    <trkpt lat="42.977628" lon="-77.98937"></trkpt>
    <trkpt lat="42.977646" lon="-77.990083"></trkpt>
    <trkpt lat="42.97768" lon="-77.991182"></trkpt>
    <trkpt lat="42.97769" lon="-77.991532"></trkpt>
    <trkpt lat="42.977694" lon="-77.991651"></trkpt>
    <trkpt lat="42.977718" lon="-77.992302"></trkpt>
    <trkpt lat="42.97774" lon="-77.992967"></trkpt>
    <trkpt lat="42.977747" lon="-77.99326"></trkpt>
    <trkpt lat="42.977756" lon="-77.993605"></trkpt>
    <trkpt lat="42.977763" lon="-77.993887"></trkpt>
    <trkpt lat="42.977783" lon="-77.994953"></trkpt>
    <trkpt lat="42.977792" lon="-77.995603"></trkpt>
    <trkpt lat="42.97781" lon="-77.996443"></trkpt>
    <trkpt lat="42.977822" lon="-77.997022"></trkpt>
    <trkpt lat="42.977833" lon="-77.99747"></trkpt>
    <trkpt lat="42.977838" lon="-77.997666"></trkpt>
    <trkpt lat="42.977887" lon="-78.000384"></trkpt>
    <trkpt lat="42.977882" lon="-78.00092"></trkpt>
    <trkpt lat="42.977966" lon="-78.003534"></trkpt>
    <trkpt lat="42.977986" lon="-78.003959"></trkpt>
    <trkpt lat="42.977996" lon="-78.004171"></trkpt>
    <trkpt lat="42.978096" lon="-78.005437"></trkpt>
    <trkpt lat="42.978143" lon="-78.00604"></trkpt>
    <trkpt lat="42.978159" lon="-78.006266"></trkpt>
    <trkpt lat="42.978173" lon="-78.006453"></trkpt>
    <trkpt lat="42.97818" lon="-78.006548"></trkpt>
    <trkpt lat="42.978187" lon="-78.006647"></trkpt>
    <trkpt lat="42.978196" lon="-78.006762"></trkpt>
    <trkpt lat="42.978227" lon="-78.007123"></trkpt>
    <trkpt lat="42.978389" lon="-78.008964"></trkpt>
    <trkpt lat="42.978436" lon="-78.009524"></trkpt>
    <trkpt lat="42.978495" lon="-78.010242"></trkpt>
    <trkpt lat="42.978523" lon="-78.010581"></trkpt>
    <trkpt lat="42.978585" lon="-78.011253"></trkpt>
    <trkpt lat="42.978595" lon="-78.011359"></trkpt>
    <trkpt lat="42.978661" lon="-78.012067"></trkpt>
    <trkpt lat="42.978668" lon="-78.012157"></trkpt>
    <trkpt lat="42.978711" lon="-78.012684"></trkpt>
    <trkpt lat="42.978783" lon="-78.013565"></trkpt>
    <trkpt lat="42.978788" lon="-78.01362"></trkpt>
    <trkpt lat="42.978822" lon="-78.01401"></trkpt>
    <trkpt lat="42.978887" lon="-78.014744"></trkpt>
    <trkpt lat="42.978941" lon="-78.015364"></trkpt>
    <trkpt lat="42.97903" lon="-78.016367"></trkpt>
    <trkpt lat="42.979054" lon="-78.016643"></trkpt>
    <trkpt lat="42.979139" lon="-78.017554"></trkpt>
    <trkpt lat="42.979203" lon="-78.018245"></trkpt>
    <trkpt lat="42.979241" lon="-78.018712"></trkpt>
    <trkpt lat="42.979254" lon="-78.018869"></trkpt>
    <trkpt lat="42.97933" lon="-78.019796"></trkpt>
    <trkpt lat="42.979487" lon="-78.021496"></trkpt>
    <trkpt lat="42.979534" lon="-78.022006"></trkpt>
    <trkpt lat="42.979639" lon="-78.023155"></trkpt>
    <trkpt lat="42.97966" lon="-78.023452"></trkpt>
    <trkpt lat="42.979671" lon="-78.023594"></trkpt>
    <trkpt lat="42.979685" lon="-78.024055"></trkpt>
    <trkpt lat="42.979691" lon="-78.024267"></trkpt>
    <trkpt lat="42.979696" lon="-78.024723"></trkpt>
    <trkpt lat="42.979714" lon="-78.02646"></trkpt>
    <trkpt lat="42.979734" lon="-78.028383"></trkpt>
    <trkpt lat="42.97974" lon="-78.029497"></trkpt>
    <trkpt lat="42.979743" lon="-78.030063"></trkpt>
    <trkpt lat="42.979779" lon="-78.03254"></trkpt>
    <trkpt lat="42.979789" lon="-78.033588"></trkpt>
    <trkpt lat="42.979801" lon="-78.034723"></trkpt>
    <trkpt lat="42.979807" lon="-78.035331"></trkpt>
    <trkpt lat="42.979794" lon="-78.037381"></trkpt>
    <trkpt lat="42.979795" lon="-78.03747"></trkpt>
    <trkpt lat="42.979798" lon="-78.03797"></trkpt>
    <trkpt lat="42.979806" lon="-78.039037"></trkpt>
    <trkpt lat="42.979789" lon="-78.042153"></trkpt>
    <trkpt lat="42.979809" lon="-78.04373"></trkpt>
    <trkpt lat="42.979809" lon="-78.043998"></trkpt>
    <trkpt lat="42.97981" lon="-78.045411"></trkpt>
    <trkpt lat="42.979815" lon="-78.046323"></trkpt>
    <trkpt lat="42.979817" lon="-78.046593"></trkpt>
    <trkpt lat="42.979812" lon="-78.048042"></trkpt>
    <trkpt lat="42.979823" lon="-78.04945"></trkpt>
    <trkpt lat="42.979821" lon="-78.049771"></trkpt>
    <trkpt lat="42.979819" lon="-78.050225"></trkpt>
    <trkpt lat="42.979811" lon="-78.051778"></trkpt>
    <trkpt lat="42.979807" lon="-78.052497"></trkpt>
    <trkpt lat="42.979803" lon="-78.052925"></trkpt>
    <trkpt lat="42.979799" lon="-78.053381"></trkpt>
    <trkpt lat="42.979796" lon="-78.053656"></trkpt>
    <trkpt lat="42.979795" lon="-78.053782"></trkpt>
    <trkpt lat="42.979791" lon="-78.054197"></trkpt>
    <trkpt lat="42.979789" lon="-78.054398"></trkpt>
    <trkpt lat="42.979787" lon="-78.054583"></trkpt>
    <trkpt lat="42.979754" lon="-78.058138"></trkpt>
    <trkpt lat="42.979742" lon="-78.058737"></trkpt>
    <trkpt lat="42.979733" lon="-78.059193"></trkpt>
    <trkpt lat="42.979725" lon="-78.059667"></trkpt>
    <trkpt lat="42.97972" lon="-78.060305"></trkpt>
    <trkpt lat="42.979734" lon="-78.060836"></trkpt>
    <trkpt lat="42.979758" lon="-78.061071"></trkpt>
    <trkpt lat="42.979815" lon="-78.061636"></trkpt>
    <trkpt lat="42.979941" lon="-78.062495"></trkpt>
    <trkpt lat="42.979949" lon="-78.062553"></trkpt>
    <trkpt lat="42.980087" lon="-78.063383"></trkpt>
    <trkpt lat="42.980133" lon="-78.063658"></trkpt>
    <trkpt lat="42.980155" lon="-78.063795"></trkpt>
    <trkpt lat="42.980185" lon="-78.063975"></trkpt>
    <trkpt lat="42.980204" lon="-78.064088"></trkpt>
    <trkpt lat="42.980264" lon="-78.064463"></trkpt>
    <trkpt lat="42.98073" lon="-78.06737"></trkpt>
    <trkpt lat="42.980897" lon="-78.068481"></trkpt>
    <trkpt lat="42.980966" lon="-78.06894"></trkpt>
    <trkpt lat="42.98166" lon="-78.073467"></trkpt>
    <trkpt lat="42.981698" lon="-78.073744"></trkpt>
    <trkpt lat="42.981744" lon="-78.074076"></trkpt>
    <trkpt lat="42.981783" lon="-78.074355"></trkpt>
    <trkpt lat="42.981829" lon="-78.07478"></trkpt>
    <trkpt lat="42.981834" lon="-78.074826"></trkpt>
    <trkpt lat="42.981846" lon="-78.074939"></trkpt>
    <trkpt lat="42.981858" lon="-78.075054"></trkpt>
    <trkpt lat="42.982557" lon="-78.081327"></trkpt>
    <trkpt lat="42.982631" lon="-78.081996"></trkpt>
    <trkpt lat="42.982718" lon="-78.082786"></trkpt>
    <trkpt lat="42.982794" lon="-78.083476"></trkpt>
    <trkpt lat="42.982805" lon="-78.083579"></trkpt>
    <trkpt lat="42.982835" lon="-78.083856"></trkpt>
    <trkpt lat="42.982859" lon="-78.084073"></trkpt>
    <trkpt lat="42.982876" lon="-78.084206"></trkpt>
    <trkpt lat="42.982928" lon="-78.084616"></trkpt>
    <trkpt lat="42.983132" lon="-78.086418"></trkpt>
    <trkpt lat="42.983263" lon="-78.087581"></trkpt>
    <trkpt lat="42.98331" lon="-78.087993"></trkpt>
    <trkpt lat="42.983327" lon="-78.088145"></trkpt>
    <trkpt lat="42.98336" lon="-78.088434"></trkpt>
    <trkpt lat="42.983409" lon="-78.088871"></trkpt>
    <trkpt lat="42.983428" lon="-78.089042"></trkpt>
    <trkpt lat="42.983562" lon="-78.090226"></trkpt>
    <trkpt lat="42.983725" lon="-78.091604"></trkpt>
    <trkpt lat="42.983778" lon="-78.092049"></trkpt>
    <trkpt lat="42.983873" lon="-78.092852"></trkpt>
    <trkpt lat="42.983988" lon="-78.093859"></trkpt>
    <trkpt lat="42.984239" lon="-78.096049"></trkpt>
    <trkpt lat="42.984383" lon="-78.09731"></trkpt>
    <trkpt lat="42.984412" lon="-78.09757"></trkpt>
    <trkpt lat="42.984438" lon="-78.097789"></trkpt>
    <trkpt lat="42.984467" lon="-78.098041"></trkpt>
    <trkpt lat="42.984535" lon="-78.098621"></trkpt>
    <trkpt lat="42.984678" lon="-78.099837"></trkpt>
    <trkpt lat="42.984781" lon="-78.100674"></trkpt>
    <trkpt lat="42.984879" lon="-78.10148"></trkpt>
    <trkpt lat="42.985105" lon="-78.103346"></trkpt>
    <trkpt lat="42.985268" lon="-78.104688"></trkpt>
    <trkpt lat="42.985452" lon="-78.106124"></trkpt>
    <trkpt lat="42.985664" lon="-78.107698"></trkpt>
    <trkpt lat="42.985969" lon="-78.110068"></trkpt>
    <trkpt lat="42.98603" lon="-78.110522"></trkpt>
    <trkpt lat="42.986057" lon="-78.11072"></trkpt>
    <trkpt lat="42.986082" lon="-78.110903"></trkpt>
    <trkpt lat="42.986103" lon="-78.111059"></trkpt>
    <trkpt lat="42.986109" lon="-78.111103"></trkpt>
    <trkpt lat="42.986134" lon="-78.111292"></trkpt>
    <trkpt lat="42.986244" lon="-78.112065"></trkpt>
    <trkpt lat="42.986346" lon="-78.112761"></trkpt>
    <trkpt lat="42.986611" lon="-78.114695"></trkpt>
    <trkpt lat="42.98702" lon="-78.117904"></trkpt>
    <trkpt lat="42.987109" lon="-78.118609"></trkpt>
    <trkpt lat="42.987183" lon="-78.11919"></trkpt>
    <trkpt lat="42.987199" lon="-78.119314"></trkpt>
    <trkpt lat="42.987448" lon="-78.121096"></trkpt>
    <trkpt lat="42.987538" lon="-78.121765"></trkpt>
    <trkpt lat="42.987586" lon="-78.122123"></trkpt>
    <trkpt lat="42.987702" lon="-78.122981"></trkpt>
    <trkpt lat="42.987808" lon="-78.123768"></trkpt>
    <trkpt lat="42.988072" lon="-78.125599"></trkpt>
    <trkpt lat="42.988167" lon="-78.126228"></trkpt>
    <trkpt lat="42.988218" lon="-78.126568"></trkpt>
    <trkpt lat="42.988277" lon="-78.126885"></trkpt>
    <trkpt lat="42.988358" lon="-78.127317"></trkpt>
    <trkpt lat="42.988741" lon="-78.129357"></trkpt>
    <trkpt lat="42.98906" lon="-78.131011"></trkpt>
    <trkpt lat="42.9891" lon="-78.131219"></trkpt>
    <trkpt lat="42.989132" lon="-78.131383"></trkpt>
    <trkpt lat="42.989302" lon="-78.132253"></trkpt>
    <trkpt lat="42.989525" lon="-78.133393"></trkpt>
    <trkpt lat="42.989532" lon="-78.133427"></trkpt>
    <trkpt lat="42.989564" lon="-78.133593"></trkpt>
    <trkpt lat="42.989848" lon="-78.135058"></trkpt>
    <trkpt lat="42.990138" lon="-78.136542"></trkpt>
    <trkpt lat="42.99018" lon="-78.136755"></trkpt>
    <trkpt lat="42.9902" lon="-78.136858"></trkpt>
    <trkpt lat="42.990965" lon="-78.140837"></trkpt>
    <trkpt lat="42.990989" lon="-78.140964"></trkpt>
    <trkpt lat="42.99103" lon="-78.141175"></trkpt>
    <trkpt lat="42.991081" lon="-78.141444"></trkpt>
    <trkpt lat="42.991191" lon="-78.142013"></trkpt>
    <trkpt lat="42.991475" lon="-78.143492"></trkpt>
    <trkpt lat="42.991535" lon="-78.143809"></trkpt>
    <trkpt lat="42.991636" lon="-78.14434"></trkpt>
    <trkpt lat="42.991727" lon="-78.144818"></trkpt>
    <trkpt lat="42.991802" lon="-78.145215"></trkpt>
    <trkpt lat="42.99195" lon="-78.145996"></trkpt>
    <trkpt lat="42.992187" lon="-78.147215"></trkpt>
    <trkpt lat="42.992279" lon="-78.147688"></trkpt>
    <trkpt lat="42.992358" lon="-78.148096"></trkpt>
    <trkpt lat="42.992367" lon="-78.148147"></trkpt>
    <trkpt lat="42.992526" lon="-78.148971"></trkpt>
    <trkpt lat="42.992653" lon="-78.149652"></trkpt>
    <trkpt lat="42.992678" lon="-78.149783"></trkpt>
    <trkpt lat="42.992899" lon="-78.150907"></trkpt>
    <trkpt lat="42.993174" lon="-78.152528"></trkpt>
    <trkpt lat="42.993304" lon="-78.153291"></trkpt>
    <trkpt lat="42.993437" lon="-78.154039"></trkpt>
    <trkpt lat="42.993507" lon="-78.154483"></trkpt>
    <trkpt lat="42.993587" lon="-78.154986"></trkpt>
    <trkpt lat="42.993599" lon="-78.155061"></trkpt>
    <trkpt lat="42.99365" lon="-78.155383"></trkpt>
    <trkpt lat="42.993657" lon="-78.15543"></trkpt>
    <trkpt lat="42.993707" lon="-78.15579"></trkpt>
    <trkpt lat="42.993743" lon="-78.15604"></trkpt>
    <trkpt lat="42.993783" lon="-78.156328"></trkpt>
    <trkpt lat="42.993922" lon="-78.15732"></trkpt>
    <trkpt lat="42.993953" lon="-78.157539"></trkpt>
    <trkpt lat="42.993995" lon="-78.157842"></trkpt>
    <trkpt lat="42.99401" lon="-78.157945"></trkpt>
    <trkpt lat="42.994039" lon="-78.158158"></trkpt>
    <trkpt lat="42.994073" lon="-78.158399"></trkpt>
    <trkpt lat="42.994097" lon="-78.158571"></trkpt>
    <trkpt lat="42.994112" lon="-78.158676"></trkpt>
    <trkpt lat="42.994146" lon="-78.15892"></trkpt>
    <trkpt lat="42.994202" lon="-78.159319"></trkpt>
    <trkpt lat="42.994224" lon="-78.159475"></trkpt>
    <trkpt lat="42.994277" lon="-78.159859"></trkpt>
    <trkpt lat="42.994282" lon="-78.159892"></trkpt>
    <trkpt lat="42.994369" lon="-78.16047"></trkpt>
    <trkpt lat="42.994478" lon="-78.161186"></trkpt>
    <trkpt lat="42.994705" lon="-78.16269"></trkpt>
    <trkpt lat="42.994726" lon="-78.162838"></trkpt>
    <trkpt lat="42.994766" lon="-78.163113"></trkpt>
    <trkpt lat="42.994878" lon="-78.163819"></trkpt>
    <trkpt lat="42.99495" lon="-78.164295"></trkpt>
    <trkpt lat="42.995043" lon="-78.164957"></trkpt>
    <trkpt lat="42.99514" lon="-78.165653"></trkpt>
    <trkpt lat="42.99518" lon="-78.165905"></trkpt>
    <trkpt lat="42.995183" lon="-78.165926"></trkpt>
    <trkpt lat="42.99521" lon="-78.166119"></trkpt>
    <trkpt lat="42.995245" lon="-78.166365"></trkpt>
    <trkpt lat="42.99526" lon="-78.166471"></trkpt>
    <trkpt lat="42.995299" lon="-78.166744"></trkpt>
    <trkpt lat="42.995435" lon="-78.167706"></trkpt>
    <trkpt lat="42.995441" lon="-78.167744"></trkpt>
    <trkpt lat="42.995472" lon="-78.167963"></trkpt>
    <trkpt lat="42.995492" lon="-78.168104"></trkpt>
    <trkpt lat="42.995532" lon="-78.168389"></trkpt>
    <trkpt lat="42.995563" lon="-78.168609"></trkpt>
    <trkpt lat="42.995633" lon="-78.169098"></trkpt>
    <trkpt lat="42.995719" lon="-78.169704"></trkpt>
    <trkpt lat="42.995762" lon="-78.17001"></trkpt>
    <trkpt lat="42.995812" lon="-78.17036"></trkpt>
    <trkpt lat="42.995833" lon="-78.17051"></trkpt>
    <trkpt lat="42.995879" lon="-78.170835"></trkpt>
    <trkpt lat="42.995921" lon="-78.171131"></trkpt>
    <trkpt lat="42.995995" lon="-78.171653"></trkpt>
    <trkpt lat="42.996126" lon="-78.172638"></trkpt>
    <trkpt lat="42.996142" lon="-78.172759"></trkpt>
    <trkpt lat="42.99618" lon="-78.173044"></trkpt>
    <trkpt lat="42.996216" lon="-78.173311"></trkpt>
    <trkpt lat="42.996254" lon="-78.173613"></trkpt>
    <trkpt lat="42.996334" lon="-78.174237"></trkpt>
    <trkpt lat="42.996446" lon="-78.175098"></trkpt>
    <trkpt lat="42.996449" lon="-78.175122"></trkpt>
    <trkpt lat="42.996455" lon="-78.175165"></trkpt>
    <trkpt lat="42.996529" lon="-78.175728"></trkpt>
    <trkpt lat="42.996593" lon="-78.17616"></trkpt>
    <trkpt lat="42.996682" lon="-78.176827"></trkpt>
    <trkpt lat="42.996861" lon="-78.178146"></trkpt>
    <trkpt lat="42.996941" lon="-78.178741"></trkpt>
    <trkpt lat="42.996959" lon="-78.178871"></trkpt>
    <trkpt lat="42.997025" lon="-78.179361"></trkpt>
    <trkpt lat="42.997153" lon="-78.18035"></trkpt>
    <trkpt lat="42.997185" lon="-78.180574"></trkpt>
    <trkpt lat="42.997266" lon="-78.181146"></trkpt>
    <trkpt lat="42.997379" lon="-78.181938"></trkpt>
    <trkpt lat="42.997535" lon="-78.183212"></trkpt>
    <trkpt lat="42.997841" lon="-78.185461"></trkpt>
    <trkpt lat="42.997861" lon="-78.185631"></trkpt>
    <trkpt lat="42.997935" lon="-78.186271"></trkpt>
    <trkpt lat="42.998011" lon="-78.186928"></trkpt>
    <trkpt lat="42.998017" lon="-78.186964"></trkpt>
    <trkpt lat="42.998063" lon="-78.187259"></trkpt>
    <trkpt lat="42.9981" lon="-78.187458"></trkpt>
    <trkpt lat="42.998142" lon="-78.187666"></trkpt>
    <trkpt lat="42.998149" lon="-78.187686"></trkpt>
    <trkpt lat="42.998167" lon="-78.187741"></trkpt>
    <trkpt lat="42.998263" lon="-78.187986"></trkpt>
    <trkpt lat="42.998321" lon="-78.188135"></trkpt>
    <trkpt lat="42.998359" lon="-78.188221"></trkpt>
    <trkpt lat="42.998499" lon="-78.188532"></trkpt>
    <trkpt lat="42.998834" lon="-78.18927"></trkpt>
    <trkpt lat="42.998867" lon="-78.189345"></trkpt>
    <trkpt lat="42.99889" lon="-78.189404"></trkpt>
    <trkpt lat="42.999202" lon="-78.190114"></trkpt>
    <trkpt lat="42.999279" lon="-78.190196"></trkpt>
    <trkpt lat="42.999532" lon="-78.190757"></trkpt>
    <trkpt lat="42.999552" lon="-78.190801"></trkpt>
    <trkpt lat="42.99963" lon="-78.19097"></trkpt>
    <trkpt lat="42.999856" lon="-78.191457"></trkpt>
    <trkpt lat="42.999918" lon="-78.191602"></trkpt>
    <trkpt lat="43.000034" lon="-78.191858"></trkpt>
    <trkpt lat="43.000114" lon="-78.192114"></trkpt>
    <trkpt lat="43.000625" lon="-78.1933"></trkpt>
    <trkpt lat="43.000863" lon="-78.193851"></trkpt>
    <trkpt lat="43.001154" lon="-78.194483"></trkpt>
    <trkpt lat="43.001296" lon="-78.19478"></trkpt>
    <trkpt lat="43.001401" lon="-78.19502"></trkpt>
    <trkpt lat="43.001532" lon="-78.195291"></trkpt>
    <trkpt lat="43.001547" lon="-78.195324"></trkpt>
    <trkpt lat="43.001696" lon="-78.195662"></trkpt>
    <trkpt lat="43.001831" lon="-78.195967"></trkpt>
    <trkpt lat="43.001888" lon="-78.196097"></trkpt>
    <trkpt lat="43.001951" lon="-78.196239"></trkpt>
    <trkpt lat="43.002209" lon="-78.19682"></trkpt>
    <trkpt lat="43.002377" lon="-78.197186"></trkpt>
    <trkpt lat="43.002505" lon="-78.197466"></trkpt>
    <trkpt lat="43.002641" lon="-78.197761"></trkpt>
    <trkpt lat="43.002821" lon="-78.19816"></trkpt>
    <trkpt lat="43.003043" lon="-78.198653"></trkpt>
    <trkpt lat="43.003253" lon="-78.19912"></trkpt>
    <trkpt lat="43.003382" lon="-78.199408"></trkpt>
    <trkpt lat="43.003559" lon="-78.199788"></trkpt>
    <trkpt lat="43.003934" lon="-78.200596"></trkpt>
    <trkpt lat="43.003984" lon="-78.200712"></trkpt>
    <trkpt lat="43.004073" lon="-78.200916"></trkpt>
    <trkpt lat="43.00431" lon="-78.201472"></trkpt>
    <trkpt lat="43.004384" lon="-78.201651"></trkpt>
    <trkpt lat="43.00464" lon="-78.202198"></trkpt>
    <trkpt lat="43.004754" lon="-78.202464"></trkpt>
    <trkpt lat="43.004803" lon="-78.202608"></trkpt>
    <trkpt lat="43.004848" lon="-78.202743"></trkpt>
    <trkpt lat="43.00481" lon="-78.202772"></trkpt>
    <trkpt lat="43.004753" lon="-78.202817"></trkpt>
    <trkpt lat="43.004628" lon="-78.202915"></trkpt>
    <trkpt lat="43.004336" lon="-78.203143"></trkpt>
    <trkpt lat="43.004325" lon="-78.203152"></trkpt>
    <trkpt lat="43.004201" lon="-78.203249"></trkpt>
    <trkpt lat="43.003843" lon="-78.203553"></trkpt>
    <trkpt lat="43.002885" lon="-78.204325"></trkpt>
    <trkpt lat="43.001673" lon="-78.205323"></trkpt>
    <trkpt lat="43.002015" lon="-78.206819"></trkpt>
    <trkpt lat="43.002213" lon="-78.207674"></trkpt>
    <trkpt lat="43.002356" lon="-78.208264"></trkpt>
    <trkpt lat="43.002408" lon="-78.208477"></trkpt>
    <trkpt lat="43.002423" lon="-78.208541"></trkpt>
    <trkpt lat="43.002521" lon="-78.209083"></trkpt>
    <trkpt lat="43.00254" lon="-78.209219"></trkpt>
    <trkpt lat="43.002698" lon="-78.210372"></trkpt>
    <trkpt lat="43.002834" lon="-78.211408"></trkpt>
    <trkpt lat="43.002532" lon="-78.211485"></trkpt>
    <trkpt lat="43.00222" lon="-78.211563"></trkpt>
    <trkpt lat="43.002161" lon="-78.211594"></trkpt>
    <trkpt lat="43.002109" lon="-78.211666"></trkpt>
    <trkpt lat="43.002085" lon="-78.211737"></trkpt>
    <trkpt lat="43.002036" lon="-78.212378"></trkpt>
    <trkpt lat="43.002059" lon="-78.212497"></trkpt>
    <trkpt lat="43.002411" lon="-78.212503"></trkpt>
    <trkpt lat="43.002912" lon="-78.212496"></trkpt>
    <trkpt lat="43.002914" lon="-78.212372"></trkpt>
    <trkpt lat="43.002904" lon="-78.212125"></trkpt>
    <trkpt lat="43.002859" lon="-78.211595"></trkpt>
    <trkpt lat="43.002834" lon="-78.211408"></trkpt>
    <trkpt lat="43.002698" lon="-78.210372"></trkpt>
    <trkpt lat="43.00254" lon="-78.209219"></trkpt>
    <trkpt lat="43.002521" lon="-78.209083"></trkpt>
    <trkpt lat="43.002423" lon="-78.208541"></trkpt>
    <trkpt lat="43.002356" lon="-78.208264"></trkpt>
    <trkpt lat="43.002213" lon="-78.207674"></trkpt>
    <trkpt lat="43.002015" lon="-78.206819"></trkpt>
    <trkpt lat="43.001673" lon="-78.205323"></trkpt>
    <trkpt lat="43.002885" lon="-78.204325"></trkpt>
    <trkpt lat="43.003843" lon="-78.203553"></trkpt>
    <trkpt lat="43.004201" lon="-78.203249"></trkpt>
    <trkpt lat="43.004325" lon="-78.203152"></trkpt>
    <trkpt lat="43.004336" lon="-78.203143"></trkpt>
    <trkpt lat="43.004628" lon="-78.202915"></trkpt>
    <trkpt lat="43.004753" lon="-78.202817"></trkpt>
    <trkpt lat="43.00481" lon="-78.202772"></trkpt>
    <trkpt lat="43.004848" lon="-78.202743"></trkpt>
    <trkpt lat="43.004987" lon="-78.203179"></trkpt>
    <trkpt lat="43.00506" lon="-78.203421"></trkpt>
    <trkpt lat="43.005164" lon="-78.203813"></trkpt>
    <trkpt lat="43.005208" lon="-78.203961"></trkpt>
    <trkpt lat="43.005239" lon="-78.204074"></trkpt>
    <trkpt lat="43.005297" lon="-78.204282"></trkpt>
    <trkpt lat="43.005352" lon="-78.204473"></trkpt>
    <trkpt lat="43.005407" lon="-78.204672"></trkpt>
    <trkpt lat="43.005436" lon="-78.204771"></trkpt>
    <trkpt lat="43.00548" lon="-78.204927"></trkpt>
    <trkpt lat="43.005563" lon="-78.20522"></trkpt>
    <trkpt lat="43.005636" lon="-78.20548"></trkpt>
    <trkpt lat="43.005672" lon="-78.205604"></trkpt>
    <trkpt lat="43.005721" lon="-78.205824"></trkpt>
    <trkpt lat="43.005732" lon="-78.205888"></trkpt>
    <trkpt lat="43.005759" lon="-78.206044"></trkpt>
    <trkpt lat="43.005812" lon="-78.206354"></trkpt>
    <trkpt lat="43.005822" lon="-78.206469"></trkpt>
    <trkpt lat="43.005838" lon="-78.20665"></trkpt>
    <trkpt lat="43.005844" lon="-78.20673"></trkpt>
    <trkpt lat="43.005857" lon="-78.206877"></trkpt>
    <trkpt lat="43.00586" lon="-78.206911"></trkpt>
    <trkpt lat="43.005862" lon="-78.206939"></trkpt>
    <trkpt lat="43.005866" lon="-78.206993"></trkpt>
    <trkpt lat="43.005895" lon="-78.207394"></trkpt>
    <trkpt lat="43.005903" lon="-78.207479"></trkpt>
    <trkpt lat="43.005906" lon="-78.207546"></trkpt>
    <trkpt lat="43.005954" lon="-78.208194"></trkpt>
    <trkpt lat="43.00596" lon="-78.208236"></trkpt>
    <trkpt lat="43.005974" lon="-78.208426"></trkpt>
    <trkpt lat="43.006" lon="-78.208777"></trkpt>
    <trkpt lat="43.006023" lon="-78.209104"></trkpt>
    <trkpt lat="43.006048" lon="-78.209441"></trkpt>
    <trkpt lat="43.006067" lon="-78.209701"></trkpt>
    <trkpt lat="43.006077" lon="-78.209843"></trkpt>
    <trkpt lat="43.006098" lon="-78.210128"></trkpt>
    <trkpt lat="43.006107" lon="-78.210253"></trkpt>
    <trkpt lat="43.006136" lon="-78.210653"></trkpt>
    <trkpt lat="43.006209" lon="-78.211778"></trkpt>
    <trkpt lat="43.006236" lon="-78.212209"></trkpt>
    <trkpt lat="43.006277" lon="-78.212746"></trkpt>
    <trkpt lat="43.00631" lon="-78.213183"></trkpt>
    <trkpt lat="43.006353" lon="-78.213767"></trkpt>
    <trkpt lat="43.006366" lon="-78.213935"></trkpt>
    <trkpt lat="43.006385" lon="-78.2142"></trkpt>
    <trkpt lat="43.0064" lon="-78.214363"></trkpt>
    <trkpt lat="43.006419" lon="-78.214652"></trkpt>
    <trkpt lat="43.006439" lon="-78.214919"></trkpt>
    <trkpt lat="43.006508" lon="-78.215845"></trkpt>
    <trkpt lat="43.006521" lon="-78.216021"></trkpt>
    <trkpt lat="43.00653" lon="-78.216137"></trkpt>
    <trkpt lat="43.006539" lon="-78.216223"></trkpt>
    <trkpt lat="43.00656" lon="-78.21653"></trkpt>
    <trkpt lat="43.006581" lon="-78.216811"></trkpt>
    <trkpt lat="43.006742" lon="-78.218917"></trkpt>
    <trkpt lat="43.006786" lon="-78.219501"></trkpt>
    <trkpt lat="43.006896" lon="-78.220948"></trkpt>
    <trkpt lat="43.006959" lon="-78.2218"></trkpt>
    <trkpt lat="43.006995" lon="-78.222281"></trkpt>
    <trkpt lat="43.006877" lon="-78.222294"></trkpt>
    <trkpt lat="43.006877" lon="-78.222294"></trkpt>
    <trkpt lat="43.006905" lon="-78.22275"></trkpt>
    <trkpt lat="43.007029" lon="-78.222736"></trkpt>
    <trkpt lat="43.007036" lon="-78.222815"></trkpt>
    <trkpt lat="43.007049" lon="-78.22296"></trkpt>
    <trkpt lat="43.007069" lon="-78.22333"></trkpt>
    <trkpt lat="43.00708" lon="-78.223478"></trkpt>
    <trkpt lat="43.007155" lon="-78.224429"></trkpt>
    <trkpt lat="43.007165" lon="-78.224564"></trkpt>
    <trkpt lat="43.007176" lon="-78.224698"></trkpt>
    <trkpt lat="43.007225" lon="-78.225327"></trkpt>
    <trkpt lat="43.007256" lon="-78.225735"></trkpt>
    <trkpt lat="43.007266" lon="-78.225855"></trkpt>
    <trkpt lat="43.007332" lon="-78.226705"></trkpt>
    <trkpt lat="43.007338" lon="-78.226782"></trkpt>
    <trkpt lat="43.007363" lon="-78.22711"></trkpt>
    <trkpt lat="43.007375" lon="-78.227276"></trkpt>
    <trkpt lat="43.007392" lon="-78.227504"></trkpt>
    <trkpt lat="43.007433" lon="-78.228065"></trkpt>
    <trkpt lat="43.007449" lon="-78.228303"></trkpt>
    <trkpt lat="43.007462" lon="-78.2285"></trkpt>
    <trkpt lat="43.007479" lon="-78.228966"></trkpt>
    <trkpt lat="43.0075" lon="-78.229567"></trkpt>
    <trkpt lat="43.007503" lon="-78.229639"></trkpt>
    <trkpt lat="43.007495" lon="-78.229839"></trkpt>
    <trkpt lat="43.007486" lon="-78.230111"></trkpt>
    <trkpt lat="43.007481" lon="-78.23026"></trkpt>
    <trkpt lat="43.007466" lon="-78.230733"></trkpt>
    <trkpt lat="43.007455" lon="-78.230894"></trkpt>
    <trkpt lat="43.007448" lon="-78.230986"></trkpt>
    <trkpt lat="43.007391" lon="-78.231702"></trkpt>
    <trkpt lat="43.00736" lon="-78.232112"></trkpt>
    <trkpt lat="43.007337" lon="-78.232379"></trkpt>
    <trkpt lat="43.007316" lon="-78.232627"></trkpt>
    <trkpt lat="43.007284" lon="-78.233021"></trkpt>
    <trkpt lat="43.007266" lon="-78.233268"></trkpt>
    <trkpt lat="43.007169" lon="-78.234479"></trkpt>
    <trkpt lat="43.007403" lon="-78.234511"></trkpt>
    <trkpt lat="43.007498" lon="-78.234497"></trkpt>
    <trkpt lat="43.007561" lon="-78.234471"></trkpt>
    <trkpt lat="43.007603" lon="-78.234435"></trkpt>
    <trkpt lat="43.007686" lon="-78.234345"></trkpt>
    <trkpt lat="43.007741" lon="-78.234314"></trkpt>
    <trkpt lat="43.007801" lon="-78.234298"></trkpt>
    <trkpt lat="43.007879" lon="-78.234302"></trkpt>
    <trkpt lat="43.00811" lon="-78.234336"></trkpt>
    <trkpt lat="43.008138" lon="-78.234341"></trkpt>
    <trkpt lat="43.00809" lon="-78.234959"></trkpt>
    <trkpt lat="43.008092" lon="-78.234988"></trkpt>
    <trkpt lat="43.008096" lon="-78.235046"></trkpt>
    <trkpt lat="43.008124" lon="-78.235114"></trkpt>
    <trkpt lat="43.00818" lon="-78.23514"></trkpt>
    <trkpt lat="43.008475" lon="-78.235185"></trkpt>
    <trkpt lat="43.008534" lon="-78.234397"></trkpt>
    <trkpt lat="43.008138" lon="-78.234341"></trkpt>
    <trkpt lat="43.00811" lon="-78.234336"></trkpt>
    <trkpt lat="43.007879" lon="-78.234302"></trkpt>
    <trkpt lat="43.007801" lon="-78.234298"></trkpt>
    <trkpt lat="43.007741" lon="-78.234314"></trkpt>
    <trkpt lat="43.007686" lon="-78.234345"></trkpt>
    <trkpt lat="43.007603" lon="-78.234435"></trkpt>
    <trkpt lat="43.007561" lon="-78.234471"></trkpt>
    <trkpt lat="43.007498" lon="-78.234497"></trkpt>
    <trkpt lat="43.007403" lon="-78.234511"></trkpt>
    <trkpt lat="43.007169" lon="-78.234479"></trkpt>
    <trkpt lat="43.007149" lon="-78.234728"></trkpt>
    <trkpt lat="43.00706" lon="-78.235805"></trkpt>
    <trkpt lat="43.00703" lon="-78.236175"></trkpt>
    <trkpt lat="43.006999" lon="-78.23655"></trkpt>
    <trkpt lat="43.006942" lon="-78.237239"></trkpt>
    <trkpt lat="43.006927" lon="-78.237427"></trkpt>
    <trkpt lat="43.006922" lon="-78.237485"></trkpt>
    <trkpt lat="43.006794" lon="-78.239042"></trkpt>
    <trkpt lat="43.006748" lon="-78.239589"></trkpt>
    <trkpt lat="43.006693" lon="-78.240236"></trkpt>
    <trkpt lat="43.006598" lon="-78.241369"></trkpt>
    <trkpt lat="43.006532" lon="-78.242143"></trkpt>
    <trkpt lat="43.006525" lon="-78.242229"></trkpt>
    <trkpt lat="43.006474" lon="-78.24286"></trkpt>
    <trkpt lat="43.00643" lon="-78.243393"></trkpt>
    <trkpt lat="43.006396" lon="-78.243813"></trkpt>
    <trkpt lat="43.006255" lon="-78.245543"></trkpt>
    <trkpt lat="43.006192" lon="-78.246126"></trkpt>
    <trkpt lat="43.006093" lon="-78.246855"></trkpt>
    <trkpt lat="43.006" lon="-78.247393"></trkpt>
    <trkpt lat="43.005908" lon="-78.247895"></trkpt>
    <trkpt lat="43.005779" lon="-78.24846"></trkpt>
    <trkpt lat="43.005584" lon="-78.2492"></trkpt>
    <trkpt lat="43.005428" lon="-78.249712"></trkpt>
    <trkpt lat="43.005243" lon="-78.250264"></trkpt>
    <trkpt lat="43.004959" lon="-78.251061"></trkpt>
    <trkpt lat="43.004876" lon="-78.251293"></trkpt>
    <trkpt lat="43.004626" lon="-78.251898"></trkpt>
    <trkpt lat="43.004345" lon="-78.252576"></trkpt>
    <trkpt lat="43.004268" lon="-78.25276"></trkpt>
    <trkpt lat="43.004202" lon="-78.252917"></trkpt>
    <trkpt lat="43.002649" lon="-78.256607"></trkpt>
    <trkpt lat="43.00205" lon="-78.258131"></trkpt>
    <trkpt lat="43.001851" lon="-78.258649"></trkpt>
    <trkpt lat="43.001599" lon="-78.259392"></trkpt>
    <trkpt lat="43.001427" lon="-78.259881"></trkpt>
    <trkpt lat="43.001188" lon="-78.260543"></trkpt>
    <trkpt lat="43.001068" lon="-78.261005"></trkpt>
    <trkpt lat="43.000953" lon="-78.261563"></trkpt>
    <trkpt lat="43.000931" lon="-78.261682"></trkpt>
    <trkpt lat="43.000928" lon="-78.261696"></trkpt>
    <trkpt lat="43.000291" lon="-78.267014"></trkpt>
    <trkpt lat="43.000231" lon="-78.267518"></trkpt>
    <trkpt lat="43.000107" lon="-78.268551"></trkpt>
    <trkpt lat="42.999943" lon="-78.269997"></trkpt>
    <trkpt lat="42.999899" lon="-78.27039"></trkpt>
    <trkpt lat="42.99953" lon="-78.273475"></trkpt>
    <trkpt lat="42.999195" lon="-78.276357"></trkpt>
    <trkpt lat="42.99915" lon="-78.276743"></trkpt>
    <trkpt lat="42.9991" lon="-78.277175"></trkpt>
    <trkpt lat="42.999055" lon="-78.277564"></trkpt>
    <trkpt lat="42.998941" lon="-78.278539"></trkpt>
    <trkpt lat="42.998912" lon="-78.278791"></trkpt>
    <trkpt lat="42.998862" lon="-78.27922"></trkpt>
    <trkpt lat="42.998776" lon="-78.279927"></trkpt>
    <trkpt lat="42.998517" lon="-78.28207"></trkpt>
    <trkpt lat="42.998513" lon="-78.282103"></trkpt>
    <trkpt lat="42.998387" lon="-78.283145"></trkpt>
    <trkpt lat="42.998291" lon="-78.283942"></trkpt>
    <trkpt lat="42.998241" lon="-78.284382"></trkpt>
    <trkpt lat="42.998133" lon="-78.285332"></trkpt>
    <trkpt lat="42.998084" lon="-78.285909"></trkpt>
    <trkpt lat="42.998065" lon="-78.286303"></trkpt>
    <trkpt lat="42.998032" lon="-78.287016"></trkpt>
    <trkpt lat="42.997993" lon="-78.288401"></trkpt>
    <trkpt lat="42.997946" lon="-78.2901"></trkpt>
    <trkpt lat="42.99793" lon="-78.290669"></trkpt>
    <trkpt lat="42.997908" lon="-78.291534"></trkpt>
    <trkpt lat="42.997881" lon="-78.2922"></trkpt>
    <trkpt lat="42.997841" lon="-78.29264"></trkpt>
    <trkpt lat="42.997808" lon="-78.292924"></trkpt>
    <trkpt lat="42.997679" lon="-78.293625"></trkpt>
    <trkpt lat="42.997567" lon="-78.294176"></trkpt>
    <trkpt lat="42.997468" lon="-78.294598"></trkpt>
    <trkpt lat="42.997437" lon="-78.294769"></trkpt>
    <trkpt lat="42.997377" lon="-78.295116"></trkpt>
    <trkpt lat="42.99731" lon="-78.295571"></trkpt>
    <trkpt lat="42.997301" lon="-78.295657"></trkpt>
    <trkpt lat="42.997258" lon="-78.296084"></trkpt>
    <trkpt lat="42.997086" lon="-78.298392"></trkpt>
    <trkpt lat="42.997074" lon="-78.298543"></trkpt>
    <trkpt lat="42.997011" lon="-78.299346"></trkpt>
    <trkpt lat="42.996944" lon="-78.299995"></trkpt>
    <trkpt lat="42.996869" lon="-78.300554"></trkpt>
    <trkpt lat="42.996803" lon="-78.301041"></trkpt>
    <trkpt lat="42.996684" lon="-78.301815"></trkpt>
    <trkpt lat="42.996585" lon="-78.302462"></trkpt>
    <trkpt lat="42.99652" lon="-78.302887"></trkpt>
    <trkpt lat="42.996291" lon="-78.304377"></trkpt>
    <trkpt lat="42.99599" lon="-78.306375"></trkpt>
    <trkpt lat="42.995786" lon="-78.307717"></trkpt>
    <trkpt lat="42.995639" lon="-78.308676"></trkpt>
    <trkpt lat="42.995574" lon="-78.309175"></trkpt>
    <trkpt lat="42.995532" lon="-78.309559"></trkpt>
    <trkpt lat="42.995519" lon="-78.309864"></trkpt>
    <trkpt lat="42.995516" lon="-78.309993"></trkpt>
    <trkpt lat="42.995518" lon="-78.310186"></trkpt>
    <trkpt lat="42.99556" lon="-78.310726"></trkpt>
    <trkpt lat="42.995822" lon="-78.312544"></trkpt>
    <trkpt lat="42.996005" lon="-78.313773"></trkpt>
    <trkpt lat="42.996164" lon="-78.314728"></trkpt>
    <trkpt lat="42.996254" lon="-78.315175"></trkpt>
    <trkpt lat="42.99636" lon="-78.315615"></trkpt>
    <trkpt lat="42.996422" lon="-78.315885"></trkpt>
    <trkpt lat="42.996596" lon="-78.316719"></trkpt>
    <trkpt lat="42.996683" lon="-78.31713"></trkpt>
    <trkpt lat="42.996685" lon="-78.317145"></trkpt>
    <trkpt lat="42.996715" lon="-78.317342"></trkpt>
    <trkpt lat="42.996731" lon="-78.317447"></trkpt>
    <trkpt lat="42.99677" lon="-78.317709"></trkpt>
    <trkpt lat="42.996822" lon="-78.318054"></trkpt>
    <trkpt lat="42.99689" lon="-78.318668"></trkpt>
    <trkpt lat="42.997007" lon="-78.320832"></trkpt>
    <trkpt lat="42.997036" lon="-78.321439"></trkpt>
    <trkpt lat="42.997051" lon="-78.321747"></trkpt>
    <trkpt lat="42.997174" lon="-78.324284"></trkpt>
    <trkpt lat="42.997226" lon="-78.325347"></trkpt>
    <trkpt lat="42.997264" lon="-78.325975"></trkpt>
    <trkpt lat="42.997301" lon="-78.326585"></trkpt>
    <trkpt lat="42.997356" lon="-78.327492"></trkpt>
    <trkpt lat="42.997467" lon="-78.329528"></trkpt>
    <trkpt lat="42.997476" lon="-78.329684"></trkpt>
    <trkpt lat="42.997632" lon="-78.33272"></trkpt>
    <trkpt lat="42.997701" lon="-78.33397"></trkpt>
    <trkpt lat="42.997715" lon="-78.334217"></trkpt>
    <trkpt lat="42.997728" lon="-78.334464"></trkpt>
    <trkpt lat="42.997786" lon="-78.33551"></trkpt>
    <trkpt lat="42.997795" lon="-78.335673"></trkpt>
    <trkpt lat="42.997843" lon="-78.336542"></trkpt>
    <trkpt lat="42.997891" lon="-78.337402"></trkpt>
    <trkpt lat="42.997973" lon="-78.338887"></trkpt>
    <trkpt lat="42.997979" lon="-78.339008"></trkpt>
    <trkpt lat="42.997993" lon="-78.339311"></trkpt>
    <trkpt lat="42.998026" lon="-78.339996"></trkpt>
    <trkpt lat="42.998031" lon="-78.340501"></trkpt>
    <trkpt lat="42.998027" lon="-78.340863"></trkpt>
    <trkpt lat="42.998022" lon="-78.341339"></trkpt>
    <trkpt lat="42.998021" lon="-78.341408"></trkpt>
    <trkpt lat="42.99802" lon="-78.341437"></trkpt>
    <trkpt lat="42.997996" lon="-78.342149"></trkpt>
    <trkpt lat="42.997991" lon="-78.342283"></trkpt>
    <trkpt lat="42.997934" lon="-78.343231"></trkpt>
    <trkpt lat="42.997853" lon="-78.344517"></trkpt>
    <trkpt lat="42.997852" lon="-78.344531"></trkpt>
    <trkpt lat="42.997797" lon="-78.345253"></trkpt>
    <trkpt lat="42.997752" lon="-78.34585"></trkpt>
    <trkpt lat="42.997749" lon="-78.345906"></trkpt>
    <trkpt lat="42.99772" lon="-78.346382"></trkpt>
    <trkpt lat="42.99765" lon="-78.347219"></trkpt>
    <trkpt lat="42.997596" lon="-78.347802"></trkpt>
    <trkpt lat="42.997371" lon="-78.350202"></trkpt>
    <trkpt lat="42.997082" lon="-78.353175"></trkpt>
    <trkpt lat="42.99706" lon="-78.35346"></trkpt>
    <trkpt lat="42.99705" lon="-78.353581"></trkpt>
    <trkpt lat="42.997037" lon="-78.353716"></trkpt>
    <trkpt lat="42.996856" lon="-78.355572"></trkpt>
    <trkpt lat="42.996806" lon="-78.356083"></trkpt>
    <trkpt lat="42.996774" lon="-78.356453"></trkpt>
    <trkpt lat="42.996661" lon="-78.357756"></trkpt>
    <trkpt lat="42.996514" lon="-78.359663"></trkpt>
    <trkpt lat="42.996395" lon="-78.361011"></trkpt>
    <trkpt lat="42.996363" lon="-78.361371"></trkpt>
    <trkpt lat="42.996346" lon="-78.361541"></trkpt>
    <trkpt lat="42.996316" lon="-78.361854"></trkpt>
    <trkpt lat="42.99614" lon="-78.363676"></trkpt>
    <trkpt lat="42.995951" lon="-78.365579"></trkpt>
    <trkpt lat="42.995561" lon="-78.369381"></trkpt>
    <trkpt lat="42.995416" lon="-78.370859"></trkpt>
    <trkpt lat="42.995311" lon="-78.371847"></trkpt>
    <trkpt lat="42.995173" lon="-78.373015"></trkpt>
    <trkpt lat="42.99509" lon="-78.373721"></trkpt>
    <trkpt lat="42.994974" lon="-78.374708"></trkpt>
    <trkpt lat="42.994943" lon="-78.374969"></trkpt>
    <trkpt lat="42.994938" lon="-78.375015"></trkpt>
    <trkpt lat="42.994849" lon="-78.375763"></trkpt>
    <trkpt lat="42.994623" lon="-78.377686"></trkpt>
    <trkpt lat="42.994555" lon="-78.378233"></trkpt>
    <trkpt lat="42.994158" lon="-78.381417"></trkpt>
    <trkpt lat="42.994092" lon="-78.381953"></trkpt>
    <trkpt lat="42.993925" lon="-78.383365"></trkpt>
    <trkpt lat="42.993499" lon="-78.386725"></trkpt>
    <trkpt lat="42.993419" lon="-78.387355"></trkpt>
    <trkpt lat="42.993402" lon="-78.387638"></trkpt>
    <trkpt lat="42.9934" lon="-78.387781"></trkpt>
    <trkpt lat="42.993399" lon="-78.38784"></trkpt>
    <trkpt lat="42.993387" lon="-78.388273"></trkpt>
    <trkpt lat="42.993367" lon="-78.38898"></trkpt>
    <trkpt lat="42.993358" lon="-78.389642"></trkpt>
    <trkpt lat="42.993354" lon="-78.389962"></trkpt>
    <trkpt lat="42.993333" lon="-78.391639"></trkpt>
    <trkpt lat="42.993331" lon="-78.391765"></trkpt>
    <trkpt lat="42.993315" lon="-78.392182"></trkpt>
    <trkpt lat="42.993299" lon="-78.392619"></trkpt>
    <trkpt lat="42.993232" lon="-78.394382"></trkpt>
    <trkpt lat="42.992874" lon="-78.39436"></trkpt>
    <trkpt lat="42.992821" lon="-78.394368"></trkpt>
    <trkpt lat="42.992638" lon="-78.394428"></trkpt>
    <trkpt lat="42.99096" lon="-78.394406"></trkpt>
    <trkpt lat="42.990781" lon="-78.394373"></trkpt>
    <trkpt lat="42.990712" lon="-78.394331"></trkpt>
    <trkpt lat="42.990612" lon="-78.394243"></trkpt>
    <trkpt lat="42.990018" lon="-78.393428"></trkpt>
    <trkpt lat="42.989751" lon="-78.393088"></trkpt>
    <trkpt lat="42.989742" lon="-78.393063"></trkpt>
    <trkpt lat="42.989742" lon="-78.392977"></trkpt>
    <trkpt lat="42.990083" lon="-78.392461"></trkpt>
    <trkpt lat="42.989742" lon="-78.392977"></trkpt>
    <trkpt lat="42.989742" lon="-78.392977"></trkpt>
    <trkpt lat="42.989742" lon="-78.393063"></trkpt>
    <trkpt lat="42.989751" lon="-78.393088"></trkpt>
    <trkpt lat="42.990018" lon="-78.393428"></trkpt>
    <trkpt lat="42.990612" lon="-78.394243"></trkpt>
    <trkpt lat="42.990712" lon="-78.394331"></trkpt>
    <trkpt lat="42.990781" lon="-78.394373"></trkpt>
    <trkpt lat="42.99096" lon="-78.394406"></trkpt>
    <trkpt lat="42.992638" lon="-78.394428"></trkpt>
    <trkpt lat="42.992821" lon="-78.394368"></trkpt>
    <trkpt lat="42.992874" lon="-78.39436"></trkpt>
    <trkpt lat="42.993232" lon="-78.394382"></trkpt>
    <trkpt lat="42.993177" lon="-78.395777"></trkpt>
    <trkpt lat="42.993054" lon="-78.399028"></trkpt>
    <trkpt lat="42.993043" lon="-78.399318"></trkpt>
    <trkpt lat="42.993019" lon="-78.400753"></trkpt>
    <trkpt lat="42.993008" lon="-78.402242"></trkpt>
    <trkpt lat="42.993018" lon="-78.402655"></trkpt>
    <trkpt lat="42.993011" lon="-78.403419"></trkpt>
    <trkpt lat="42.99301" lon="-78.404006"></trkpt>
    <trkpt lat="42.99301" lon="-78.404392"></trkpt>
    <trkpt lat="42.993009" lon="-78.404937"></trkpt>
    <trkpt lat="42.993007" lon="-78.405995"></trkpt>
    <trkpt lat="42.992414" lon="-78.406006"></trkpt>
    <trkpt lat="42.992149" lon="-78.406011"></trkpt>
    <trkpt lat="42.991856" lon="-78.406016"></trkpt>
    <trkpt lat="42.991278" lon="-78.406016"></trkpt>
    <trkpt lat="42.990956" lon="-78.406017"></trkpt>
    <trkpt lat="42.988493" lon="-78.406016"></trkpt>
    <trkpt lat="42.987087" lon="-78.406026"></trkpt>
    <trkpt lat="42.98356" lon="-78.406031"></trkpt>
    <trkpt lat="42.983197" lon="-78.406032"></trkpt>
    <trkpt lat="42.982703" lon="-78.406033"></trkpt>
    <trkpt lat="42.982522" lon="-78.406033"></trkpt>
    <trkpt lat="42.981006" lon="-78.406035"></trkpt>
    <trkpt lat="42.979026" lon="-78.406038"></trkpt>
    <trkpt lat="42.978445" lon="-78.406044"></trkpt>
    <trkpt lat="42.978085" lon="-78.406045"></trkpt>
    <trkpt lat="42.975911" lon="-78.406054"></trkpt>
    <trkpt lat="42.973648" lon="-78.406024"></trkpt>
    <trkpt lat="42.971333" lon="-78.406006"></trkpt>
    <trkpt lat="42.971056" lon="-78.405994"></trkpt>
    <trkpt lat="42.97023" lon="-78.405988"></trkpt>
    <trkpt lat="42.969514" lon="-78.405983"></trkpt>
    <trkpt lat="42.968245" lon="-78.405968"></trkpt>
    <trkpt lat="42.967568" lon="-78.40595"></trkpt>
    <trkpt lat="42.966986" lon="-78.405945"></trkpt>
    <trkpt lat="42.966934" lon="-78.405945"></trkpt>
    <trkpt lat="42.966809" lon="-78.405942"></trkpt>
    <trkpt lat="42.96617" lon="-78.405927"></trkpt>
    <trkpt lat="42.965995" lon="-78.405923"></trkpt>
    <trkpt lat="42.965804" lon="-78.405918"></trkpt>
    <trkpt lat="42.9657" lon="-78.405916"></trkpt>
    <trkpt lat="42.965662" lon="-78.405915"></trkpt>
    <trkpt lat="42.965391" lon="-78.405908"></trkpt>
    <trkpt lat="42.965266" lon="-78.405905"></trkpt>
    <trkpt lat="42.965027" lon="-78.405899"></trkpt>
    <trkpt lat="42.964893" lon="-78.405897"></trkpt>
    <trkpt lat="42.96463" lon="-78.405896"></trkpt>
    <trkpt lat="42.962288" lon="-78.405888"></trkpt>
    <trkpt lat="42.962012" lon="-78.405883"></trkpt>
    <trkpt lat="42.961628" lon="-78.405873"></trkpt>
    <trkpt lat="42.96153" lon="-78.405873"></trkpt>
    <trkpt lat="42.961011" lon="-78.405867"></trkpt>
    <trkpt lat="42.960189" lon="-78.405846"></trkpt>
    <trkpt lat="42.960045" lon="-78.405842"></trkpt>
    <trkpt lat="42.960012" lon="-78.40602"></trkpt>
    <trkpt lat="42.95991" lon="-78.406611"></trkpt>
    <trkpt lat="42.959863" lon="-78.406847"></trkpt>
    <trkpt lat="42.959855" lon="-78.406884"></trkpt>
    <trkpt lat="42.95978" lon="-78.407261"></trkpt>
    <trkpt lat="42.959687" lon="-78.407725"></trkpt>
    <trkpt lat="42.95963" lon="-78.408017"></trkpt>
    <trkpt lat="42.959615" lon="-78.408093"></trkpt>
    <trkpt lat="42.959517" lon="-78.408581"></trkpt>
    <trkpt lat="42.959324" lon="-78.409551"></trkpt>
    <trkpt lat="42.959175" lon="-78.410311"></trkpt>
    <trkpt lat="42.959053" lon="-78.410938"></trkpt>
    <trkpt lat="42.959023" lon="-78.411091"></trkpt>
    <trkpt lat="42.95898" lon="-78.411308"></trkpt>
    <trkpt lat="42.95891" lon="-78.411669"></trkpt>
    <trkpt lat="42.958525" lon="-78.413634"></trkpt>
    <trkpt lat="42.958461" lon="-78.413973"></trkpt>
    <trkpt lat="42.958353" lon="-78.414543"></trkpt>
    <trkpt lat="42.958328" lon="-78.414674"></trkpt>
    <trkpt lat="42.958307" lon="-78.414783"></trkpt>
    <trkpt lat="42.958238" lon="-78.415143"></trkpt>
    <trkpt lat="42.958211" lon="-78.415287"></trkpt>
    <trkpt lat="42.958126" lon="-78.415737"></trkpt>
    <trkpt lat="42.957997" lon="-78.416417"></trkpt>
    <trkpt lat="42.957908" lon="-78.416889"></trkpt>
    <trkpt lat="42.957626" lon="-78.418378"></trkpt>
    <trkpt lat="42.957552" lon="-78.418771"></trkpt>
    <trkpt lat="42.957486" lon="-78.419118"></trkpt>
    <trkpt lat="42.957199" lon="-78.420645"></trkpt>
    <trkpt lat="42.956767" lon="-78.422854"></trkpt>
    <trkpt lat="42.956685" lon="-78.423313"></trkpt>
    <trkpt lat="42.956618" lon="-78.423686"></trkpt>
    <trkpt lat="42.956554" lon="-78.424016"></trkpt>
    <trkpt lat="42.956302" lon="-78.425304"></trkpt>
    <trkpt lat="42.956126" lon="-78.426068"></trkpt>
    <trkpt lat="42.956076" lon="-78.426286"></trkpt>
    <trkpt lat="42.955942" lon="-78.426806"></trkpt>
    <trkpt lat="42.955922" lon="-78.426883"></trkpt>
    <trkpt lat="42.955871" lon="-78.427068"></trkpt>
    <trkpt lat="42.95527" lon="-78.429241"></trkpt>
    <trkpt lat="42.9552" lon="-78.429495"></trkpt>
    <trkpt lat="42.955186" lon="-78.429545"></trkpt>
    <trkpt lat="42.954925" lon="-78.430489"></trkpt>
    <trkpt lat="42.954884" lon="-78.430635"></trkpt>
    <trkpt lat="42.954808" lon="-78.430911"></trkpt>
    <trkpt lat="42.954696" lon="-78.431338"></trkpt>
    <trkpt lat="42.954589" lon="-78.431746"></trkpt>
    <trkpt lat="42.954375" lon="-78.432533"></trkpt>
    <trkpt lat="42.953955" lon="-78.434076"></trkpt>
    <trkpt lat="42.953201" lon="-78.436915"></trkpt>
    <trkpt lat="42.952834" lon="-78.438371"></trkpt>
    <trkpt lat="42.95235" lon="-78.44042"></trkpt>
    <trkpt lat="42.952189" lon="-78.44114"></trkpt>
    <trkpt lat="42.951832" lon="-78.442742"></trkpt>
    <trkpt lat="42.951317" lon="-78.445104"></trkpt>
    <trkpt lat="42.950973" lon="-78.446726"></trkpt>
    <trkpt lat="42.950877" lon="-78.44718"></trkpt>
    <trkpt lat="42.950388" lon="-78.449403"></trkpt>
    <trkpt lat="42.950221" lon="-78.450228"></trkpt>
    <trkpt lat="42.95017" lon="-78.450481"></trkpt>
    <trkpt lat="42.950123" lon="-78.450714"></trkpt>
    <trkpt lat="42.950047" lon="-78.451181"></trkpt>
    <trkpt lat="42.950016" lon="-78.451371"></trkpt>
    <trkpt lat="42.949942" lon="-78.451924"></trkpt>
    <trkpt lat="42.949386" lon="-78.456578"></trkpt>
    <trkpt lat="42.949282" lon="-78.457563"></trkpt>
    <trkpt lat="42.949268" lon="-78.457694"></trkpt>
    <trkpt lat="42.949211" lon="-78.458178"></trkpt>
    <trkpt lat="42.949058" lon="-78.459473"></trkpt>
    <trkpt lat="42.948613" lon="-78.463084"></trkpt>
    <trkpt lat="42.94858" lon="-78.463354"></trkpt>
    <trkpt lat="42.948497" lon="-78.46403"></trkpt>
    <trkpt lat="42.948028" lon="-78.468409"></trkpt>
    <trkpt lat="42.948001" lon="-78.468668"></trkpt>
    <trkpt lat="42.94797" lon="-78.468954"></trkpt>
    <trkpt lat="42.94791" lon="-78.469452"></trkpt>
    <trkpt lat="42.947886" lon="-78.469645"></trkpt>
    <trkpt lat="42.94787" lon="-78.469777"></trkpt>
    <trkpt lat="42.947853" lon="-78.46992"></trkpt>
    <trkpt lat="42.947409" lon="-78.473576"></trkpt>
    <trkpt lat="42.947309" lon="-78.474493"></trkpt>
    <trkpt lat="42.947174" lon="-78.475728"></trkpt>
    <trkpt lat="42.947072" lon="-78.476659"></trkpt>
    <trkpt lat="42.946956" lon="-78.477716"></trkpt>
    <trkpt lat="42.946886" lon="-78.478281"></trkpt>
    <trkpt lat="42.94681" lon="-78.478789"></trkpt>
    <trkpt lat="42.946584" lon="-78.480296"></trkpt>
    <trkpt lat="42.946443" lon="-78.481238"></trkpt>
    <trkpt lat="42.946384" lon="-78.481629"></trkpt>
    <trkpt lat="42.946367" lon="-78.481735"></trkpt>
    <trkpt lat="42.946186" lon="-78.482856"></trkpt>
    <trkpt lat="42.946005" lon="-78.483977"></trkpt>
    <trkpt lat="42.945879" lon="-78.484754"></trkpt>
    <trkpt lat="42.945512" lon="-78.487092"></trkpt>
    <trkpt lat="42.944786" lon="-78.49167"></trkpt>
    <trkpt lat="42.9447" lon="-78.492211"></trkpt>
    <trkpt lat="42.944678" lon="-78.492351"></trkpt>
    <trkpt lat="42.944408" lon="-78.494054"></trkpt>
    <trkpt lat="42.943968" lon="-78.496798"></trkpt>
    <trkpt lat="42.943907" lon="-78.49718"></trkpt>
    <trkpt lat="42.943313" lon="-78.500862"></trkpt>
    <trkpt lat="42.942586" lon="-78.50544"></trkpt>
    <trkpt lat="42.942485" lon="-78.506074"></trkpt>
    <trkpt lat="42.942139" lon="-78.508238"></trkpt>
    <trkpt lat="42.941986" lon="-78.509195"></trkpt>
    <trkpt lat="42.94196" lon="-78.509356"></trkpt>
    <trkpt lat="42.94189" lon="-78.509792"></trkpt>
    <trkpt lat="42.941847" lon="-78.510059"></trkpt>
    <trkpt lat="42.941827" lon="-78.510193"></trkpt>
    <trkpt lat="42.94148" lon="-78.512477"></trkpt>
    <trkpt lat="42.941269" lon="-78.513872"></trkpt>
    <trkpt lat="42.940956" lon="-78.515942"></trkpt>
    <trkpt lat="42.940953" lon="-78.515963"></trkpt>
    <trkpt lat="42.940481" lon="-78.519015"></trkpt>
    <trkpt lat="42.940377" lon="-78.519691"></trkpt>
    <trkpt lat="42.940128" lon="-78.521299"></trkpt>
    <trkpt lat="42.940097" lon="-78.521497"></trkpt>
    <trkpt lat="42.939792" lon="-78.523471"></trkpt>
    <trkpt lat="42.939475" lon="-78.525554"></trkpt>
    <trkpt lat="42.939294" lon="-78.526811"></trkpt>
    <trkpt lat="42.939258" lon="-78.527067"></trkpt>
    <trkpt lat="42.939116" lon="-78.528155"></trkpt>
    <trkpt lat="42.93908" lon="-78.528433"></trkpt>
    <trkpt lat="42.939029" lon="-78.528749"></trkpt>
    <trkpt lat="42.938925" lon="-78.529395"></trkpt>
    <trkpt lat="42.938825" lon="-78.530021"></trkpt>
    <trkpt lat="42.938757" lon="-78.530449"></trkpt>
    <trkpt lat="42.938751" lon="-78.530484"></trkpt>
    <trkpt lat="42.93819" lon="-78.533972"></trkpt>
    <trkpt lat="42.938003" lon="-78.535137"></trkpt>
    <trkpt lat="42.937933" lon="-78.535587"></trkpt>
    <trkpt lat="42.937546" lon="-78.538065"></trkpt>
    <trkpt lat="42.937522" lon="-78.538221"></trkpt>
    <trkpt lat="42.937346" lon="-78.539349"></trkpt>
    <trkpt lat="42.937112" lon="-78.540852"></trkpt>
    <trkpt lat="42.936996" lon="-78.541597"></trkpt>
    <trkpt lat="42.936857" lon="-78.542485"></trkpt>
    <trkpt lat="42.936531" lon="-78.544587"></trkpt>
    <trkpt lat="42.936454" lon="-78.54507"></trkpt>
    <trkpt lat="42.935932" lon="-78.54843"></trkpt>
    <trkpt lat="42.935854" lon="-78.548824"></trkpt>
    <trkpt lat="42.935709" lon="-78.549731"></trkpt>
    <trkpt lat="42.935352" lon="-78.551969"></trkpt>
    <trkpt lat="42.935319" lon="-78.552175"></trkpt>
    <trkpt lat="42.935284" lon="-78.552397"></trkpt>
    <trkpt lat="42.935144" lon="-78.553275"></trkpt>
    <trkpt lat="42.935133" lon="-78.553341"></trkpt>
    <trkpt lat="42.935028" lon="-78.55399"></trkpt>
    <trkpt lat="42.934975" lon="-78.554313"></trkpt>
    <trkpt lat="42.934773" lon="-78.555559"></trkpt>
    <trkpt lat="42.934601" lon="-78.556616"></trkpt>
    <trkpt lat="42.934548" lon="-78.556937"></trkpt>
    <trkpt lat="42.934482" lon="-78.557346"></trkpt>
    <trkpt lat="42.934077" lon="-78.559831"></trkpt>
    <trkpt lat="42.933711" lon="-78.562079"></trkpt>
    <trkpt lat="42.933521" lon="-78.563254"></trkpt>
    <trkpt lat="42.933161" lon="-78.565461"></trkpt>
    <trkpt lat="42.933114" lon="-78.565747"></trkpt>
    <trkpt lat="42.933099" lon="-78.565837"></trkpt>
    <trkpt lat="42.933059" lon="-78.566086"></trkpt>
    <trkpt lat="42.932951" lon="-78.566751"></trkpt>
    <trkpt lat="42.932751" lon="-78.56798"></trkpt>
    <trkpt lat="42.932728" lon="-78.568117"></trkpt>
    <trkpt lat="42.932571" lon="-78.569082"></trkpt>
    <trkpt lat="42.932411" lon="-78.570068"></trkpt>
    <trkpt lat="42.932213" lon="-78.571283"></trkpt>
    <trkpt lat="42.932203" lon="-78.571344"></trkpt>
    <trkpt lat="42.932026" lon="-78.572414"></trkpt>
    <trkpt lat="42.931976" lon="-78.572718"></trkpt>
    <trkpt lat="42.931901" lon="-78.573164"></trkpt>
    <trkpt lat="42.931893" lon="-78.573214"></trkpt>
    <trkpt lat="42.931819" lon="-78.573655"></trkpt>
    <trkpt lat="42.931492" lon="-78.575622"></trkpt>
    <trkpt lat="42.931287" lon="-78.576823"></trkpt>
    <trkpt lat="42.931223" lon="-78.577195"></trkpt>
    <trkpt lat="42.931186" lon="-78.577411"></trkpt>
    <trkpt lat="42.931038" lon="-78.578274"></trkpt>
    <trkpt lat="42.930659" lon="-78.580467"></trkpt>
    <trkpt lat="42.93043" lon="-78.581788"></trkpt>
    <trkpt lat="42.929821" lon="-78.585405"></trkpt>
    <trkpt lat="42.929659" lon="-78.586363"></trkpt>
    <trkpt lat="42.929583" lon="-78.586815"></trkpt>
    <trkpt lat="42.929474" lon="-78.587462"></trkpt>
    <trkpt lat="42.929393" lon="-78.587991"></trkpt>
    <trkpt lat="42.929203" lon="-78.58906"></trkpt>
    <trkpt lat="42.929136" lon="-78.589454"></trkpt>
    <trkpt lat="42.92853" lon="-78.593034"></trkpt>
    <trkpt lat="42.927832" lon="-78.597104"></trkpt>
    <trkpt lat="42.92767" lon="-78.598099"></trkpt>
    <trkpt lat="42.927581" lon="-78.598614"></trkpt>
    <trkpt lat="42.92751" lon="-78.59903"></trkpt>
    <trkpt lat="42.927409" lon="-78.599614"></trkpt>
    <trkpt lat="42.927368" lon="-78.599854"></trkpt>
    <trkpt lat="42.92725" lon="-78.600536"></trkpt>
    <trkpt lat="42.92716" lon="-78.601059"></trkpt>
    <trkpt lat="42.927098" lon="-78.601421"></trkpt>
    <trkpt lat="42.926891" lon="-78.602649"></trkpt>
    <trkpt lat="42.926776" lon="-78.603331"></trkpt>
    <trkpt lat="42.926756" lon="-78.603453"></trkpt>
    <trkpt lat="42.926689" lon="-78.603848"></trkpt>
    <trkpt lat="42.926568" lon="-78.604568"></trkpt>
    <trkpt lat="42.926562" lon="-78.604604"></trkpt>
    <trkpt lat="42.926325" lon="-78.606012"></trkpt>
    <trkpt lat="42.926293" lon="-78.606226"></trkpt>
    <trkpt lat="42.926218" lon="-78.606723"></trkpt>
    <trkpt lat="42.926133" lon="-78.607241"></trkpt>
    <trkpt lat="42.925978" lon="-78.608114"></trkpt>
    <trkpt lat="42.925881" lon="-78.608657"></trkpt>
    <trkpt lat="42.925868" lon="-78.60874"></trkpt>
    <trkpt lat="42.925752" lon="-78.609431"></trkpt>
    <trkpt lat="42.925702" lon="-78.609727"></trkpt>
    <trkpt lat="42.925632" lon="-78.610139"></trkpt>
    <trkpt lat="42.925456" lon="-78.611166"></trkpt>
    <trkpt lat="42.925175" lon="-78.612811"></trkpt>
    <trkpt lat="42.925141" lon="-78.613029"></trkpt>
    <trkpt lat="42.924984" lon="-78.614046"></trkpt>
    <trkpt lat="42.924812" lon="-78.615157"></trkpt>
    <trkpt lat="42.924667" lon="-78.616092"></trkpt>
    <trkpt lat="42.924636" lon="-78.616277"></trkpt>
    <trkpt lat="42.923873" lon="-78.620896"></trkpt>
    <trkpt lat="42.92384" lon="-78.621094"></trkpt>
    <trkpt lat="42.923834" lon="-78.62113"></trkpt>
    <trkpt lat="42.923732" lon="-78.621811"></trkpt>
    <trkpt lat="42.923705" lon="-78.621989"></trkpt>
    <trkpt lat="42.923667" lon="-78.622242"></trkpt>
    <trkpt lat="42.923642" lon="-78.622406"></trkpt>
    <trkpt lat="42.923623" lon="-78.622643"></trkpt>
    <trkpt lat="42.923338" lon="-78.624419"></trkpt>
    <trkpt lat="42.923298" lon="-78.624686"></trkpt>
    <trkpt lat="42.923107" lon="-78.625874"></trkpt>
    <trkpt lat="42.92306" lon="-78.626167"></trkpt>
    <trkpt lat="42.92291" lon="-78.6271"></trkpt>
    <trkpt lat="42.922725" lon="-78.628247"></trkpt>
    <trkpt lat="42.92272" lon="-78.628279"></trkpt>
    <trkpt lat="42.922468" lon="-78.629839"></trkpt>
    <trkpt lat="42.922151" lon="-78.631817"></trkpt>
    <trkpt lat="42.922041" lon="-78.632491"></trkpt>
    <trkpt lat="42.922036" lon="-78.632519"></trkpt>
    <trkpt lat="42.921989" lon="-78.632808"></trkpt>
    <trkpt lat="42.921877" lon="-78.633523"></trkpt>
    <trkpt lat="42.921838" lon="-78.633801"></trkpt>
    <trkpt lat="42.921779" lon="-78.634101"></trkpt>
    <trkpt lat="42.921697" lon="-78.634608"></trkpt>
    <trkpt lat="42.921641" lon="-78.634954"></trkpt>
    <trkpt lat="42.921557" lon="-78.635471"></trkpt>
    <trkpt lat="42.921421" lon="-78.636307"></trkpt>
    <trkpt lat="42.921399" lon="-78.636432"></trkpt>
    <trkpt lat="42.921387" lon="-78.636501"></trkpt>
    <trkpt lat="42.921324" lon="-78.636864"></trkpt>
    <trkpt lat="42.921195" lon="-78.637609"></trkpt>
    <trkpt lat="42.920401" lon="-78.637588"></trkpt>
    <trkpt lat="42.920224" lon="-78.637577"></trkpt>
    <trkpt lat="42.919419" lon="-78.637564"></trkpt>
    <trkpt lat="42.917674" lon="-78.637617"></trkpt>
    <trkpt lat="42.917376" lon="-78.637632"></trkpt>
    <trkpt lat="42.916799" lon="-78.637664"></trkpt>
    <trkpt lat="42.916309" lon="-78.637688"></trkpt>
    <trkpt lat="42.915767" lon="-78.637714"></trkpt>
    <trkpt lat="42.914986" lon="-78.637752"></trkpt>
    <trkpt lat="42.914237" lon="-78.637761"></trkpt>
    <trkpt lat="42.913808" lon="-78.63776"></trkpt>
    <trkpt lat="42.913348" lon="-78.637763"></trkpt>
    <trkpt lat="42.912977" lon="-78.637769"></trkpt>
    <trkpt lat="42.912862" lon="-78.637771"></trkpt>
    <trkpt lat="42.912769" lon="-78.637772"></trkpt>
    <trkpt lat="42.912758" lon="-78.637772"></trkpt>
    <trkpt lat="42.911848" lon="-78.637792"></trkpt>
    <trkpt lat="42.911155" lon="-78.637807"></trkpt>
    <trkpt lat="42.911041" lon="-78.637809"></trkpt>
    <trkpt lat="42.910339" lon="-78.637822"></trkpt>
    <trkpt lat="42.909909" lon="-78.63783"></trkpt>
    <trkpt lat="42.909298" lon="-78.637841"></trkpt>
    <trkpt lat="42.90853" lon="-78.637853"></trkpt>
    <trkpt lat="42.907619" lon="-78.637868"></trkpt>
    <trkpt lat="42.907407" lon="-78.637873"></trkpt>
    <trkpt lat="42.907123" lon="-78.63788"></trkpt>
    <trkpt lat="42.906764" lon="-78.637889"></trkpt>
    <trkpt lat="42.906631" lon="-78.637893"></trkpt>
    <trkpt lat="42.905823" lon="-78.637914"></trkpt>
    <trkpt lat="42.905764" lon="-78.637915"></trkpt>
    <trkpt lat="42.905731" lon="-78.637916"></trkpt>
    <trkpt lat="42.905396" lon="-78.637924"></trkpt>
    <trkpt lat="42.905228" lon="-78.637928"></trkpt>
    <trkpt lat="42.90519" lon="-78.637929"></trkpt>
    <trkpt lat="42.904931" lon="-78.637909"></trkpt>
    <trkpt lat="42.904685" lon="-78.63791"></trkpt>
    <trkpt lat="42.904215" lon="-78.637922"></trkpt>
    <trkpt lat="42.903882" lon="-78.637934"></trkpt>
    <trkpt lat="42.903616" lon="-78.637929"></trkpt>
    <trkpt lat="42.903189" lon="-78.637933"></trkpt>
    <trkpt lat="42.902768" lon="-78.637942"></trkpt>
    <trkpt lat="42.902067" lon="-78.637955"></trkpt>
    <trkpt lat="42.901917" lon="-78.637959"></trkpt>
    <trkpt lat="42.901716" lon="-78.637964"></trkpt>
    <trkpt lat="42.901449" lon="-78.637973"></trkpt>
    <trkpt lat="42.901275" lon="-78.637989"></trkpt>
    <trkpt lat="42.901001" lon="-78.638036"></trkpt>
    <trkpt lat="42.900994" lon="-78.638037"></trkpt>
    <trkpt lat="42.900708" lon="-78.638047"></trkpt>
    <trkpt lat="42.900617" lon="-78.638051"></trkpt>
    <trkpt lat="42.900463" lon="-78.638058"></trkpt>
    <trkpt lat="42.900555" lon="-78.639207"></trkpt>
    <trkpt lat="42.900574" lon="-78.639449"></trkpt>
    <trkpt lat="42.901014" lon="-78.639447"></trkpt>
    <trkpt lat="42.900994" lon="-78.638037"></trkpt>
    <trkpt lat="42.901001" lon="-78.638036"></trkpt>
    <trkpt lat="42.901275" lon="-78.637989"></trkpt>
    <trkpt lat="42.901449" lon="-78.637973"></trkpt>
    <trkpt lat="42.901716" lon="-78.637964"></trkpt>
    <trkpt lat="42.901917" lon="-78.637959"></trkpt>
    <trkpt lat="42.902067" lon="-78.637955"></trkpt>
    <trkpt lat="42.902768" lon="-78.637942"></trkpt>
    <trkpt lat="42.903189" lon="-78.637933"></trkpt>
    <trkpt lat="42.903616" lon="-78.637929"></trkpt>
    <trkpt lat="42.903882" lon="-78.637934"></trkpt>
    <trkpt lat="42.904215" lon="-78.637922"></trkpt>
    <trkpt lat="42.904685" lon="-78.63791"></trkpt>
    <trkpt lat="42.904931" lon="-78.637909"></trkpt>
    <trkpt lat="42.90519" lon="-78.637929"></trkpt>
    <trkpt lat="42.905228" lon="-78.637928"></trkpt>
    <trkpt lat="42.905396" lon="-78.637924"></trkpt>
    <trkpt lat="42.905731" lon="-78.637916"></trkpt>
    <trkpt lat="42.905764" lon="-78.637915"></trkpt>
    <trkpt lat="42.905823" lon="-78.637914"></trkpt>
    <trkpt lat="42.906631" lon="-78.637893"></trkpt>
    <trkpt lat="42.906764" lon="-78.637889"></trkpt>
    <trkpt lat="42.907123" lon="-78.63788"></trkpt>
    <trkpt lat="42.907407" lon="-78.637873"></trkpt>
    <trkpt lat="42.907619" lon="-78.637868"></trkpt>
    <trkpt lat="42.90853" lon="-78.637853"></trkpt>
    <trkpt lat="42.909298" lon="-78.637841"></trkpt>
    <trkpt lat="42.909909" lon="-78.63783"></trkpt>
    <trkpt lat="42.910339" lon="-78.637822"></trkpt>
    <trkpt lat="42.911041" lon="-78.637809"></trkpt>
    <trkpt lat="42.911155" lon="-78.637807"></trkpt>
    <trkpt lat="42.911848" lon="-78.637792"></trkpt>
    <trkpt lat="42.912758" lon="-78.637772"></trkpt>
    <trkpt lat="42.912769" lon="-78.637772"></trkpt>
    <trkpt lat="42.912862" lon="-78.637771"></trkpt>
    <trkpt lat="42.912977" lon="-78.637769"></trkpt>
    <trkpt lat="42.913348" lon="-78.637763"></trkpt>
    <trkpt lat="42.913808" lon="-78.63776"></trkpt>
    <trkpt lat="42.914237" lon="-78.637761"></trkpt>
    <trkpt lat="42.914986" lon="-78.637752"></trkpt>
    <trkpt lat="42.915767" lon="-78.637714"></trkpt>
    <trkpt lat="42.916309" lon="-78.637688"></trkpt>
    <trkpt lat="42.916799" lon="-78.637664"></trkpt>
    <trkpt lat="42.917376" lon="-78.637632"></trkpt>
    <trkpt lat="42.917674" lon="-78.637617"></trkpt>
    <trkpt lat="42.919419" lon="-78.637564"></trkpt>
    <trkpt lat="42.920224" lon="-78.637577"></trkpt>
    <trkpt lat="42.920401" lon="-78.637588"></trkpt>
    <trkpt lat="42.921195" lon="-78.637609"></trkpt>
    <trkpt lat="42.921138" lon="-78.637995"></trkpt>
    <trkpt lat="42.920956" lon="-78.639215"></trkpt>
    <trkpt lat="42.920907" lon="-78.639539"></trkpt>
    <trkpt lat="42.920883" lon="-78.639703"></trkpt>
    <trkpt lat="42.920837" lon="-78.639996"></trkpt>
    <trkpt lat="42.920679" lon="-78.641006"></trkpt>
    <trkpt lat="42.92054" lon="-78.641898"></trkpt>
    <trkpt lat="42.920471" lon="-78.642338"></trkpt>
    <trkpt lat="42.920458" lon="-78.642421"></trkpt>
    <trkpt lat="42.920365" lon="-78.643015"></trkpt>
    <trkpt lat="42.920284" lon="-78.643516"></trkpt>
    <trkpt lat="42.920252" lon="-78.643713"></trkpt>
    <trkpt lat="42.920103" lon="-78.644627"></trkpt>
    <trkpt lat="42.920035" lon="-78.645048"></trkpt>
    <trkpt lat="42.919963" lon="-78.645494"></trkpt>
    <trkpt lat="42.919855" lon="-78.646156"></trkpt>
    <trkpt lat="42.919791" lon="-78.646549"></trkpt>
    <trkpt lat="42.919776" lon="-78.646645"></trkpt>
    <trkpt lat="42.919654" lon="-78.647416"></trkpt>
    <trkpt lat="42.91965" lon="-78.647444"></trkpt>
    <trkpt lat="42.919531" lon="-78.648151"></trkpt>
    <trkpt lat="42.919513" lon="-78.64826"></trkpt>
    <trkpt lat="42.919366" lon="-78.649179"></trkpt>
    <trkpt lat="42.919241" lon="-78.649963"></trkpt>
    <trkpt lat="42.919136" lon="-78.650619"></trkpt>
    <trkpt lat="42.919106" lon="-78.650804"></trkpt>
    <trkpt lat="42.919069" lon="-78.651038"></trkpt>
    <trkpt lat="42.919008" lon="-78.651417"></trkpt>
    <trkpt lat="42.918849" lon="-78.652415"></trkpt>
    <trkpt lat="42.918791" lon="-78.652792"></trkpt>
    <trkpt lat="42.918651" lon="-78.653696"></trkpt>
    <trkpt lat="42.918462" lon="-78.654922"></trkpt>
    <trkpt lat="42.918375" lon="-78.655458"></trkpt>
    <trkpt lat="42.918133" lon="-78.656941"></trkpt>
    <trkpt lat="42.918101" lon="-78.657138"></trkpt>
    <trkpt lat="42.918008" lon="-78.657705"></trkpt>
    <trkpt lat="42.917756" lon="-78.65925"></trkpt>
    <trkpt lat="42.91762" lon="-78.660147"></trkpt>
    <trkpt lat="42.917462" lon="-78.661189"></trkpt>
    <trkpt lat="42.917402" lon="-78.661586"></trkpt>
    <trkpt lat="42.917355" lon="-78.661894"></trkpt>
    <trkpt lat="42.917108" lon="-78.663522"></trkpt>
    <trkpt lat="42.917024" lon="-78.664073"></trkpt>
    <trkpt lat="42.91696" lon="-78.664495"></trkpt>
    <trkpt lat="42.9169" lon="-78.664871"></trkpt>
    <trkpt lat="42.916875" lon="-78.665026"></trkpt>
    <trkpt lat="42.91684" lon="-78.665248"></trkpt>
    <trkpt lat="42.91683" lon="-78.665313"></trkpt>
    <trkpt lat="42.916675" lon="-78.666281"></trkpt>
    <trkpt lat="42.916664" lon="-78.666354"></trkpt>
    <trkpt lat="42.916563" lon="-78.666967"></trkpt>
    <trkpt lat="42.916526" lon="-78.667195"></trkpt>
    <trkpt lat="42.916484" lon="-78.667484"></trkpt>
    <trkpt lat="42.916323" lon="-78.668542"></trkpt>
    <trkpt lat="42.916242" lon="-78.669043"></trkpt>
    <trkpt lat="42.916141" lon="-78.669677"></trkpt>
    <trkpt lat="42.91598" lon="-78.670682"></trkpt>
    <trkpt lat="42.915827" lon="-78.671793"></trkpt>
    <trkpt lat="42.915803" lon="-78.671964"></trkpt>
    <trkpt lat="42.915782" lon="-78.672115"></trkpt>
    <trkpt lat="42.915977" lon="-78.672115"></trkpt>
    <trkpt lat="42.916357" lon="-78.672115"></trkpt>
    <trkpt lat="42.916503" lon="-78.672115"></trkpt>
    <trkpt lat="42.916713" lon="-78.672116"></trkpt>
    <trkpt lat="42.917142" lon="-78.672121"></trkpt>
    <trkpt lat="42.917868" lon="-78.672128"></trkpt>
    <trkpt lat="42.918053" lon="-78.67213"></trkpt>
    <trkpt lat="42.9192" lon="-78.672141"></trkpt>
    <trkpt lat="42.919624" lon="-78.672145"></trkpt>
    <trkpt lat="42.920481" lon="-78.672154"></trkpt>
    <trkpt lat="42.920793" lon="-78.672157"></trkpt>
    <trkpt lat="42.921097" lon="-78.67216"></trkpt>
    <trkpt lat="42.92125" lon="-78.672158"></trkpt>
    <trkpt lat="42.921326" lon="-78.672157"></trkpt>
    <trkpt lat="42.921341" lon="-78.672157"></trkpt>
    <trkpt lat="42.921714" lon="-78.672159"></trkpt>
    <trkpt lat="42.922339" lon="-78.672162"></trkpt>
    <trkpt lat="42.923619" lon="-78.672169"></trkpt>
    <trkpt lat="42.924601" lon="-78.672173"></trkpt>
    <trkpt lat="42.925509" lon="-78.672178"></trkpt>
    <trkpt lat="42.926444" lon="-78.672183"></trkpt>
    <trkpt lat="42.927005" lon="-78.672318"></trkpt>
    <trkpt lat="42.927418" lon="-78.672484"></trkpt>
    <trkpt lat="42.927708" lon="-78.672634"></trkpt>
    <trkpt lat="42.927837" lon="-78.672722"></trkpt>
    <trkpt lat="42.927881" lon="-78.672752"></trkpt>
    <trkpt lat="42.92825" lon="-78.673037"></trkpt>
    <trkpt lat="42.928573" lon="-78.67331"></trkpt>
    <trkpt lat="42.928855" lon="-78.673661"></trkpt>
    <trkpt lat="42.928918" lon="-78.673739"></trkpt>
    <trkpt lat="42.929248" lon="-78.674292"></trkpt>
    <trkpt lat="42.929578" lon="-78.674925"></trkpt>
    <trkpt lat="42.929869" lon="-78.675419"></trkpt>
    <trkpt lat="42.930226" lon="-78.67595"></trkpt>
    <trkpt lat="42.930584" lon="-78.676271"></trkpt>
    <trkpt lat="42.931071" lon="-78.676647"></trkpt>
    <trkpt lat="42.931559" lon="-78.67695"></trkpt>
    <trkpt lat="42.93182" lon="-78.677043"></trkpt>
    <trkpt lat="42.932155" lon="-78.67713"></trkpt>
    <trkpt lat="42.932349" lon="-78.677152"></trkpt>
    <trkpt lat="42.932669" lon="-78.677189"></trkpt>
    <trkpt lat="42.933262" lon="-78.677221"></trkpt>
    <trkpt lat="42.933232" lon="-78.677424"></trkpt>
    <trkpt lat="42.933166" lon="-78.677891"></trkpt>
    <trkpt lat="42.933111" lon="-78.678261"></trkpt>
    <trkpt lat="42.93295" lon="-78.679555"></trkpt>
    <trkpt lat="42.932824" lon="-78.680634"></trkpt>
    <trkpt lat="42.932738" lon="-78.681601"></trkpt>
    <trkpt lat="42.932678" lon="-78.682162"></trkpt>
    <trkpt lat="42.932648" lon="-78.682764"></trkpt>
    <trkpt lat="42.932618" lon="-78.683539"></trkpt>
    <trkpt lat="42.932649" lon="-78.684142"></trkpt>
    <trkpt lat="42.932674" lon="-78.684635"></trkpt>
    <trkpt lat="42.932718" lon="-78.685012"></trkpt>
    <trkpt lat="42.932759" lon="-78.685361"></trkpt>
    <trkpt lat="42.932803" lon="-78.685743"></trkpt>
    <trkpt lat="42.932809" lon="-78.685795"></trkpt>
    <trkpt lat="42.932844" lon="-78.686064"></trkpt>
    <trkpt lat="42.932951" lon="-78.686962"></trkpt>
    <trkpt lat="42.933076" lon="-78.68801"></trkpt>
    <trkpt lat="42.933113" lon="-78.688293"></trkpt>
    <trkpt lat="42.933154" lon="-78.688605"></trkpt>
    <trkpt lat="42.933186" lon="-78.688846"></trkpt>
    <trkpt lat="42.933197" lon="-78.688929"></trkpt>
    <trkpt lat="42.933287" lon="-78.689612"></trkpt>
    <trkpt lat="42.933365" lon="-78.690272"></trkpt>
    <trkpt lat="42.933382" lon="-78.690419"></trkpt>
    <trkpt lat="42.933427" lon="-78.690729"></trkpt>
    <trkpt lat="42.933612" lon="-78.69207"></trkpt>
    <trkpt lat="42.933703" lon="-78.692758"></trkpt>
    <trkpt lat="42.933778" lon="-78.693322"></trkpt>
    <trkpt lat="42.933945" lon="-78.69463"></trkpt>
    <trkpt lat="42.934051" lon="-78.695383"></trkpt>
    <trkpt lat="42.934096" lon="-78.695723"></trkpt>
    <trkpt lat="42.934136" lon="-78.696024"></trkpt>
    <trkpt lat="42.934198" lon="-78.696507"></trkpt>
    <trkpt lat="42.934223" lon="-78.696758"></trkpt>
    <trkpt lat="42.934261" lon="-78.696934"></trkpt>
    <trkpt lat="42.934498" lon="-78.696935"></trkpt>
    <trkpt lat="42.934783" lon="-78.696935"></trkpt>
    <trkpt lat="42.934874" lon="-78.696935"></trkpt>
    <trkpt lat="42.934976" lon="-78.696934"></trkpt>
    <trkpt lat="42.935536" lon="-78.696934"></trkpt>
    <trkpt lat="42.935697" lon="-78.696937"></trkpt>
    <trkpt lat="42.936003" lon="-78.696942"></trkpt>
    <trkpt lat="42.936054" lon="-78.696943"></trkpt>
    <trkpt lat="42.936112" lon="-78.696944"></trkpt>
    <trkpt lat="42.936668" lon="-78.696938"></trkpt>
    <trkpt lat="42.936819" lon="-78.696939"></trkpt>
    <trkpt lat="42.936849" lon="-78.696939"></trkpt>
    <trkpt lat="42.937359" lon="-78.696935"></trkpt>
    <trkpt lat="42.937603" lon="-78.696935"></trkpt>
    <trkpt lat="42.937808" lon="-78.696934"></trkpt>
    <trkpt lat="42.937936" lon="-78.696933"></trkpt>
    <trkpt lat="42.938125" lon="-78.696935"></trkpt>
    <trkpt lat="42.938342" lon="-78.696937"></trkpt>
    <trkpt lat="42.938474" lon="-78.696939"></trkpt>
    <trkpt lat="42.938881" lon="-78.696943"></trkpt>
    <trkpt lat="42.94017" lon="-78.696947"></trkpt>
    <trkpt lat="42.941208" lon="-78.696945"></trkpt>
    <trkpt lat="42.941581" lon="-78.696944"></trkpt>
    <trkpt lat="42.942539" lon="-78.696942"></trkpt>
    <trkpt lat="42.944807" lon="-78.696937"></trkpt>
    <trkpt lat="42.944888" lon="-78.696947"></trkpt>
    <trkpt lat="42.945054" lon="-78.696869"></trkpt>
    <trkpt lat="42.945373" lon="-78.696869"></trkpt>
    <trkpt lat="42.94673" lon="-78.69687"></trkpt>
    <trkpt lat="42.946831" lon="-78.696911"></trkpt>
    <trkpt lat="42.946906" lon="-78.696942"></trkpt>
    <trkpt lat="42.947006" lon="-78.696941"></trkpt>
    <trkpt lat="42.947177" lon="-78.696942"></trkpt>
    <trkpt lat="42.947619" lon="-78.696946"></trkpt>
    <trkpt lat="42.947855" lon="-78.696952"></trkpt>
    <trkpt lat="42.948239" lon="-78.696954"></trkpt>
    <trkpt lat="42.948247" lon="-78.696954"></trkpt>
    <trkpt lat="42.948387" lon="-78.696955"></trkpt>
    <trkpt lat="42.948534" lon="-78.696954"></trkpt>
    <trkpt lat="42.948715" lon="-78.696956"></trkpt>
    <trkpt lat="42.9491" lon="-78.696949"></trkpt>
    <trkpt lat="42.949345" lon="-78.696946"></trkpt>
    <trkpt lat="42.949724" lon="-78.696939"></trkpt>
    <trkpt lat="42.949863" lon="-78.696936"></trkpt>
    <trkpt lat="42.950046" lon="-78.696932"></trkpt>
    <trkpt lat="42.950157" lon="-78.696875"></trkpt>
    <trkpt lat="42.950501" lon="-78.696855"></trkpt>
    <trkpt lat="42.951168" lon="-78.696864"></trkpt>
    <trkpt lat="42.951227" lon="-78.696861"></trkpt>
    <trkpt lat="42.951374" lon="-78.696861"></trkpt>
    <trkpt lat="42.951702" lon="-78.696861"></trkpt>
    <trkpt lat="42.952223" lon="-78.69686"></trkpt>
    <trkpt lat="42.952372" lon="-78.69686"></trkpt>
    <trkpt lat="42.952567" lon="-78.696858"></trkpt>
    <trkpt lat="42.95301" lon="-78.696851"></trkpt>
    <trkpt lat="42.954087" lon="-78.696851"></trkpt>
    <trkpt lat="42.954389" lon="-78.696846"></trkpt>
    <trkpt lat="42.954494" lon="-78.696845"></trkpt>
    <trkpt lat="42.954794" lon="-78.69684"></trkpt>
    <trkpt lat="42.954886" lon="-78.696839"></trkpt>
    <trkpt lat="42.955255" lon="-78.696833"></trkpt>
    <trkpt lat="42.955547" lon="-78.696829"></trkpt>
    <trkpt lat="42.956152" lon="-78.69683"></trkpt>
    <trkpt lat="42.956401" lon="-78.69683"></trkpt>
    <trkpt lat="42.956641" lon="-78.696827"></trkpt>
    <trkpt lat="42.957154" lon="-78.69682"></trkpt>
    <trkpt lat="42.95759" lon="-78.696814"></trkpt>
    <trkpt lat="42.958265" lon="-78.696805"></trkpt>
    <trkpt lat="42.958768" lon="-78.696798"></trkpt>
    <trkpt lat="42.959142" lon="-78.696793"></trkpt>
    <trkpt lat="42.959296" lon="-78.696791"></trkpt>
    <trkpt lat="42.959465" lon="-78.696789"></trkpt>
    <trkpt lat="42.960472" lon="-78.696779"></trkpt>
    <trkpt lat="42.960633" lon="-78.696779"></trkpt>
    <trkpt lat="42.961138" lon="-78.696778"></trkpt>
    <trkpt lat="42.961345" lon="-78.696779"></trkpt>
    <trkpt lat="42.961546" lon="-78.696778"></trkpt>
    <trkpt lat="42.962944" lon="-78.696772"></trkpt>
    <trkpt lat="42.963321" lon="-78.696768"></trkpt>
    <trkpt lat="42.96409" lon="-78.69676"></trkpt>
    <trkpt lat="42.96424" lon="-78.696759"></trkpt>
    <trkpt lat="42.964512" lon="-78.696756"></trkpt>
    <trkpt lat="42.964813" lon="-78.696753"></trkpt>
    <trkpt lat="42.96497" lon="-78.696751"></trkpt>
    <trkpt lat="42.965092" lon="-78.69675"></trkpt>
    <trkpt lat="42.96526" lon="-78.696748"></trkpt>
    <trkpt lat="42.965278" lon="-78.696983"></trkpt>
    <trkpt lat="42.965286" lon="-78.697164"></trkpt>
    <trkpt lat="42.965295" lon="-78.6974"></trkpt>
    <trkpt lat="42.965305" lon="-78.697686"></trkpt>
    <trkpt lat="42.965322" lon="-78.698168"></trkpt>
    <trkpt lat="42.965331" lon="-78.698417"></trkpt>
    <trkpt lat="42.965332" lon="-78.698447"></trkpt>
    <trkpt lat="42.965336" lon="-78.698556"></trkpt>
    <trkpt lat="42.96534" lon="-78.698658"></trkpt>
    <trkpt lat="42.965343" lon="-78.698748"></trkpt>
    <trkpt lat="42.96535" lon="-78.698927"></trkpt>
    <trkpt lat="42.965352" lon="-78.698977"></trkpt>
    <trkpt lat="42.965363" lon="-78.699414"></trkpt>
    <trkpt lat="42.965366" lon="-78.69955"></trkpt>
    <trkpt lat="42.965373" lon="-78.6998"></trkpt>
    <trkpt lat="42.965374" lon="-78.699855"></trkpt>
    <trkpt lat="42.965412" lon="-78.701221"></trkpt>
    <trkpt lat="42.965422" lon="-78.701728"></trkpt>
    <trkpt lat="42.965424" lon="-78.701833"></trkpt>
    <trkpt lat="42.965426" lon="-78.701959"></trkpt>
    <trkpt lat="42.965429" lon="-78.70208"></trkpt>
    <trkpt lat="42.965434" lon="-78.702358"></trkpt>
    <trkpt lat="42.965435" lon="-78.70242"></trkpt>
    <trkpt lat="42.965444" lon="-78.702624"></trkpt>
    <trkpt lat="42.965463" lon="-78.703052"></trkpt>
    <trkpt lat="42.965466" lon="-78.703139"></trkpt>
    <trkpt lat="42.965485" lon="-78.703574"></trkpt>
    <trkpt lat="42.965497" lon="-78.703841"></trkpt>
    <trkpt lat="42.965529" lon="-78.704555"></trkpt>
    <trkpt lat="42.965549" lon="-78.70505"></trkpt>
    <trkpt lat="42.965553" lon="-78.705137"></trkpt>
    <trkpt lat="42.965565" lon="-78.705415"></trkpt>
    <trkpt lat="42.965576" lon="-78.70567"></trkpt>
    <trkpt lat="42.965591" lon="-78.706117"></trkpt>
    <trkpt lat="42.965615" lon="-78.706573"></trkpt>
    <trkpt lat="42.965616" lon="-78.706596"></trkpt>
    <trkpt lat="42.965662" lon="-78.707422"></trkpt>
    <trkpt lat="42.965688" lon="-78.70786"></trkpt>
    <trkpt lat="42.965697" lon="-78.708017"></trkpt>
    <trkpt lat="42.965705" lon="-78.708148"></trkpt>
    <trkpt lat="42.965734" lon="-78.708653"></trkpt>
    <trkpt lat="42.96576" lon="-78.709103"></trkpt>
    <trkpt lat="42.965769" lon="-78.709233"></trkpt>
    <trkpt lat="42.965772" lon="-78.709276"></trkpt>
    <trkpt lat="42.965833" lon="-78.710341"></trkpt>
    <trkpt lat="42.965838" lon="-78.710446"></trkpt>
    <trkpt lat="42.965878" lon="-78.71114"></trkpt>
    <trkpt lat="42.965918" lon="-78.711831"></trkpt>
    <trkpt lat="42.96592" lon="-78.71186"></trkpt>
    <trkpt lat="42.965922" lon="-78.711903"></trkpt>
    <trkpt lat="42.965926" lon="-78.711963"></trkpt>
    <trkpt lat="42.96594" lon="-78.7122"></trkpt>
    <trkpt lat="42.965971" lon="-78.712739"></trkpt>
    <trkpt lat="42.965972" lon="-78.712751"></trkpt>
    <trkpt lat="42.965984" lon="-78.712983"></trkpt>
    <trkpt lat="42.965992" lon="-78.713138"></trkpt>
    <trkpt lat="42.965998" lon="-78.713228"></trkpt>
    <trkpt lat="42.966026" lon="-78.713714"></trkpt>
    <trkpt lat="42.96604" lon="-78.713957"></trkpt>
    <trkpt lat="42.966054" lon="-78.714221"></trkpt>
    <trkpt lat="42.966076" lon="-78.714605"></trkpt>
    <trkpt lat="42.966088" lon="-78.714834"></trkpt>
    <trkpt lat="42.966094" lon="-78.714961"></trkpt>
    <trkpt lat="42.966123" lon="-78.715525"></trkpt>
    <trkpt lat="42.966133" lon="-78.715708"></trkpt>
    <trkpt lat="42.966139" lon="-78.715902"></trkpt>
    <trkpt lat="42.966149" lon="-78.716182"></trkpt>
    <trkpt lat="42.966164" lon="-78.716628"></trkpt>
    <trkpt lat="42.966167" lon="-78.716715"></trkpt>
    <trkpt lat="42.966172" lon="-78.716897"></trkpt>
    <trkpt lat="42.966179" lon="-78.717168"></trkpt>
    <trkpt lat="42.966185" lon="-78.717419"></trkpt>
    <trkpt lat="42.966198" lon="-78.717943"></trkpt>
    <trkpt lat="42.966201" lon="-78.718062"></trkpt>
    <trkpt lat="42.966205" lon="-78.718216"></trkpt>
    <trkpt lat="42.966207" lon="-78.718306"></trkpt>
    <trkpt lat="42.966209" lon="-78.718383"></trkpt>
    <trkpt lat="42.966212" lon="-78.718544"></trkpt>
    <trkpt lat="42.96623" lon="-78.719275"></trkpt>
    <trkpt lat="42.966237" lon="-78.719553"></trkpt>
    <trkpt lat="42.966245" lon="-78.719963"></trkpt>
    <trkpt lat="42.966253" lon="-78.720254"></trkpt>
    <trkpt lat="42.966284" lon="-78.721357"></trkpt>
    <trkpt lat="42.966311" lon="-78.722743"></trkpt>
    <trkpt lat="42.966311" lon="-78.722965"></trkpt>
    <trkpt lat="42.966302" lon="-78.723228"></trkpt>
    <trkpt lat="42.966279" lon="-78.723489"></trkpt>
    <trkpt lat="42.966249" lon="-78.72371"></trkpt>
    <trkpt lat="42.966217" lon="-78.723929"></trkpt>
    <trkpt lat="42.966139" lon="-78.724437"></trkpt>
    <trkpt lat="42.96611" lon="-78.724632"></trkpt>
    <trkpt lat="42.966081" lon="-78.724818"></trkpt>
    <trkpt lat="42.966021" lon="-78.725212"></trkpt>
    <trkpt lat="42.965983" lon="-78.725458"></trkpt>
    <trkpt lat="42.96597" lon="-78.725541"></trkpt>
    <trkpt lat="42.965936" lon="-78.725739"></trkpt>
    <trkpt lat="42.965923" lon="-78.725823"></trkpt>
    <trkpt lat="42.965874" lon="-78.72613"></trkpt>
    <trkpt lat="42.965852" lon="-78.726267"></trkpt>
    <trkpt lat="42.965797" lon="-78.726614"></trkpt>
    <trkpt lat="42.965701" lon="-78.727214"></trkpt>
    <trkpt lat="42.965646" lon="-78.727559"></trkpt>
    <trkpt lat="42.965596" lon="-78.727869"></trkpt>
    <trkpt lat="42.96556" lon="-78.728075"></trkpt>
    <trkpt lat="42.965495" lon="-78.728456"></trkpt>
    <trkpt lat="42.965491" lon="-78.728477"></trkpt>
    <trkpt lat="42.965489" lon="-78.728489"></trkpt>
    <trkpt lat="42.965457" lon="-78.728672"></trkpt>
    <trkpt lat="42.965389" lon="-78.729104"></trkpt>
    <trkpt lat="42.965338" lon="-78.72942"></trkpt>
    <trkpt lat="42.96533" lon="-78.72947"></trkpt>
    <trkpt lat="42.965263" lon="-78.729888"></trkpt>
    <trkpt lat="42.965196" lon="-78.730309"></trkpt>
    <trkpt lat="42.965157" lon="-78.730546"></trkpt>
    <trkpt lat="42.965052" lon="-78.731204"></trkpt>
    <trkpt lat="42.96497" lon="-78.731725"></trkpt>
    <trkpt lat="42.964965" lon="-78.731756"></trkpt>
    <trkpt lat="42.964929" lon="-78.731982"></trkpt>
    <trkpt lat="42.964907" lon="-78.732123"></trkpt>
    <trkpt lat="42.964893" lon="-78.732213"></trkpt>
    <trkpt lat="42.964828" lon="-78.732623"></trkpt>
    <trkpt lat="42.964811" lon="-78.732728"></trkpt>
    <trkpt lat="42.96479" lon="-78.732861"></trkpt>
    <trkpt lat="42.964713" lon="-78.73329"></trkpt>
    <trkpt lat="42.964671" lon="-78.733558"></trkpt>
    <trkpt lat="42.964642" lon="-78.733746"></trkpt>
    <trkpt lat="42.964611" lon="-78.733944"></trkpt>
    <trkpt lat="42.964506" lon="-78.734608"></trkpt>
    <trkpt lat="42.964496" lon="-78.734675"></trkpt>
    <trkpt lat="42.964447" lon="-78.734988"></trkpt>
    <trkpt lat="42.964427" lon="-78.735115"></trkpt>
    <trkpt lat="42.964393" lon="-78.735331"></trkpt>
    <trkpt lat="42.964374" lon="-78.735447"></trkpt>
    <trkpt lat="42.964359" lon="-78.735547"></trkpt>
    <trkpt lat="42.96432" lon="-78.735796"></trkpt>
    <trkpt lat="42.964284" lon="-78.73602"></trkpt>
    <trkpt lat="42.964246" lon="-78.736263"></trkpt>
    <trkpt lat="42.964162" lon="-78.736755"></trkpt>
    <trkpt lat="42.964129" lon="-78.73696"></trkpt>
    <trkpt lat="42.964072" lon="-78.737308"></trkpt>
    <trkpt lat="42.964041" lon="-78.737505"></trkpt>
    <trkpt lat="42.963979" lon="-78.737907"></trkpt>
    <trkpt lat="42.963956" lon="-78.73805"></trkpt>
    <trkpt lat="42.963926" lon="-78.738243"></trkpt>
    <trkpt lat="42.963903" lon="-78.738392"></trkpt>
    <trkpt lat="42.963866" lon="-78.738626"></trkpt>
    <trkpt lat="42.96384" lon="-78.738795"></trkpt>
    <trkpt lat="42.963836" lon="-78.738829"></trkpt>
    <trkpt lat="42.96375" lon="-78.739365"></trkpt>
    <trkpt lat="42.963699" lon="-78.739688"></trkpt>
    <trkpt lat="42.963647" lon="-78.740007"></trkpt>
    <trkpt lat="42.963589" lon="-78.740372"></trkpt>
    <trkpt lat="42.963555" lon="-78.740582"></trkpt>
    <trkpt lat="42.963341" lon="-78.741877"></trkpt>
    <trkpt lat="42.963292" lon="-78.742164"></trkpt>
    <trkpt lat="42.963286" lon="-78.742203"></trkpt>
    <trkpt lat="42.963266" lon="-78.742333"></trkpt>
    <trkpt lat="42.963264" lon="-78.742344"></trkpt>
    <trkpt lat="42.96325" lon="-78.742438"></trkpt>
    <trkpt lat="42.963231" lon="-78.742558"></trkpt>
    <trkpt lat="42.963198" lon="-78.742773"></trkpt>
    <trkpt lat="42.963183" lon="-78.74287"></trkpt>
    <trkpt lat="42.963178" lon="-78.742905"></trkpt>
    <trkpt lat="42.963154" lon="-78.743072"></trkpt>
    <trkpt lat="42.963107" lon="-78.743364"></trkpt>
    <trkpt lat="42.963089" lon="-78.743476"></trkpt>
    <trkpt lat="42.96306" lon="-78.743653"></trkpt>
    <trkpt lat="42.963024" lon="-78.743869"></trkpt>
    <trkpt lat="42.962983" lon="-78.744115"></trkpt>
    <trkpt lat="42.962968" lon="-78.744193"></trkpt>
    <trkpt lat="42.962896" lon="-78.744617"></trkpt>
    <trkpt lat="42.962805" lon="-78.745171"></trkpt>
    <trkpt lat="42.962791" lon="-78.745251"></trkpt>
    <trkpt lat="42.962763" lon="-78.745421"></trkpt>
    <trkpt lat="42.962692" lon="-78.745865"></trkpt>
    <trkpt lat="42.962669" lon="-78.74601"></trkpt>
    <trkpt lat="42.962642" lon="-78.746176"></trkpt>
    <trkpt lat="42.962562" lon="-78.746674"></trkpt>
    <trkpt lat="42.962546" lon="-78.746779"></trkpt>
    <trkpt lat="42.962526" lon="-78.746898"></trkpt>
    <trkpt lat="42.962483" lon="-78.747151"></trkpt>
    <trkpt lat="42.962454" lon="-78.747321"></trkpt>
    <trkpt lat="42.962434" lon="-78.747439"></trkpt>
    <trkpt lat="42.962382" lon="-78.747751"></trkpt>
    <trkpt lat="42.962337" lon="-78.748021"></trkpt>
    <trkpt lat="42.962314" lon="-78.748159"></trkpt>
    <trkpt lat="42.962263" lon="-78.748469"></trkpt>
    <trkpt lat="42.962188" lon="-78.748923"></trkpt>
    <trkpt lat="42.962165" lon="-78.74906"></trkpt>
    <trkpt lat="42.962095" lon="-78.749494"></trkpt>
    <trkpt lat="42.962081" lon="-78.749577"></trkpt>
    <trkpt lat="42.962063" lon="-78.749686"></trkpt>
    <trkpt lat="42.962008" lon="-78.750007"></trkpt>
    <trkpt lat="42.961862" lon="-78.750894"></trkpt>
    <trkpt lat="42.961763" lon="-78.751451"></trkpt>
    <trkpt lat="42.961898" lon="-78.751454"></trkpt>
    <trkpt lat="42.962479" lon="-78.751464"></trkpt>
    <trkpt lat="42.963265" lon="-78.751457"></trkpt>
    <trkpt lat="42.963377" lon="-78.751467"></trkpt>
    <trkpt lat="42.96384" lon="-78.751468"></trkpt>
    <trkpt lat="42.963831" lon="-78.752315"></trkpt>
    <trkpt lat="42.963824" lon="-78.752952"></trkpt>
    <trkpt lat="42.963816" lon="-78.754394"></trkpt>
    <trkpt lat="42.963725" lon="-78.75438"></trkpt>
    <trkpt lat="42.963387" lon="-78.75428"></trkpt>
    <trkpt lat="42.962132" lon="-78.753908"></trkpt>
    <trkpt lat="42.961949" lon="-78.753853"></trkpt>
    <trkpt lat="42.961754" lon="-78.753795"></trkpt>
    <trkpt lat="42.961573" lon="-78.753742"></trkpt>
    <trkpt lat="42.961536" lon="-78.753731"></trkpt>
    <trkpt lat="42.961522" lon="-78.753727"></trkpt>
    <trkpt lat="42.961391" lon="-78.753688"></trkpt>
    <trkpt lat="42.961377" lon="-78.753774"></trkpt>
    <trkpt lat="42.961341" lon="-78.753989"></trkpt>
    <trkpt lat="42.961305" lon="-78.754212"></trkpt>
    <trkpt lat="42.961288" lon="-78.754314"></trkpt>
    <trkpt lat="42.961226" lon="-78.754693"></trkpt>
    <trkpt lat="42.961196" lon="-78.754889"></trkpt>
    <trkpt lat="42.961112" lon="-78.755392"></trkpt>
    <trkpt lat="42.961093" lon="-78.755507"></trkpt>
    <trkpt lat="42.961072" lon="-78.755633"></trkpt>
    <trkpt lat="42.961051" lon="-78.755758"></trkpt>
    <trkpt lat="42.96099" lon="-78.756129"></trkpt>
    <trkpt lat="42.960968" lon="-78.756261"></trkpt>
    <trkpt lat="42.960921" lon="-78.756547"></trkpt>
    <trkpt lat="42.960899" lon="-78.75669"></trkpt>
    <trkpt lat="42.960786" lon="-78.757364"></trkpt>
    <trkpt lat="42.960742" lon="-78.757632"></trkpt>
    <trkpt lat="42.960724" lon="-78.75774"></trkpt>
    <trkpt lat="42.960699" lon="-78.757889"></trkpt>
    <trkpt lat="42.960664" lon="-78.758105"></trkpt>
    <trkpt lat="42.960632" lon="-78.758299"></trkpt>
    <trkpt lat="42.960611" lon="-78.758424"></trkpt>
    <trkpt lat="42.960594" lon="-78.758525"></trkpt>
    <trkpt lat="42.960548" lon="-78.758788"></trkpt>
    <trkpt lat="42.960477" lon="-78.759232"></trkpt>
    <trkpt lat="42.960462" lon="-78.759323"></trkpt>
    <trkpt lat="42.960444" lon="-78.759436"></trkpt>
    <trkpt lat="42.960355" lon="-78.759973"></trkpt>
    <trkpt lat="42.960343" lon="-78.760045"></trkpt>
    <trkpt lat="42.960326" lon="-78.760151"></trkpt>
    <trkpt lat="42.960311" lon="-78.760243"></trkpt>
    <trkpt lat="42.960303" lon="-78.760291"></trkpt>
    <trkpt lat="42.960216" lon="-78.760801"></trkpt>
    <trkpt lat="42.960191" lon="-78.760947"></trkpt>
    <trkpt lat="42.960167" lon="-78.761089"></trkpt>
    <trkpt lat="42.960106" lon="-78.761447"></trkpt>
    <trkpt lat="42.960057" lon="-78.761738"></trkpt>
    <trkpt lat="42.959964" lon="-78.762289"></trkpt>
    <trkpt lat="42.959942" lon="-78.762416"></trkpt>
    <trkpt lat="42.959881" lon="-78.762777"></trkpt>
    <trkpt lat="42.959849" lon="-78.762965"></trkpt>
    <trkpt lat="42.959832" lon="-78.763065"></trkpt>
    <trkpt lat="42.959846" lon="-78.763352"></trkpt>
    <trkpt lat="42.959774" lon="-78.763756"></trkpt>
    <trkpt lat="42.959762" lon="-78.764138"></trkpt>
    <trkpt lat="42.959781" lon="-78.764267"></trkpt>
    <trkpt lat="42.959792" lon="-78.764309"></trkpt>
    <trkpt lat="42.959807" lon="-78.764369"></trkpt>
    <trkpt lat="42.959852" lon="-78.764468"></trkpt>
    <trkpt lat="42.959923" lon="-78.764573"></trkpt>
    <trkpt lat="42.959993" lon="-78.764637"></trkpt>
    <trkpt lat="42.960093" lon="-78.764675"></trkpt>
    <trkpt lat="42.960877" lon="-78.764752"></trkpt>
    <trkpt lat="42.960975" lon="-78.764771"></trkpt>
    <trkpt lat="42.961089" lon="-78.764814"></trkpt>
    <trkpt lat="42.961187" lon="-78.764884"></trkpt>
    <trkpt lat="42.961275" lon="-78.764988"></trkpt>
    <trkpt lat="42.961369" lon="-78.765157"></trkpt>
    <trkpt lat="42.961811" lon="-78.766228"></trkpt>
    <trkpt lat="42.961872" lon="-78.76634"></trkpt>
    <trkpt lat="42.961946" lon="-78.766445"></trkpt>
    <trkpt lat="42.962046" lon="-78.766547"></trkpt>
    <trkpt lat="42.962152" lon="-78.766619"></trkpt>
    <trkpt lat="42.962292" lon="-78.766697"></trkpt>
    <trkpt lat="42.96247" lon="-78.766764"></trkpt>
    <trkpt lat="42.963167" lon="-78.766942"></trkpt>
    <trkpt lat="42.963627" lon="-78.767094"></trkpt>
    <trkpt lat="42.96433" lon="-78.767271"></trkpt>
    <trkpt lat="42.96529" lon="-78.767571"></trkpt>
    <trkpt lat="42.966638" lon="-78.768349"></trkpt>
    <trkpt lat="42.96752" lon="-78.768987"></trkpt>
    <trkpt lat="42.968318" lon="-78.769756"></trkpt>
    <trkpt lat="42.969353" lon="-78.770985"></trkpt>
    <trkpt lat="42.970294" lon="-78.772224"></trkpt>
    <trkpt lat="42.971678" lon="-78.774026"></trkpt>
    <trkpt lat="42.973979" lon="-78.777023"></trkpt>
    <trkpt lat="42.975762" lon="-78.779346"></trkpt>
    <trkpt lat="42.97592" lon="-78.779552"></trkpt>
    <trkpt lat="42.976563" lon="-78.780232"></trkpt>
    <trkpt lat="42.97712" lon="-78.780815"></trkpt>
    <trkpt lat="42.977441" lon="-78.781156"></trkpt>
    <trkpt lat="42.977664" lon="-78.781366"></trkpt>
    <trkpt lat="42.977711" lon="-78.781401"></trkpt>
    <trkpt lat="42.977821" lon="-78.781484"></trkpt>
    <trkpt lat="42.977953" lon="-78.781556"></trkpt>
    <trkpt lat="42.978044" lon="-78.781606"></trkpt>
    <trkpt lat="42.978193" lon="-78.781652"></trkpt>
    <trkpt lat="42.978318" lon="-78.781677"></trkpt>
    <trkpt lat="42.978489" lon="-78.7817"></trkpt>
    <trkpt lat="42.978578" lon="-78.782042"></trkpt>
    <trkpt lat="42.978625" lon="-78.7829"></trkpt>
    <trkpt lat="42.978677" lon="-78.783846"></trkpt>
    <trkpt lat="42.978692" lon="-78.784113"></trkpt>
    <trkpt lat="42.978749" lon="-78.785287"></trkpt>
    <trkpt lat="42.978757" lon="-78.785419"></trkpt>
    <trkpt lat="42.978809" lon="-78.786321"></trkpt>
    <trkpt lat="42.978835" lon="-78.786764"></trkpt>
    <trkpt lat="42.978845" lon="-78.786915"></trkpt>
    <trkpt lat="42.978847" lon="-78.786947"></trkpt>
    <trkpt lat="42.978852" lon="-78.787023"></trkpt>
    <trkpt lat="42.978894" lon="-78.787765"></trkpt>
    <trkpt lat="42.978925" lon="-78.788286"></trkpt>
    <trkpt lat="42.978956" lon="-78.788872"></trkpt>
    <trkpt lat="42.978992" lon="-78.789495"></trkpt>
    <trkpt lat="42.979018" lon="-78.789952"></trkpt>
    <trkpt lat="42.979075" lon="-78.790962"></trkpt>
    <trkpt lat="42.979084" lon="-78.791131"></trkpt>
    <trkpt lat="42.979096" lon="-78.791336"></trkpt>
    <trkpt lat="42.979107" lon="-78.791543"></trkpt>
    <trkpt lat="42.979133" lon="-78.792047"></trkpt>
    <trkpt lat="42.979143" lon="-78.792244"></trkpt>
    <trkpt lat="42.97919" lon="-78.79327"></trkpt>
    <trkpt lat="42.979205" lon="-78.793554"></trkpt>
    <trkpt lat="42.979228" lon="-78.793961"></trkpt>
    <trkpt lat="42.979239" lon="-78.794169"></trkpt>
    <trkpt lat="42.979251" lon="-78.794379"></trkpt>
    <trkpt lat="42.979259" lon="-78.794519"></trkpt>
    <trkpt lat="42.979262" lon="-78.794587"></trkpt>
    <trkpt lat="42.979268" lon="-78.79469"></trkpt>
    <trkpt lat="42.979289" lon="-78.795053"></trkpt>
    <trkpt lat="42.979326" lon="-78.795697"></trkpt>
    <trkpt lat="42.979327" lon="-78.795705"></trkpt>
    <trkpt lat="42.979348" lon="-78.796071"></trkpt>
    <trkpt lat="42.97938" lon="-78.796626"></trkpt>
    <trkpt lat="42.979412" lon="-78.797187"></trkpt>
    <trkpt lat="42.97942" lon="-78.797322"></trkpt>
    <trkpt lat="42.979436" lon="-78.797572"></trkpt>
    <trkpt lat="42.97947" lon="-78.798196"></trkpt>
    <trkpt lat="42.97949" lon="-78.798543"></trkpt>
    <trkpt lat="42.97951" lon="-78.798885"></trkpt>
    <trkpt lat="42.979533" lon="-78.799281"></trkpt>
    <trkpt lat="42.979543" lon="-78.799448"></trkpt>
    <trkpt lat="42.979597" lon="-78.800385"></trkpt>
    <trkpt lat="42.979613" lon="-78.800649"></trkpt>
    <trkpt lat="42.979613" lon="-78.800661"></trkpt>
    <trkpt lat="42.979647" lon="-78.801333"></trkpt>
    <trkpt lat="42.979676" lon="-78.8019"></trkpt>
    <trkpt lat="42.979677" lon="-78.801913"></trkpt>
    <trkpt lat="42.979705" lon="-78.802464"></trkpt>
    <trkpt lat="42.979741" lon="-78.803041"></trkpt>
    <trkpt lat="42.97977" lon="-78.803511"></trkpt>
    <trkpt lat="42.979788" lon="-78.803806"></trkpt>
    <trkpt lat="42.979802" lon="-78.804043"></trkpt>
    <trkpt lat="42.979816" lon="-78.804278"></trkpt>
    <trkpt lat="42.979858" lon="-78.805009"></trkpt>
    <trkpt lat="42.979867" lon="-78.805158"></trkpt>
    <trkpt lat="42.979872" lon="-78.805252"></trkpt>
    <trkpt lat="42.979925" lon="-78.805247"></trkpt>
    <trkpt lat="42.980061" lon="-78.805234"></trkpt>
    <trkpt lat="42.980061" lon="-78.805234"></trkpt>
    <trkpt lat="42.979925" lon="-78.805247"></trkpt>
    <trkpt lat="42.979872" lon="-78.805252"></trkpt>
    <trkpt lat="42.97992" lon="-78.806368"></trkpt>
    <trkpt lat="42.979928" lon="-78.806814"></trkpt>
    <trkpt lat="42.979932" lon="-78.806884"></trkpt>
    <trkpt lat="42.979941" lon="-78.807049"></trkpt>
    <trkpt lat="42.979972" lon="-78.807597"></trkpt>
    <trkpt lat="42.979996" lon="-78.80785"></trkpt>
    <trkpt lat="42.980012" lon="-78.808025"></trkpt>
    <trkpt lat="42.98007" lon="-78.809074"></trkpt>
    <trkpt lat="42.980173" lon="-78.810828"></trkpt>
    <trkpt lat="42.980211" lon="-78.811482"></trkpt>
    <trkpt lat="42.980222" lon="-78.811646"></trkpt>
    <trkpt lat="42.980264" lon="-78.81233"></trkpt>
    <trkpt lat="42.980283" lon="-78.812668"></trkpt>
    <trkpt lat="42.98034" lon="-78.813693"></trkpt>
    <trkpt lat="42.980353" lon="-78.813924"></trkpt>
    <trkpt lat="42.980364" lon="-78.814131"></trkpt>
    <trkpt lat="42.9804" lon="-78.814792"></trkpt>
    <trkpt lat="42.980464" lon="-78.815988"></trkpt>
    <trkpt lat="42.980477" lon="-78.816235"></trkpt>
    <trkpt lat="42.980488" lon="-78.816447"></trkpt>
    <trkpt lat="42.980509" lon="-78.816828"></trkpt>
    <trkpt lat="42.980521" lon="-78.817049"></trkpt>
    <trkpt lat="42.980546" lon="-78.817526"></trkpt>
    <trkpt lat="42.98048" lon="-78.817527"></trkpt>
    <trkpt lat="42.980413" lon="-78.817521"></trkpt>
    <trkpt lat="42.980332" lon="-78.817523"></trkpt>
    <trkpt lat="42.980097" lon="-78.817528"></trkpt>
    <trkpt lat="42.980049" lon="-78.81753"></trkpt>
    <trkpt lat="42.979934" lon="-78.817532"></trkpt>
    <trkpt lat="42.979885" lon="-78.817533"></trkpt>
    <trkpt lat="42.979686" lon="-78.817538"></trkpt>
    <trkpt lat="42.979615" lon="-78.81754"></trkpt>
    <trkpt lat="42.979288" lon="-78.817548"></trkpt>
    <trkpt lat="42.979287" lon="-78.817646"></trkpt>
    <trkpt lat="42.979284" lon="-78.818164"></trkpt>
    <trkpt lat="42.979453" lon="-78.818165"></trkpt>
    <trkpt lat="42.97963" lon="-78.818166"></trkpt>
    <trkpt lat="42.98015" lon="-78.818168"></trkpt>
    <trkpt lat="42.980273" lon="-78.818169"></trkpt>
    <trkpt lat="42.980278" lon="-78.819454"></trkpt>
    <trkpt lat="42.980446" lon="-78.819455"></trkpt>
    <trkpt lat="42.98052" lon="-78.819455"></trkpt>
    <trkpt lat="42.980476" lon="-78.818675"></trkpt>
    <trkpt lat="42.980422" lon="-78.817672"></trkpt>
    <trkpt lat="42.980413" lon="-78.817521"></trkpt>
    <trkpt lat="42.98048" lon="-78.817527"></trkpt>
    <trkpt lat="42.980546" lon="-78.817526"></trkpt>
    <trkpt lat="42.980554" lon="-78.817642"></trkpt>
    <trkpt lat="42.980585" lon="-78.818101"></trkpt>
    <trkpt lat="42.980594" lon="-78.818235"></trkpt>
    <trkpt lat="42.98063" lon="-78.818755"></trkpt>
    <trkpt lat="42.980699" lon="-78.819776"></trkpt>
    <trkpt lat="42.980727" lon="-78.820194"></trkpt>
    <trkpt lat="42.980785" lon="-78.821043"></trkpt>
    <trkpt lat="42.980803" lon="-78.821444"></trkpt>
    <trkpt lat="42.980808" lon="-78.821557"></trkpt>
    <trkpt lat="42.980834" lon="-78.822154"></trkpt>
    <trkpt lat="42.980857" lon="-78.822659"></trkpt>
    <trkpt lat="42.980864" lon="-78.822814"></trkpt>
    <trkpt lat="42.980874" lon="-78.823041"></trkpt>
    <trkpt lat="42.980876" lon="-78.823173"></trkpt>
    <trkpt lat="42.980883" lon="-78.823904"></trkpt>
    <trkpt lat="42.980883" lon="-78.824051"></trkpt>
    <trkpt lat="42.98088" lon="-78.824864"></trkpt>
    <trkpt lat="42.980873" lon="-78.825196"></trkpt>
    <trkpt lat="42.980867" lon="-78.82551"></trkpt>
    <trkpt lat="42.980852" lon="-78.826625"></trkpt>
    <trkpt lat="42.980843" lon="-78.827193"></trkpt>
    <trkpt lat="42.980769" lon="-78.827459"></trkpt>
    <trkpt lat="42.980767" lon="-78.827553"></trkpt>
    <trkpt lat="42.980766" lon="-78.82778"></trkpt>
    <trkpt lat="42.980766" lon="-78.828284"></trkpt>
    <trkpt lat="42.980766" lon="-78.828457"></trkpt>
    <trkpt lat="42.980765" lon="-78.828648"></trkpt>
    <trkpt lat="42.980765" lon="-78.829056"></trkpt>
    <trkpt lat="42.980764" lon="-78.829312"></trkpt>
    <trkpt lat="42.980764" lon="-78.82947"></trkpt>
    <trkpt lat="42.980764" lon="-78.829753"></trkpt>
    <trkpt lat="42.980764" lon="-78.829949"></trkpt>
    <trkpt lat="42.980763" lon="-78.830016"></trkpt>
    <trkpt lat="42.980763" lon="-78.830213"></trkpt>
    <trkpt lat="42.980763" lon="-78.830401"></trkpt>
    <trkpt lat="42.980763" lon="-78.830457"></trkpt>
    <trkpt lat="42.980763" lon="-78.830576"></trkpt>
    <trkpt lat="42.980762" lon="-78.830917"></trkpt>
    <trkpt lat="42.980762" lon="-78.831017"></trkpt>
    <trkpt lat="42.980639" lon="-78.831016"></trkpt>
    <trkpt lat="42.980562" lon="-78.831015"></trkpt>
    <trkpt lat="42.980185" lon="-78.831012"></trkpt>
    <trkpt lat="42.980186" lon="-78.830862"></trkpt>
    <trkpt lat="42.980187" lon="-78.830551"></trkpt>
    <trkpt lat="42.980188" lon="-78.830271"></trkpt>
    <trkpt lat="42.980188" lon="-78.830271"></trkpt>
    <trkpt lat="42.980187" lon="-78.830551"></trkpt>
    <trkpt lat="42.980186" lon="-78.830862"></trkpt>
    <trkpt lat="42.980185" lon="-78.831012"></trkpt>
    <trkpt lat="42.980562" lon="-78.831015"></trkpt>
    <trkpt lat="42.980639" lon="-78.831016"></trkpt>
    <trkpt lat="42.980762" lon="-78.831017"></trkpt>
    <trkpt lat="42.980762" lon="-78.831106"></trkpt>
    <trkpt lat="42.980761" lon="-78.831568"></trkpt>
    <trkpt lat="42.980761" lon="-78.831707"></trkpt>
    <trkpt lat="42.980761" lon="-78.832008"></trkpt>
    <trkpt lat="42.980761" lon="-78.832061"></trkpt>
    <trkpt lat="42.98076" lon="-78.832321"></trkpt>
    <trkpt lat="42.98076" lon="-78.832778"></trkpt>
    <trkpt lat="42.980759" lon="-78.83311"></trkpt>
    <trkpt lat="42.980759" lon="-78.833264"></trkpt>
    <trkpt lat="42.980759" lon="-78.833324"></trkpt>
    <trkpt lat="42.980758" lon="-78.834088"></trkpt>
    <trkpt lat="42.980758" lon="-78.834369"></trkpt>
    <trkpt lat="42.980757" lon="-78.834667"></trkpt>
    <trkpt lat="42.980757" lon="-78.834984"></trkpt>
    <trkpt lat="42.980756" lon="-78.835259"></trkpt>
    <trkpt lat="42.980756" lon="-78.835573"></trkpt>
    <trkpt lat="42.980756" lon="-78.835656"></trkpt>
    <trkpt lat="42.980756" lon="-78.835826"></trkpt>
    <trkpt lat="42.980755" lon="-78.835994"></trkpt>
    <trkpt lat="42.980755" lon="-78.836343"></trkpt>
    <trkpt lat="42.980755" lon="-78.836431"></trkpt>
    <trkpt lat="42.980757" lon="-78.836658"></trkpt>
    <trkpt lat="42.980757" lon="-78.837066"></trkpt>
    <trkpt lat="42.980757" lon="-78.837406"></trkpt>
    <trkpt lat="42.980757" lon="-78.837533"></trkpt>
    <trkpt lat="42.980757" lon="-78.837664"></trkpt>
    <trkpt lat="42.980757" lon="-78.837921"></trkpt>
    <trkpt lat="42.980757" lon="-78.838175"></trkpt>
    <trkpt lat="42.980757" lon="-78.838285"></trkpt>
    <trkpt lat="42.980757" lon="-78.838311"></trkpt>
    <trkpt lat="42.980757" lon="-78.838648"></trkpt>
    <trkpt lat="42.980774" lon="-78.839336"></trkpt>
    <trkpt lat="42.980778" lon="-78.839866"></trkpt>
    <trkpt lat="42.980783" lon="-78.840366"></trkpt>
    <trkpt lat="42.980783" lon="-78.840466"></trkpt>
    <trkpt lat="42.980785" lon="-78.840678"></trkpt>
    <trkpt lat="42.980788" lon="-78.841068"></trkpt>
    <trkpt lat="42.980793" lon="-78.841646"></trkpt>
    <trkpt lat="42.980793" lon="-78.84168"></trkpt>
    <trkpt lat="42.980796" lon="-78.842064"></trkpt>
    <trkpt lat="42.980801" lon="-78.842593"></trkpt>
    <trkpt lat="42.980802" lon="-78.842716"></trkpt>
    <trkpt lat="42.980804" lon="-78.842985"></trkpt>
    <trkpt lat="42.980805" lon="-78.843049"></trkpt>
    <trkpt lat="42.980808" lon="-78.843399"></trkpt>
    <trkpt lat="42.980813" lon="-78.844026"></trkpt>
    <trkpt lat="42.980814" lon="-78.844201"></trkpt>
    <trkpt lat="42.980815" lon="-78.844251"></trkpt>
    <trkpt lat="42.980819" lon="-78.844773"></trkpt>
    <trkpt lat="42.980824" lon="-78.845407"></trkpt>
    <trkpt lat="42.980825" lon="-78.84554"></trkpt>
    <trkpt lat="42.980827" lon="-78.845755"></trkpt>
    <trkpt lat="42.980831" lon="-78.846288"></trkpt>
    <trkpt lat="42.980832" lon="-78.846387"></trkpt>
    <trkpt lat="42.980835" lon="-78.84663"></trkpt>
    <trkpt lat="42.980839" lon="-78.846992"></trkpt>
    <trkpt lat="42.98084" lon="-78.847068"></trkpt>
    <trkpt lat="42.980843" lon="-78.8473"></trkpt>
    <trkpt lat="42.980843" lon="-78.847332"></trkpt>
    <trkpt lat="42.980846" lon="-78.847662"></trkpt>
    <trkpt lat="42.980849" lon="-78.847986"></trkpt>
    <trkpt lat="42.98085" lon="-78.848038"></trkpt>
    <trkpt lat="42.980856" lon="-78.848563"></trkpt>
    <trkpt lat="42.980858" lon="-78.848972"></trkpt>
    <trkpt lat="42.980861" lon="-78.849263"></trkpt>
    <trkpt lat="42.980864" lon="-78.849557"></trkpt>
    <trkpt lat="42.980867" lon="-78.849819"></trkpt>
    <trkpt lat="42.980869" lon="-78.850361"></trkpt>
    <trkpt lat="42.980742" lon="-78.850291"></trkpt>
    <trkpt lat="42.980616" lon="-78.850223"></trkpt>
    <trkpt lat="42.980238" lon="-78.850015"></trkpt>
    <trkpt lat="42.980027" lon="-78.849899"></trkpt>
    <trkpt lat="42.97989" lon="-78.849824"></trkpt>
    <trkpt lat="42.979902" lon="-78.851203"></trkpt>
    <trkpt lat="42.979916" lon="-78.852876"></trkpt>
    <trkpt lat="42.980447" lon="-78.852869"></trkpt>
    <trkpt lat="42.980578" lon="-78.852867"></trkpt>
    <trkpt lat="42.980702" lon="-78.852866"></trkpt>
    <trkpt lat="42.980805" lon="-78.852864"></trkpt>
    <trkpt lat="42.980885" lon="-78.852863"></trkpt>
    <trkpt lat="42.98097" lon="-78.852864"></trkpt>
    <trkpt lat="42.981066" lon="-78.852864"></trkpt>
    <trkpt lat="42.98124" lon="-78.852865"></trkpt>
    <trkpt lat="42.981292" lon="-78.852866"></trkpt>
    <trkpt lat="42.981471" lon="-78.852867"></trkpt>
    <trkpt lat="42.981623" lon="-78.852868"></trkpt>
    <trkpt lat="42.981797" lon="-78.852869"></trkpt>
    <trkpt lat="42.981904" lon="-78.852869"></trkpt>
    <trkpt lat="42.982468" lon="-78.852873"></trkpt>
    <trkpt lat="42.983199" lon="-78.852877"></trkpt>
    <trkpt lat="42.983272" lon="-78.852878"></trkpt>
    <trkpt lat="42.984054" lon="-78.852882"></trkpt>
    <trkpt lat="42.984121" lon="-78.852883"></trkpt>
    <trkpt lat="42.984886" lon="-78.852888"></trkpt>
    <trkpt lat="42.985714" lon="-78.852893"></trkpt>
    <trkpt lat="42.986258" lon="-78.852896"></trkpt>
    <trkpt lat="42.986341" lon="-78.852905"></trkpt>
    <trkpt lat="42.986418" lon="-78.852923"></trkpt>
    <trkpt lat="42.986488" lon="-78.852953"></trkpt>
    <trkpt lat="42.986559" lon="-78.852992"></trkpt>
    <trkpt lat="42.986629" lon="-78.853035"></trkpt>
    <trkpt lat="42.98673" lon="-78.853108"></trkpt>
    <trkpt lat="42.98681" lon="-78.853166"></trkpt>
    <trkpt lat="42.986911" lon="-78.853214"></trkpt>
    <trkpt lat="42.986965" lon="-78.853239"></trkpt>
    <trkpt lat="42.987291" lon="-78.853421"></trkpt>
    <trkpt lat="42.987467" lon="-78.85352"></trkpt>
    <trkpt lat="42.987497" lon="-78.853548"></trkpt>
    <trkpt lat="42.987519" lon="-78.853578"></trkpt>
    <trkpt lat="42.98753" lon="-78.853608"></trkpt>
    <trkpt lat="42.987534" lon="-78.853682"></trkpt>
    <trkpt lat="42.987534" lon="-78.853714"></trkpt>
    <trkpt lat="42.987534" lon="-78.854106"></trkpt>
    <trkpt lat="42.987535" lon="-78.85592"></trkpt>
    <trkpt lat="42.987529" lon="-78.858061"></trkpt>
    <trkpt lat="42.988336" lon="-78.858071"></trkpt>
    <trkpt lat="42.988319" lon="-78.86204"></trkpt>
    <trkpt lat="42.988317" lon="-78.864001"></trkpt>
    <trkpt lat="42.988315" lon="-78.866017"></trkpt>
    <trkpt lat="42.98906" lon="-78.866019"></trkpt>
    <trkpt lat="42.989997" lon="-78.866023"></trkpt>
    <trkpt lat="42.991001" lon="-78.866025"></trkpt>
    <trkpt lat="42.990936" lon="-78.871679"></trkpt>
    <trkpt lat="42.990924" lon="-78.872714"></trkpt>
    <trkpt lat="42.990916" lon="-78.87342"></trkpt>
    <trkpt lat="42.990912" lon="-78.873727"></trkpt>
    <trkpt lat="42.991286" lon="-78.873781"></trkpt>
    <trkpt lat="42.991413" lon="-78.873803"></trkpt>
    <trkpt lat="42.991938" lon="-78.873945"></trkpt>
    <trkpt lat="42.992185" lon="-78.874013"></trkpt>
    <trkpt lat="42.992365" lon="-78.874048"></trkpt>
    <trkpt lat="42.992817" lon="-78.874109"></trkpt>
    <trkpt lat="42.993229" lon="-78.874169"></trkpt>
    <trkpt lat="42.993399" lon="-78.874191"></trkpt>
    <trkpt lat="42.993553" lon="-78.874211"></trkpt>
    <trkpt lat="42.993838" lon="-78.874248"></trkpt>
    <trkpt lat="42.993923" lon="-78.87426"></trkpt>
    <trkpt lat="42.994084" lon="-78.87428"></trkpt>
    <trkpt lat="42.994467" lon="-78.874331"></trkpt>
    <trkpt lat="42.995316" lon="-78.874441"></trkpt>
    <trkpt lat="42.996283" lon="-78.874573"></trkpt>
    <trkpt lat="42.997792" lon="-78.874774"></trkpt>
    <trkpt lat="42.9976" lon="-78.874846"></trkpt>
    <trkpt lat="42.997461" lon="-78.874902"></trkpt>
    <trkpt lat="42.997328" lon="-78.87497"></trkpt>
    <trkpt lat="42.99724" lon="-78.875049"></trkpt>
    <trkpt lat="42.997194" lon="-78.875114"></trkpt>
    <trkpt lat="42.99715" lon="-78.875196"></trkpt>
    <trkpt lat="42.99712" lon="-78.875299"></trkpt>
    <trkpt lat="42.997101" lon="-78.875416"></trkpt>
    <trkpt lat="42.997031" lon="-78.876386"></trkpt>
    <trkpt lat="42.996978" lon="-78.876673"></trkpt>
    <trkpt lat="42.996917" lon="-78.876827"></trkpt>
    <trkpt lat="42.996843" lon="-78.876976"></trkpt>
    <trkpt lat="42.996724" lon="-78.87713"></trkpt>
    <trkpt lat="42.996603" lon="-78.877246"></trkpt>
    <trkpt lat="42.996195" lon="-78.877589"></trkpt>
    <trkpt lat="42.996105" lon="-78.877664"></trkpt>
    <trkpt lat="42.995687" lon="-78.878041"></trkpt>
    <trkpt lat="42.995582" lon="-78.878196"></trkpt>
    <trkpt lat="42.995498" lon="-78.878374"></trkpt>
    <trkpt lat="42.995347" lon="-78.878921"></trkpt>
    <trkpt lat="42.995248" lon="-78.879341"></trkpt>
    <trkpt lat="42.99494" lon="-78.882587"></trkpt>
    <trkpt lat="42.994886" lon="-78.883147"></trkpt>
    <trkpt lat="42.99472" lon="-78.884884"></trkpt>
    <trkpt lat="42.994701" lon="-78.885084"></trkpt>
    <trkpt lat="42.994671" lon="-78.88538"></trkpt>
    <trkpt lat="42.994652" lon="-78.885579"></trkpt>
    <trkpt lat="42.99442" lon="-78.888004"></trkpt>
    <trkpt lat="42.994276" lon="-78.889336"></trkpt>
    <trkpt lat="42.994006" lon="-78.89186"></trkpt>
    <trkpt lat="42.993854" lon="-78.893195"></trkpt>
    <trkpt lat="42.993786" lon="-78.893791"></trkpt>
    <trkpt lat="42.99357" lon="-78.895155"></trkpt>
    <trkpt lat="42.99329" lon="-78.896907"></trkpt>
    <trkpt lat="42.992907" lon="-78.899009"></trkpt>
    <trkpt lat="42.992568" lon="-78.90076"></trkpt>
    <trkpt lat="42.992229" lon="-78.90252"></trkpt>
    <trkpt lat="42.991966" lon="-78.903687"></trkpt>
    <trkpt lat="42.991652" lon="-78.904872"></trkpt>
    <trkpt lat="42.991263" lon="-78.906089"></trkpt>
    <trkpt lat="42.991086" lon="-78.906584"></trkpt>
    <trkpt lat="42.99093" lon="-78.906999"></trkpt>
    <trkpt lat="42.990769" lon="-78.907409"></trkpt>
    <trkpt lat="42.990385" lon="-78.908306"></trkpt>
    <trkpt lat="42.990208" lon="-78.908702"></trkpt>
    <trkpt lat="42.990067" lon="-78.909"></trkpt>
    <trkpt lat="42.989805" lon="-78.909524"></trkpt>
    <trkpt lat="42.989702" lon="-78.909716"></trkpt>
    <trkpt lat="42.989114" lon="-78.910811"></trkpt>
    <trkpt lat="42.988844" lon="-78.911328"></trkpt>
    <trkpt lat="42.988678" lon="-78.911695"></trkpt>
    <trkpt lat="42.988603" lon="-78.911861"></trkpt>
    <trkpt lat="42.988096" lon="-78.913045"></trkpt>
    <trkpt lat="42.987948" lon="-78.913349"></trkpt>
    <trkpt lat="42.98777" lon="-78.913632"></trkpt>
    <trkpt lat="42.987579" lon="-78.913859"></trkpt>
    <trkpt lat="42.987337" lon="-78.914088"></trkpt>
    <trkpt lat="42.987224" lon="-78.914163"></trkpt>
    <trkpt lat="42.986942" lon="-78.91431"></trkpt>
    <trkpt lat="42.986623" lon="-78.914405"></trkpt>
    <trkpt lat="42.986323" lon="-78.914445"></trkpt>
    <trkpt lat="42.986048" lon="-78.914413"></trkpt>
    <trkpt lat="42.985806" lon="-78.914366"></trkpt>
    <trkpt lat="42.985579" lon="-78.91427"></trkpt>
    <trkpt lat="42.98532" lon="-78.914109"></trkpt>
    <trkpt lat="42.985077" lon="-78.913903"></trkpt>
    <trkpt lat="42.984864" lon="-78.913669"></trkpt>
    <trkpt lat="42.984541" lon="-78.913237"></trkpt>
    <trkpt lat="42.984041" lon="-78.912523"></trkpt>
    <trkpt lat="42.983977" lon="-78.912434"></trkpt>
    <trkpt lat="42.983755" lon="-78.912182"></trkpt>
    <trkpt lat="42.983465" lon="-78.9119"></trkpt>
    <trkpt lat="42.982907" lon="-78.911356"></trkpt>
    <trkpt lat="42.982499" lon="-78.911021"></trkpt>
    <trkpt lat="42.982059" lon="-78.910721"></trkpt>
    <trkpt lat="42.981712" lon="-78.910514"></trkpt>
    <trkpt lat="42.981362" lon="-78.910365"></trkpt>
    <trkpt lat="42.980876" lon="-78.910219"></trkpt>
    <trkpt lat="42.980585" lon="-78.910147"></trkpt>
    <trkpt lat="42.980258" lon="-78.910105"></trkpt>
    <trkpt lat="42.979781" lon="-78.910202"></trkpt>
    <trkpt lat="42.979502" lon="-78.910285"></trkpt>
    <trkpt lat="42.979421" lon="-78.910327"></trkpt>
    <trkpt lat="42.979221" lon="-78.910432"></trkpt>
    <trkpt lat="42.979039" lon="-78.910578"></trkpt>
    <trkpt lat="42.97888" lon="-78.910746"></trkpt>
    <trkpt lat="42.978799" lon="-78.910893"></trkpt>
    <trkpt lat="42.978725" lon="-78.911142"></trkpt>
    <trkpt lat="42.97869" lon="-78.911518"></trkpt>
    <trkpt lat="42.979196" lon="-78.911532"></trkpt>
    <trkpt lat="42.979766" lon="-78.911548"></trkpt>
    <trkpt lat="42.979934" lon="-78.911553"></trkpt>
    <trkpt lat="42.97996" lon="-78.911554"></trkpt>
    <trkpt lat="42.980533" lon="-78.91157"></trkpt>
    <trkpt lat="42.980769" lon="-78.911562"></trkpt>
    <trkpt lat="42.980849" lon="-78.911537"></trkpt>
    <trkpt lat="42.980944" lon="-78.91148"></trkpt>
    <trkpt lat="42.980871" lon="-78.911302"></trkpt>
    <trkpt lat="42.98081" lon="-78.911154"></trkpt>
    <trkpt lat="42.980748" lon="-78.910988"></trkpt>
    <trkpt lat="42.980702" lon="-78.910848"></trkpt>
    <trkpt lat="42.980658" lon="-78.910693"></trkpt>
    <trkpt lat="42.980622" lon="-78.910551"></trkpt>
    <trkpt lat="42.980607" lon="-78.910478"></trkpt>
    <trkpt lat="42.980589" lon="-78.910386"></trkpt>
    <trkpt lat="42.980567" lon="-78.910256"></trkpt>
    <trkpt lat="42.980556" lon="-78.910149"></trkpt>
    <trkpt lat="42.980548" lon="-78.910036"></trkpt>
    <trkpt lat="42.980545" lon="-78.909399"></trkpt>
    <trkpt lat="42.980547" lon="-78.909255"></trkpt>
    <trkpt lat="42.980553" lon="-78.90877"></trkpt>
    <trkpt lat="42.980555" lon="-78.908582"></trkpt>
    <trkpt lat="42.980556" lon="-78.908443"></trkpt>
    <trkpt lat="42.98056" lon="-78.908037"></trkpt>
    <trkpt lat="42.980562" lon="-78.907697"></trkpt>
    <trkpt lat="42.980564" lon="-78.907478"></trkpt>
    <trkpt lat="42.980562" lon="-78.907334"></trkpt>
    <trkpt lat="42.980562" lon="-78.90722"></trkpt>
    <trkpt lat="42.980574" lon="-78.906233"></trkpt>
    <trkpt lat="42.980581" lon="-78.905726"></trkpt>
    <trkpt lat="42.980588" lon="-78.905141"></trkpt>
    <trkpt lat="42.980595" lon="-78.90466"></trkpt>
    <trkpt lat="42.980597" lon="-78.904533"></trkpt>
    <trkpt lat="42.980608" lon="-78.903921"></trkpt>
    <trkpt lat="42.980627" lon="-78.902851"></trkpt>
    <trkpt lat="42.980639" lon="-78.902213"></trkpt>
    <trkpt lat="42.980647" lon="-78.901866"></trkpt>
    <trkpt lat="42.980659" lon="-78.901046"></trkpt>
    <trkpt lat="42.980659" lon="-78.900833"></trkpt>
    <trkpt lat="42.98066" lon="-78.899907"></trkpt>
    <trkpt lat="42.980669" lon="-78.899302"></trkpt>
    <trkpt lat="42.980688" lon="-78.89792"></trkpt>
    <trkpt lat="42.980705" lon="-78.896612"></trkpt>
    <trkpt lat="42.980709" lon="-78.896372"></trkpt>
    <trkpt lat="42.980715" lon="-78.895839"></trkpt>
    <trkpt lat="42.980717" lon="-78.895588"></trkpt>
    <trkpt lat="42.980721" lon="-78.895417"></trkpt>
    <trkpt lat="42.980722" lon="-78.895211"></trkpt>
    <trkpt lat="42.980726" lon="-78.894911"></trkpt>
    <trkpt lat="42.980729" lon="-78.894717"></trkpt>
    <trkpt lat="42.98073" lon="-78.894615"></trkpt>
    <trkpt lat="42.980731" lon="-78.894548"></trkpt>
    <trkpt lat="42.980732" lon="-78.894425"></trkpt>
    <trkpt lat="42.980739" lon="-78.8939"></trkpt>
    <trkpt lat="42.980742" lon="-78.893628"></trkpt>
    <trkpt lat="42.980743" lon="-78.893547"></trkpt>
    <trkpt lat="42.980745" lon="-78.893401"></trkpt>
    <trkpt lat="42.980745" lon="-78.893383"></trkpt>
    <trkpt lat="42.980747" lon="-78.893242"></trkpt>
    <trkpt lat="42.980747" lon="-78.893185"></trkpt>
    <trkpt lat="42.980749" lon="-78.893012"></trkpt>
    <trkpt lat="42.980753" lon="-78.892687"></trkpt>
    <trkpt lat="42.980755" lon="-78.892508"></trkpt>
    <trkpt lat="42.980759" lon="-78.892256"></trkpt>
    <trkpt lat="42.98077" lon="-78.891356"></trkpt>
    <trkpt lat="42.980772" lon="-78.891182"></trkpt>
    <trkpt lat="42.980773" lon="-78.891077"></trkpt>
    <trkpt lat="42.980774" lon="-78.891005"></trkpt>
    <trkpt lat="42.980777" lon="-78.890733"></trkpt>
    <trkpt lat="42.980781" lon="-78.890336"></trkpt>
    <trkpt lat="42.980783" lon="-78.890211"></trkpt>
    <trkpt lat="42.980797" lon="-78.888994"></trkpt>
    <trkpt lat="42.98081" lon="-78.88791"></trkpt>
    <trkpt lat="42.980772" lon="-78.887181"></trkpt>
    <trkpt lat="42.980781" lon="-78.886885"></trkpt>
    <trkpt lat="42.980801" lon="-78.88615"></trkpt>
    <trkpt lat="42.980804" lon="-78.886012"></trkpt>
    <trkpt lat="42.980807" lon="-78.885851"></trkpt>
    <trkpt lat="42.980816" lon="-78.885638"></trkpt>
    <trkpt lat="42.980821" lon="-78.885414"></trkpt>
    <trkpt lat="42.980899" lon="-78.885401"></trkpt>
    <trkpt lat="42.980978" lon="-78.885387"></trkpt>
    <trkpt lat="42.981066" lon="-78.885374"></trkpt>
    <trkpt lat="42.981243" lon="-78.885342"></trkpt>
    <trkpt lat="42.981276" lon="-78.885337"></trkpt>
    <trkpt lat="42.981373" lon="-78.885322"></trkpt>
    <trkpt lat="42.981382" lon="-78.88532"></trkpt>
    <trkpt lat="42.981426" lon="-78.885313"></trkpt>
    <trkpt lat="42.981593" lon="-78.885283"></trkpt>
    <trkpt lat="42.98162" lon="-78.885278"></trkpt>
    <trkpt lat="42.981728" lon="-78.88526"></trkpt>
    <trkpt lat="42.982029" lon="-78.885207"></trkpt>
    <trkpt lat="42.982068" lon="-78.885201"></trkpt>
    <trkpt lat="42.982557" lon="-78.885111"></trkpt>
    <trkpt lat="42.982936" lon="-78.885047"></trkpt>
    <trkpt lat="42.983395" lon="-78.884966"></trkpt>
    <trkpt lat="42.983795" lon="-78.884892"></trkpt>
    <trkpt lat="42.984239" lon="-78.884812"></trkpt>
    <trkpt lat="42.985391" lon="-78.884606"></trkpt>
    <trkpt lat="42.985574" lon="-78.884575"></trkpt>
    <trkpt lat="42.985657" lon="-78.884561"></trkpt>
    <trkpt lat="42.986103" lon="-78.884479"></trkpt>
    <trkpt lat="42.986264" lon="-78.88445"></trkpt>
    <trkpt lat="42.98636" lon="-78.884432"></trkpt>
    <trkpt lat="42.986534" lon="-78.884403"></trkpt>
    <trkpt lat="42.98687" lon="-78.884341"></trkpt>
    <trkpt lat="42.986966" lon="-78.884323"></trkpt>
    <trkpt lat="42.987165" lon="-78.884287"></trkpt>
    <trkpt lat="42.987872" lon="-78.884161"></trkpt>
    <trkpt lat="42.987926" lon="-78.884151"></trkpt>
    <trkpt lat="42.988129" lon="-78.884112"></trkpt>
    <trkpt lat="42.988206" lon="-78.884097"></trkpt>
    <trkpt lat="42.98841" lon="-78.884062"></trkpt>
    <trkpt lat="42.988795" lon="-78.883995"></trkpt>
    <trkpt lat="42.989009" lon="-78.883954"></trkpt>
    <trkpt lat="42.990174" lon="-78.883733"></trkpt>
    <trkpt lat="42.990702" lon="-78.883632"></trkpt>
    <trkpt lat="42.990869" lon="-78.883601"></trkpt>
    <trkpt lat="42.991555" lon="-78.883481"></trkpt>
    <trkpt lat="42.992463" lon="-78.883313"></trkpt>
    <trkpt lat="42.992545" lon="-78.883298"></trkpt>
    <trkpt lat="42.993157" lon="-78.883186"></trkpt>
    <trkpt lat="42.99351" lon="-78.883122"></trkpt>
    <trkpt lat="42.993846" lon="-78.883061"></trkpt>
    <trkpt lat="42.994277" lon="-78.882977"></trkpt>
    <trkpt lat="42.994331" lon="-78.882966"></trkpt>
    <trkpt lat="42.994805" lon="-78.882873"></trkpt>
    <trkpt lat="42.995464" lon="-78.882756"></trkpt>
    <trkpt lat="42.995769" lon="-78.882702"></trkpt>
    <trkpt lat="42.995867" lon="-78.882685"></trkpt>
    <trkpt lat="42.996567" lon="-78.88256"></trkpt>
    <trkpt lat="42.996982" lon="-78.882513"></trkpt>
    <trkpt lat="42.997047" lon="-78.882504"></trkpt>
    <trkpt lat="42.9981" lon="-78.882326"></trkpt>
    <trkpt lat="42.998134" lon="-78.88232"></trkpt>
    <trkpt lat="42.998761" lon="-78.882207"></trkpt>
    <trkpt lat="42.998828" lon="-78.882195"></trkpt>
    <trkpt lat="42.998955" lon="-78.882172"></trkpt>
    <trkpt lat="42.999434" lon="-78.882086"></trkpt>
    <trkpt lat="42.999781" lon="-78.882023"></trkpt>
    <trkpt lat="42.999994" lon="-78.881983"></trkpt>
    <trkpt lat="43.000167" lon="-78.881952"></trkpt>
    <trkpt lat="43.000385" lon="-78.881912"></trkpt>
    <trkpt lat="43.000445" lon="-78.8819"></trkpt>
    <trkpt lat="43.000618" lon="-78.881866"></trkpt>
    <trkpt lat="43.000602" lon="-78.881703"></trkpt>
    <trkpt lat="43.000591" lon="-78.88159"></trkpt>
    <trkpt lat="43.000535" lon="-78.881009"></trkpt>
    <trkpt lat="43.000527" lon="-78.880927"></trkpt>
    <trkpt lat="43.000089" lon="-78.880757"></trkpt>
    <trkpt lat="43.000104" lon="-78.880665"></trkpt>
    <trkpt lat="43.000099" lon="-78.88052"></trkpt>
    <trkpt lat="43.000088" lon="-78.88041"></trkpt>
    <trkpt lat="43.000067" lon="-78.880299"></trkpt>
    <trkpt lat="43.000032" lon="-78.880194"></trkpt>
    <trkpt lat="42.999985" lon="-78.880099"></trkpt>
    <trkpt lat="42.999926" lon="-78.880017"></trkpt>
    <trkpt lat="42.999662" lon="-78.879781"></trkpt>
    <trkpt lat="42.999377" lon="-78.879529"></trkpt>
    <trkpt lat="42.999319" lon="-78.879468"></trkpt>
    <trkpt lat="42.999248" lon="-78.879349"></trkpt>
    <trkpt lat="42.999197" lon="-78.879218"></trkpt>
    <trkpt lat="42.999149" lon="-78.87903"></trkpt>
    <trkpt lat="42.999126" lon="-78.878884"></trkpt>
    <trkpt lat="42.999114" lon="-78.878736"></trkpt>
    <trkpt lat="42.999015" lon="-78.878751"></trkpt>
    <trkpt lat="42.998917" lon="-78.878779"></trkpt>
    <trkpt lat="42.998791" lon="-78.878838"></trkpt>
    <trkpt lat="42.998701" lon="-78.878896"></trkpt>
    <trkpt lat="42.998619" lon="-78.878973"></trkpt>
    <trkpt lat="42.998547" lon="-78.879069"></trkpt>
    <trkpt lat="42.998489" lon="-78.87918"></trkpt>
    <trkpt lat="42.998446" lon="-78.879303"></trkpt>
    <trkpt lat="42.998434" lon="-78.87936"></trkpt>
    <trkpt lat="42.998419" lon="-78.879434"></trkpt>
    <trkpt lat="42.998409" lon="-78.87957"></trkpt>
    <trkpt lat="42.998417" lon="-78.879706"></trkpt>
    <trkpt lat="42.998442" lon="-78.879838"></trkpt>
    <trkpt lat="42.998473" lon="-78.879938"></trkpt>
    <trkpt lat="42.998527" lon="-78.880054"></trkpt>
    <trkpt lat="42.998594" lon="-78.880155"></trkpt>
    <trkpt lat="42.998656" lon="-78.880223"></trkpt>
    <trkpt lat="42.998742" lon="-78.880297"></trkpt>
    <trkpt lat="42.999323" lon="-78.880792"></trkpt>
    <trkpt lat="42.999391" lon="-78.880829"></trkpt>
    <trkpt lat="42.999433" lon="-78.880843"></trkpt>
    <trkpt lat="42.999493" lon="-78.880858"></trkpt>
    <trkpt lat="42.999534" lon="-78.880858"></trkpt>
    <trkpt lat="43.000062" lon="-78.880747"></trkpt>
    <trkpt lat="43.000089" lon="-78.880757"></trkpt>
    <trkpt lat="43.000527" lon="-78.880927"></trkpt>
    <trkpt lat="43.000535" lon="-78.881009"></trkpt>
    <trkpt lat="43.000591" lon="-78.88159"></trkpt>
    <trkpt lat="43.000602" lon="-78.881703"></trkpt>
    <trkpt lat="43.000618" lon="-78.881866"></trkpt>
    <trkpt lat="43.000671" lon="-78.881855"></trkpt>
    <trkpt lat="43.001274" lon="-78.881732"></trkpt>
    <trkpt lat="43.001308" lon="-78.881724"></trkpt>
    <trkpt lat="43.001517" lon="-78.881675"></trkpt>
    <trkpt lat="43.001722" lon="-78.881626"></trkpt>
    <trkpt lat="43.001893" lon="-78.881596"></trkpt>
    <trkpt lat="43.002107" lon="-78.881558"></trkpt>
    <trkpt lat="43.002433" lon="-78.881501"></trkpt>
    <trkpt lat="43.00295" lon="-78.881411"></trkpt>
    <trkpt lat="43.003046" lon="-78.88139"></trkpt>
    <trkpt lat="43.003283" lon="-78.881342"></trkpt>
    <trkpt lat="43.003362" lon="-78.881326"></trkpt>
    <trkpt lat="43.003561" lon="-78.88129"></trkpt>
    <trkpt lat="43.003751" lon="-78.881251"></trkpt>
    <trkpt lat="43.004005" lon="-78.881204"></trkpt>
    <trkpt lat="43.004059" lon="-78.881193"></trkpt>
    <trkpt lat="43.004316" lon="-78.881143"></trkpt>
    <trkpt lat="43.006098" lon="-78.880804"></trkpt>
    <trkpt lat="43.006497" lon="-78.880731"></trkpt>
    <trkpt lat="43.00698" lon="-78.880639"></trkpt>
    <trkpt lat="43.007022" lon="-78.880631"></trkpt>
    <trkpt lat="43.007272" lon="-78.880583"></trkpt>
    <trkpt lat="43.009094" lon="-78.880253"></trkpt>
    <trkpt lat="43.009603" lon="-78.88016"></trkpt>
    <trkpt lat="43.00984" lon="-78.880117"></trkpt>
    <trkpt lat="43.010259" lon="-78.880041"></trkpt>
    <trkpt lat="43.010747" lon="-78.879953"></trkpt>
    <trkpt lat="43.011306" lon="-78.879852"></trkpt>
    <trkpt lat="43.011387" lon="-78.879835"></trkpt>
    <trkpt lat="43.011602" lon="-78.879796"></trkpt>
    <trkpt lat="43.012503" lon="-78.879633"></trkpt>
    <trkpt lat="43.012595" lon="-78.879616"></trkpt>
    <trkpt lat="43.012679" lon="-78.879601"></trkpt>
    <trkpt lat="43.013655" lon="-78.879427"></trkpt>
    <trkpt lat="43.013831" lon="-78.879396"></trkpt>
    <trkpt lat="43.014564" lon="-78.87926"></trkpt>
    <trkpt lat="43.014602" lon="-78.879253"></trkpt>
    <trkpt lat="43.015483" lon="-78.879091"></trkpt>
    <trkpt lat="43.01568" lon="-78.879056"></trkpt>
    <trkpt lat="43.015709" lon="-78.87905"></trkpt>
    <trkpt lat="43.016152" lon="-78.878965"></trkpt>
    <trkpt lat="43.016225" lon="-78.878951"></trkpt>
    <trkpt lat="43.016516" lon="-78.879074"></trkpt>
    <trkpt lat="43.016589" lon="-78.879105"></trkpt>
    <trkpt lat="43.016665" lon="-78.879136"></trkpt>
    <trkpt lat="43.017457" lon="-78.879456"></trkpt>
    <trkpt lat="43.017542" lon="-78.879491"></trkpt>
    <trkpt lat="43.018292" lon="-78.879801"></trkpt>
    <trkpt lat="43.018371" lon="-78.879834"></trkpt>
    <trkpt lat="43.018463" lon="-78.879871"></trkpt>
    <trkpt lat="43.018942" lon="-78.880062"></trkpt>
    <trkpt lat="43.019112" lon="-78.880129"></trkpt>
    <trkpt lat="43.019219" lon="-78.880172"></trkpt>
    <trkpt lat="43.019278" lon="-78.880195"></trkpt>
    <trkpt lat="43.019368" lon="-78.880234"></trkpt>
    <trkpt lat="43.019633" lon="-78.880346"></trkpt>
    <trkpt lat="43.019675" lon="-78.880364"></trkpt>
    <trkpt lat="43.019906" lon="-78.880462"></trkpt>
    <trkpt lat="43.019989" lon="-78.880494"></trkpt>
    <trkpt lat="43.020037" lon="-78.880509"></trkpt>
    <trkpt lat="43.020081" lon="-78.880511"></trkpt>
    <trkpt lat="43.020195" lon="-78.880503"></trkpt>
    <trkpt lat="43.020294" lon="-78.880483"></trkpt>
    <trkpt lat="43.02034" lon="-78.880474"></trkpt>
    <trkpt lat="43.020447" lon="-78.880442"></trkpt>
    <trkpt lat="43.020502" lon="-78.880421"></trkpt>
    <trkpt lat="43.020557" lon="-78.880401"></trkpt>
    <trkpt lat="43.020665" lon="-78.88037"></trkpt>
    <trkpt lat="43.021274" lon="-78.880178"></trkpt>
    <trkpt lat="43.021796" lon="-78.880008"></trkpt>
    <trkpt lat="43.022483" lon="-78.879786"></trkpt>
    <trkpt lat="43.022902" lon="-78.879659"></trkpt>
    <trkpt lat="43.023223" lon="-78.879585"></trkpt>
    <trkpt lat="43.023553" lon="-78.879531"></trkpt>
    <trkpt lat="43.023997" lon="-78.879502"></trkpt>
    <trkpt lat="43.024286" lon="-78.8795"></trkpt>
    <trkpt lat="43.024367" lon="-78.879504"></trkpt>
    <trkpt lat="43.024416" lon="-78.879507"></trkpt>
    <trkpt lat="43.024578" lon="-78.879516"></trkpt>
    <trkpt lat="43.024628" lon="-78.879519"></trkpt>
    <trkpt lat="43.024806" lon="-78.879541"></trkpt>
    <trkpt lat="43.024912" lon="-78.879553"></trkpt>
    <trkpt lat="43.025134" lon="-78.879586"></trkpt>
    <trkpt lat="43.025338" lon="-78.879616"></trkpt>
    <trkpt lat="43.025373" lon="-78.879621"></trkpt>
    <trkpt lat="43.025823" lon="-78.87968"></trkpt>
    <trkpt lat="43.026104" lon="-78.879718"></trkpt>
    <trkpt lat="43.026521" lon="-78.879773"></trkpt>
    <trkpt lat="43.027123" lon="-78.879853"></trkpt>
    <trkpt lat="43.02759" lon="-78.879916"></trkpt>
    <trkpt lat="43.027881" lon="-78.879954"></trkpt>
    <trkpt lat="43.02795" lon="-78.879964"></trkpt>
    <trkpt lat="43.027922" lon="-78.880132"></trkpt>
    <trkpt lat="43.027903" lon="-78.880506"></trkpt>
    <trkpt lat="43.027884" lon="-78.882464"></trkpt>
    <trkpt lat="43.027881" lon="-78.882704"></trkpt>
    <trkpt lat="43.02787" lon="-78.882941"></trkpt>
    <trkpt lat="43.027852" lon="-78.883194"></trkpt>
    <trkpt lat="43.027839" lon="-78.883352"></trkpt>
    <trkpt lat="43.027817" lon="-78.883577"></trkpt>
    <trkpt lat="43.027791" lon="-78.883792"></trkpt>
    <trkpt lat="43.027756" lon="-78.884086"></trkpt>
    <trkpt lat="43.027718" lon="-78.884397"></trkpt>
    <trkpt lat="43.029087" lon="-78.884702"></trkpt>
    <trkpt lat="43.030169" lon="-78.884943"></trkpt>
    <trkpt lat="43.030353" lon="-78.884984"></trkpt>
    <trkpt lat="43.030437" lon="-78.885049"></trkpt>
    <trkpt lat="43.030507" lon="-78.885105"></trkpt>
    <trkpt lat="43.030671" lon="-78.885284"></trkpt>
    <trkpt lat="43.031452" lon="-78.886367"></trkpt>
    <trkpt lat="43.031788" lon="-78.885921"></trkpt>
    <trkpt lat="43.031939" lon="-78.885716"></trkpt>
    <trkpt lat="43.032137" lon="-78.885462"></trkpt>
    <trkpt lat="43.032197" lon="-78.885391"></trkpt>
    <trkpt lat="43.032077" lon="-78.885195"></trkpt>
    <trkpt lat="43.031836" lon="-78.884808"></trkpt>
    <trkpt lat="43.031802" lon="-78.884754"></trkpt>
    <trkpt lat="43.03108" lon="-78.883578"></trkpt>
    <trkpt lat="43.030901" lon="-78.883895"></trkpt>
    <trkpt lat="43.030747" lon="-78.884113"></trkpt>
    <trkpt lat="43.030692" lon="-78.884306"></trkpt>
    <trkpt lat="43.030641" lon="-78.884485"></trkpt>
    <trkpt lat="43.030599" lon="-78.88472"></trkpt>
    <trkpt lat="43.031108" lon="-78.885298"></trkpt>
    <trkpt lat="43.031253" lon="-78.885123"></trkpt>
    <trkpt lat="43.030692" lon="-78.884306"></trkpt>
    <trkpt lat="43.030747" lon="-78.884113"></trkpt>
    <trkpt lat="43.030901" lon="-78.883895"></trkpt>
    <trkpt lat="43.03108" lon="-78.883578"></trkpt>
    <trkpt lat="43.031802" lon="-78.884754"></trkpt>
    <trkpt lat="43.032077" lon="-78.885195"></trkpt>
    <trkpt lat="43.032197" lon="-78.885391"></trkpt>
    <trkpt lat="43.032137" lon="-78.885462"></trkpt>
    <trkpt lat="43.031939" lon="-78.885716"></trkpt>
    <trkpt lat="43.031788" lon="-78.885921"></trkpt>
    <trkpt lat="43.031452" lon="-78.886367"></trkpt>
    <trkpt lat="43.030671" lon="-78.885284"></trkpt>
    <trkpt lat="43.030507" lon="-78.885105"></trkpt>
    <trkpt lat="43.030437" lon="-78.885049"></trkpt>
    <trkpt lat="43.030353" lon="-78.884984"></trkpt>
    <trkpt lat="43.030169" lon="-78.884943"></trkpt>
    <trkpt lat="43.029087" lon="-78.884702"></trkpt>
    <trkpt lat="43.027718" lon="-78.884397"></trkpt>
    <trkpt lat="43.027756" lon="-78.884086"></trkpt>
    <trkpt lat="43.027791" lon="-78.883792"></trkpt>
    <trkpt lat="43.027817" lon="-78.883577"></trkpt>
    <trkpt lat="43.027839" lon="-78.883352"></trkpt>
    <trkpt lat="43.027852" lon="-78.883194"></trkpt>
    <trkpt lat="43.02787" lon="-78.882941"></trkpt>
    <trkpt lat="43.027881" lon="-78.882704"></trkpt>
    <trkpt lat="43.027884" lon="-78.882464"></trkpt>
    <trkpt lat="43.027903" lon="-78.880506"></trkpt>
    <trkpt lat="43.027922" lon="-78.880132"></trkpt>
    <trkpt lat="43.02795" lon="-78.879964"></trkpt>
    <trkpt lat="43.028202" lon="-78.879995"></trkpt>
    <trkpt lat="43.028521" lon="-78.880036"></trkpt>
    <trkpt lat="43.029231" lon="-78.88013"></trkpt>
    <trkpt lat="43.029602" lon="-78.880217"></trkpt>
    <trkpt lat="43.02973" lon="-78.880266"></trkpt>
    <trkpt lat="43.029865" lon="-78.880317"></trkpt>
    <trkpt lat="43.029888" lon="-78.880327"></trkpt>
    <trkpt lat="43.02998" lon="-78.880366"></trkpt>
    <trkpt lat="43.030079" lon="-78.880409"></trkpt>
    <trkpt lat="43.030284" lon="-78.88052"></trkpt>
    <trkpt lat="43.030586" lon="-78.880724"></trkpt>
    <trkpt lat="43.031437" lon="-78.881373"></trkpt>
    <trkpt lat="43.031683" lon="-78.881565"></trkpt>
    <trkpt lat="43.032275" lon="-78.882038"></trkpt>
    <trkpt lat="43.033076" lon="-78.882753"></trkpt>
    <trkpt lat="43.033654" lon="-78.883276"></trkpt>
    <trkpt lat="43.03407" lon="-78.883651"></trkpt>
    <trkpt lat="43.034205" lon="-78.883765"></trkpt>
    <trkpt lat="43.034405" lon="-78.883921"></trkpt>
    <trkpt lat="43.03463" lon="-78.884078"></trkpt>
    <trkpt lat="43.03474" lon="-78.883559"></trkpt>
    <trkpt lat="43.034837" lon="-78.883092"></trkpt>
    <trkpt lat="43.035025" lon="-78.882171"></trkpt>
    <trkpt lat="43.035043" lon="-78.882082"></trkpt>
    <trkpt lat="43.035082" lon="-78.881887"></trkpt>
    <trkpt lat="43.035236" lon="-78.881127"></trkpt>
    <trkpt lat="43.035407" lon="-78.880288"></trkpt>
    <trkpt lat="43.035518" lon="-78.879757"></trkpt>
    <trkpt lat="43.035582" lon="-78.8795"></trkpt>
    <trkpt lat="43.035945" lon="-78.877639"></trkpt>
    <trkpt lat="43.036061" lon="-78.877112"></trkpt>
    <trkpt lat="43.036196" lon="-78.876274"></trkpt>
    <trkpt lat="43.036989" lon="-78.872462"></trkpt>
    <trkpt lat="43.037135" lon="-78.871782"></trkpt>
    <trkpt lat="43.037279" lon="-78.871108"></trkpt>
    <trkpt lat="43.037781" lon="-78.868659"></trkpt>
    <trkpt lat="43.038018" lon="-78.867546"></trkpt>
    <trkpt lat="43.038183" lon="-78.866719"></trkpt>
    <trkpt lat="43.03826" lon="-78.866348"></trkpt>
    <trkpt lat="43.038362" lon="-78.865884"></trkpt>
    <trkpt lat="43.038487" lon="-78.86526"></trkpt>
    <trkpt lat="43.038512" lon="-78.865137"></trkpt>
    <trkpt lat="43.038541" lon="-78.864988"></trkpt>
    <trkpt lat="43.038618" lon="-78.864603"></trkpt>
    <trkpt lat="43.038652" lon="-78.864434"></trkpt>
    <trkpt lat="43.038672" lon="-78.864338"></trkpt>
    <trkpt lat="43.038686" lon="-78.864265"></trkpt>
    <trkpt lat="43.038693" lon="-78.864231"></trkpt>
    <trkpt lat="43.038717" lon="-78.864114"></trkpt>
    <trkpt lat="43.03874" lon="-78.863997"></trkpt>
    <trkpt lat="43.038767" lon="-78.863871"></trkpt>
    <trkpt lat="43.038783" lon="-78.863824"></trkpt>
    <trkpt lat="43.038827" lon="-78.863729"></trkpt>
    <trkpt lat="43.038938" lon="-78.863565"></trkpt>
    <trkpt lat="43.03896" lon="-78.863534"></trkpt>
    <trkpt lat="43.039058" lon="-78.863397"></trkpt>
    <trkpt lat="43.039151" lon="-78.86327"></trkpt>
    <trkpt lat="43.039295" lon="-78.863082"></trkpt>
    <trkpt lat="43.03946" lon="-78.862867"></trkpt>
    <trkpt lat="43.039681" lon="-78.862576"></trkpt>
    <trkpt lat="43.039987" lon="-78.862168"></trkpt>
    <trkpt lat="43.040543" lon="-78.86141"></trkpt>
    <trkpt lat="43.041202" lon="-78.860532"></trkpt>
    <trkpt lat="43.041354" lon="-78.860328"></trkpt>
    <trkpt lat="43.041473" lon="-78.86017"></trkpt>
    <trkpt lat="43.041534" lon="-78.860088"></trkpt>
    <trkpt lat="43.04168" lon="-78.859893"></trkpt>
    <trkpt lat="43.041796" lon="-78.859739"></trkpt>
    <trkpt lat="43.041976" lon="-78.859499"></trkpt>
    <trkpt lat="43.042449" lon="-78.858862"></trkpt>
    <trkpt lat="43.042569" lon="-78.858699"></trkpt>
    <trkpt lat="43.042878" lon="-78.858291"></trkpt>
    <trkpt lat="43.043289" lon="-78.857748"></trkpt>
    <trkpt lat="43.044686" lon="-78.855884"></trkpt>
    <trkpt lat="43.045064" lon="-78.855368"></trkpt>
    <trkpt lat="43.045177" lon="-78.855214"></trkpt>
    <trkpt lat="43.045503" lon="-78.854798"></trkpt>
    <trkpt lat="43.045842" lon="-78.854346"></trkpt>
    <trkpt lat="43.046201" lon="-78.853867"></trkpt>
    <trkpt lat="43.046862" lon="-78.853009"></trkpt>
    <trkpt lat="43.047304" lon="-78.852435"></trkpt>
    <trkpt lat="43.047353" lon="-78.852368"></trkpt>
  </trkseg></trk>
</gpx>
